ssbid;SSB_sentrum2019_intersect;SSB_sentrum2019_centroid;SSB_sentrum2024_intersect;SSB_sentrum2024_centroid;Hovedsentrum2019_intersect;Hovedsentrum2019_centroid;Hovedsentrum2024_intersect;Hovedsentrum2024_centroid;Kommune;Antall innbyggere;Ã…r
21937506568000;1.0;;1.0;;1.0;;1.0;;Porsgrunn;26;2001-01-01
21937506567750;1.0;1.0;1.0;1.0;1.0;1.0;1.0;1.0;Porsgrunn;18;2001-01-01
21937506567500;1.0;;1.0;;1.0;;1.0;;Porsgrunn;6;2001-01-01
21942506567500;1.0;;1.0;;1.0;;1.0;;Porsgrunn;6;2001-01-01
21942506567750;1.0;1.0;1.0;1.0;1.0;1.0;1.0;1.0;Porsgrunn;41;2001-01-01
21942506568250;1.0;;1.0;;1.0;;1.0;;Porsgrunn;165;2001-01-01
21942506568000;1.0;;1.0;;1.0;;1.0;;Porsgrunn;177;2001-01-01
21940006567750;1.0;;1.0;;1.0;;1.0;;Porsgrunn;193;2001-01-01
21940006567500;1.0;;1.0;;1.0;;1.0;;Porsgrunn;21;2001-01-01
21940006567250;1.0;;;;1.0;;;;Porsgrunn;13;2001-01-01
21925006575750;1.0;;1.0;;1.0;;1.0;;Skien;85;2001-01-01
21925006575500;1.0;;1.0;;1.0;;1.0;;Skien;156;2001-01-01
21925006575250;1.0;;1.0;;1.0;;1.0;;Skien;209;2001-01-01
21932506570750;1.0;;;;;;;;Skien;12;2001-01-01
21932506570500;1.0;;;;;;;;Skien;8;2001-01-01
21935006568000;1.0;1.0;1.0;1.0;1.0;1.0;1.0;1.0;Porsgrunn;35;2001-01-01
21935006567500;1.0;1.0;1.0;1.0;1.0;1.0;1.0;1.0;Porsgrunn;47;2001-01-01
21932506567500;1.0;;1.0;;1.0;;1.0;;Porsgrunn;25;2001-01-01
21945006568250;1.0;;1.0;;1.0;;1.0;;Porsgrunn;284;2001-01-01
21945006568000;1.0;;1.0;;1.0;;1.0;;Porsgrunn;68;2001-01-01
21945006567500;1.0;1.0;1.0;1.0;1.0;1.0;1.0;1.0;Porsgrunn;51;2001-01-01
21945006567750;1.0;;1.0;;1.0;;1.0;;Porsgrunn;10;2001-01-01
21897506576500;;;1.0;;;;;;Skien;3;2001-01-01
21900006576750;;;1.0;;;;;;Skien;11;2001-01-01
21900006576500;;;1.0;;;;;;Skien;4;2001-01-01
21897506576750;;;1.0;;;;;;Skien;8;2001-01-01
21917506576250;1.0;;1.0;;1.0;;1.0;;Skien;79;2001-01-01
21917506576000;1.0;;1.0;;1.0;;1.0;;Skien;34;2001-01-01
21917506575750;1.0;;1.0;;1.0;;1.0;;Skien;68;2001-01-01
21917506575500;1.0;;;;1.0;;;;Skien;96;2001-01-01
21917506575250;1.0;;1.0;;1.0;;1.0;;Skien;149;2001-01-01
21917506574250;1.0;1.0;1.0;1.0;;;;;Skien;15;2001-01-01
21922506576000;1.0;;1.0;;1.0;;1.0;;Skien;30;2001-01-01
21922506575750;1.0;1.0;1.0;1.0;1.0;1.0;1.0;1.0;Skien;145;2001-01-01
21922506575500;1.0;1.0;1.0;1.0;1.0;1.0;1.0;1.0;Skien;116;2001-01-01
21922506575250;1.0;;1.0;;1.0;;1.0;;Skien;173;2001-01-01
21925006573000;1.0;;;;;;;;Skien;94;2001-01-01
21920006576250;1.0;;1.0;;1.0;;1.0;;Skien;163;2001-01-01
21920006576000;1.0;1.0;1.0;1.0;1.0;1.0;1.0;1.0;Skien;72;2001-01-01
21920006575750;1.0;1.0;1.0;1.0;1.0;1.0;1.0;1.0;Skien;134;2001-01-01
21920006575500;1.0;1.0;1.0;1.0;1.0;1.0;1.0;1.0;Skien;104;2001-01-01
21920006575250;1.0;1.0;1.0;1.0;1.0;1.0;1.0;1.0;Skien;54;2001-01-01
21920006575000;;;1.0;;;;1.0;;Skien;16;2001-01-01
21920006573250;;;1.0;;;;;;Skien;19;2001-01-01
21920006574250;1.0;;1.0;;;;;;Skien;5;2001-01-01
21912506574750;1.0;;1.0;;;;;;Skien;51;2001-01-01
21912506574000;1.0;1.0;;;;;;;Skien;27;2001-01-01
21910006574750;1.0;;1.0;;;;;;Skien;68;2001-01-01
21910006575000;1.0;;1.0;;;;;;Skien;6;2001-01-01
21910006575000;1.0;;1.0;;;;;;Skien;16;2002-01-01
21910006574750;1.0;;1.0;;;;;;Skien;3;2002-01-01
21910006573750;1.0;;;;;;;;Skien;99;2002-01-01
21910006574000;1.0;;;;;;;;Skien;3;2002-01-01
21912506574000;1.0;1.0;;;;;;;Skien;31;2002-01-01
21912506574750;1.0;;1.0;;;;;;Skien;100;2002-01-01
21900006576500;;;1.0;;;;;;Skien;6;2002-01-01
21900006576750;;;1.0;;;;;;Skien;39;2002-01-01
21897506576500;;;1.0;;;;;;Skien;15;2002-01-01
21897506576750;;;1.0;;;;;;Skien;188;2002-01-01
21945006568250;1.0;;1.0;;1.0;;1.0;;Porsgrunn;122;2002-01-01
21945006568000;1.0;;1.0;;1.0;;1.0;;Porsgrunn;67;2002-01-01
21945006567500;1.0;1.0;1.0;1.0;1.0;1.0;1.0;1.0;Porsgrunn;84;2002-01-01
21945006567750;1.0;;1.0;;1.0;;1.0;;Porsgrunn;24;2002-01-01
21940006567750;1.0;;1.0;;1.0;;1.0;;Porsgrunn;51;2002-01-01
21940006567500;1.0;;1.0;;1.0;;1.0;;Porsgrunn;138;2002-01-01
21940006567250;1.0;;;;1.0;;;;Porsgrunn;123;2002-01-01
21942506568250;1.0;;1.0;;1.0;;1.0;;Porsgrunn;44;2002-01-01
21942506568000;1.0;;1.0;;1.0;;1.0;;Porsgrunn;12;2002-01-01
21942506567500;1.0;;1.0;;1.0;;1.0;;Porsgrunn;173;2002-01-01
21942506567750;1.0;1.0;1.0;1.0;1.0;1.0;1.0;1.0;Porsgrunn;65;2002-01-01
21925006573000;1.0;;;;;;;;Skien;100;2002-01-01
21925006575750;1.0;;1.0;;1.0;;1.0;;Skien;178;2002-01-01
21925006575500;1.0;;1.0;;1.0;;1.0;;Skien;116;2002-01-01
21925006575250;1.0;;1.0;;1.0;;1.0;;Skien;167;2002-01-01
21922506576000;1.0;;1.0;;1.0;;1.0;;Skien;91;2002-01-01
21922506575750;1.0;1.0;1.0;1.0;1.0;1.0;1.0;1.0;Skien;151;2002-01-01
21922506575500;1.0;1.0;1.0;1.0;1.0;1.0;1.0;1.0;Skien;77;2002-01-01
21922506575250;1.0;;1.0;;1.0;;1.0;;Skien;25;2002-01-01
21922506573250;;;1.0;;;;;;Skien;98;2002-01-01
21922506573000;1.0;;1.0;;;;;;Skien;69;2002-01-01
21917506576250;1.0;;1.0;;1.0;;1.0;;Skien;185;2002-01-01
21917506576000;1.0;;1.0;;1.0;;1.0;;Skien;222;2002-01-01
21917506575750;1.0;;1.0;;1.0;;1.0;;Skien;130;2002-01-01
21917506575500;1.0;;;;1.0;;;;Skien;41;2002-01-01
21917506575250;1.0;;1.0;;1.0;;1.0;;Skien;138;2002-01-01
21917506574250;1.0;1.0;1.0;1.0;;;;;Skien;58;2002-01-01
21920006573000;;;1.0;;;;;;Skien;104;2002-01-01
21920006573250;;;1.0;;;;;;Skien;201;2002-01-01
21920006576250;1.0;;1.0;;1.0;;1.0;;Skien;373;2002-01-01
21920006576000;1.0;1.0;1.0;1.0;1.0;1.0;1.0;1.0;Skien;94;2002-01-01
21920006575750;1.0;1.0;1.0;1.0;1.0;1.0;1.0;1.0;Skien;120;2002-01-01
21920006575500;1.0;1.0;1.0;1.0;1.0;1.0;1.0;1.0;Skien;52;2002-01-01
21920006575000;;;1.0;;;;1.0;;Skien;48;2002-01-01
21920006574500;1.0;;1.0;;;;;;Skien;8;2002-01-01
21920006574250;1.0;;1.0;;;;;;Skien;189;2002-01-01
21920006575250;1.0;1.0;1.0;1.0;1.0;1.0;1.0;1.0;Skien;135;2002-01-01
21935006570750;1.0;;;;;;;;Skien;4;2002-01-01
21935006568000;1.0;1.0;1.0;1.0;1.0;1.0;1.0;1.0;Porsgrunn;59;2002-01-01
21935006567750;1.0;;1.0;;1.0;;1.0;;Porsgrunn;11;2002-01-01
21935006567500;1.0;1.0;1.0;1.0;1.0;1.0;1.0;1.0;Porsgrunn;58;2002-01-01
21937506568000;1.0;;1.0;;1.0;;1.0;;Porsgrunn;112;2002-01-01
21937506567750;1.0;1.0;1.0;1.0;1.0;1.0;1.0;1.0;Porsgrunn;54;2002-01-01
21937506567500;1.0;;1.0;;1.0;;1.0;;Porsgrunn;203;2002-01-01
21932506571500;1.0;;;;;;;;Skien;16;2002-01-01
21932506570750;1.0;;;;;;;;Skien;120;2002-01-01
21932506570500;1.0;;;;;;;;Skien;75;2002-01-01
21932506568000;1.0;1.0;1.0;1.0;1.0;1.0;1.0;1.0;Porsgrunn;179;2002-01-01
21932506567750;1.0;;1.0;;1.0;;1.0;;Porsgrunn;35;2002-01-01
21932506567500;1.0;;1.0;;1.0;;1.0;;Porsgrunn;5;2002-01-01
21937506567750;1.0;1.0;1.0;1.0;1.0;1.0;1.0;1.0;Porsgrunn;57;2003-01-01
21937506567500;1.0;;1.0;;1.0;;1.0;;Porsgrunn;214;2003-01-01
21937506568000;1.0;;1.0;;1.0;;1.0;;Porsgrunn;121;2003-01-01
21940006567250;1.0;;;;1.0;;;;Porsgrunn;111;2003-01-01
21940006567500;1.0;;1.0;;1.0;;1.0;;Porsgrunn;146;2003-01-01
21940006567750;1.0;;1.0;;1.0;;1.0;;Porsgrunn;67;2003-01-01
21932506570500;1.0;;;;;;;;Skien;67;2003-01-01
21932506567750;1.0;;1.0;;1.0;;1.0;;Porsgrunn;35;2003-01-01
21932506568000;1.0;1.0;1.0;1.0;1.0;1.0;1.0;1.0;Porsgrunn;190;2003-01-01
21932506567500;1.0;;1.0;;1.0;;1.0;;Porsgrunn;6;2003-01-01
21900006576500;;;1.0;;;;;;Skien;5;2003-01-01
21932506571500;1.0;;;;;;;;Skien;15;2003-01-01
21932506570750;1.0;;;;;;;;Skien;119;2003-01-01
21900006576750;;;1.0;;;;;;Skien;39;2003-01-01
21935006570750;1.0;;;;;;;;Skien;6;2003-01-01
21897506576500;;;1.0;;;;;;Skien;19;2003-01-01
21897506576750;;;1.0;;;;;;Skien;181;2003-01-01
21935006568000;1.0;1.0;1.0;1.0;1.0;1.0;1.0;1.0;Porsgrunn;62;2003-01-01
21935006567750;1.0;;1.0;;1.0;;1.0;;Porsgrunn;11;2003-01-01
21935006567500;1.0;1.0;1.0;1.0;1.0;1.0;1.0;1.0;Porsgrunn;56;2003-01-01
21942506567500;1.0;;1.0;;1.0;;1.0;;Porsgrunn;191;2003-01-01
21942506567750;1.0;1.0;1.0;1.0;1.0;1.0;1.0;1.0;Porsgrunn;59;2003-01-01
21942506568000;1.0;;1.0;;1.0;;1.0;;Porsgrunn;10;2003-01-01
21942506568250;1.0;;1.0;;1.0;;1.0;;Porsgrunn;37;2003-01-01
21945006568000;1.0;;1.0;;1.0;;1.0;;Porsgrunn;71;2003-01-01
21945006568250;1.0;;1.0;;1.0;;1.0;;Porsgrunn;132;2003-01-01
21945006567750;1.0;;1.0;;1.0;;1.0;;Porsgrunn;20;2003-01-01
21945006567500;1.0;1.0;1.0;1.0;1.0;1.0;1.0;1.0;Porsgrunn;97;2003-01-01
21920006576250;1.0;;1.0;;1.0;;1.0;;Skien;356;2003-01-01
21920006576000;1.0;1.0;1.0;1.0;1.0;1.0;1.0;1.0;Skien;97;2003-01-01
21920006575750;1.0;1.0;1.0;1.0;1.0;1.0;1.0;1.0;Skien;108;2003-01-01
21920006574250;1.0;;1.0;;;;;;Skien;188;2003-01-01
21920006574500;1.0;;1.0;;;;;;Skien;8;2003-01-01
21920006575000;;;1.0;;;;1.0;;Skien;46;2003-01-01
21920006575250;1.0;1.0;1.0;1.0;1.0;1.0;1.0;1.0;Skien;153;2003-01-01
21920006575500;1.0;1.0;1.0;1.0;1.0;1.0;1.0;1.0;Skien;68;2003-01-01
21920006573250;;;1.0;;;;;;Skien;203;2003-01-01
21920006573000;;;1.0;;;;;;Skien;106;2003-01-01
21925006573000;1.0;;;;;;;;Skien;96;2003-01-01
21925006575250;1.0;;1.0;;1.0;;1.0;;Skien;161;2003-01-01
21925006575500;1.0;;1.0;;1.0;;1.0;;Skien;123;2003-01-01
21925006575750;1.0;;1.0;;1.0;;1.0;;Skien;199;2003-01-01
21922506575250;1.0;;1.0;;1.0;;1.0;;Skien;22;2003-01-01
21922506575500;1.0;1.0;1.0;1.0;1.0;1.0;1.0;1.0;Skien;84;2003-01-01
21922506575750;1.0;1.0;1.0;1.0;1.0;1.0;1.0;1.0;Skien;158;2003-01-01
21922506576000;1.0;;1.0;;1.0;;1.0;;Skien;125;2003-01-01
21922506573000;1.0;;1.0;;;;;;Skien;73;2003-01-01
21922506573250;;;1.0;;;;;;Skien;105;2003-01-01
21910006575000;1.0;;1.0;;;;;;Skien;21;2003-01-01
21910006574750;1.0;;1.0;;;;;;Skien;3;2003-01-01
21912506574000;1.0;1.0;;;;;;;Skien;35;2003-01-01
21912506574750;1.0;;1.0;;;;;;Skien;99;2003-01-01
21917506574250;1.0;1.0;1.0;1.0;;;;;Skien;62;2003-01-01
21917506575250;1.0;;1.0;;1.0;;1.0;;Skien;146;2003-01-01
21917506575500;1.0;;;;1.0;;;;Skien;39;2003-01-01
21917506575750;1.0;;1.0;;1.0;;1.0;;Skien;140;2003-01-01
21917506576000;1.0;;1.0;;1.0;;1.0;;Skien;222;2003-01-01
21917506576250;1.0;;1.0;;1.0;;1.0;;Skien;183;2003-01-01
21910006573750;1.0;;;;;;;;Skien;98;2003-01-01
21932506567500;1.0;;1.0;;1.0;;1.0;;Porsgrunn;8;2004-01-01
21932506567750;1.0;;1.0;;1.0;;1.0;;Porsgrunn;38;2004-01-01
21932506568000;1.0;1.0;1.0;1.0;1.0;1.0;1.0;1.0;Porsgrunn;191;2004-01-01
21932506570500;1.0;;;;;;;;Skien;67;2004-01-01
21917506575250;1.0;;1.0;;1.0;;1.0;;Skien;152;2004-01-01
21917506575500;1.0;;;;1.0;;;;Skien;45;2004-01-01
21900006576750;;;1.0;;;;;;Skien;46;2004-01-01
21917506575750;1.0;;1.0;;1.0;;1.0;;Skien;145;2004-01-01
21917506574250;1.0;1.0;1.0;1.0;;;;;Skien;64;2004-01-01
21945006567750;1.0;;1.0;;1.0;;1.0;;Porsgrunn;20;2004-01-01
21945006567500;1.0;1.0;1.0;1.0;1.0;1.0;1.0;1.0;Porsgrunn;88;2004-01-01
21917506576000;1.0;;1.0;;1.0;;1.0;;Skien;231;2004-01-01
21945006568000;1.0;;1.0;;1.0;;1.0;;Porsgrunn;74;2004-01-01
21917506576250;1.0;;1.0;;1.0;;1.0;;Skien;189;2004-01-01
21900006576500;;;1.0;;;;;;Skien;5;2004-01-01
21945006568250;1.0;;1.0;;1.0;;1.0;;Porsgrunn;123;2004-01-01
21932506571500;1.0;;;;;;;;Skien;15;2004-01-01
21932506570750;1.0;;;;;;;;Skien;121;2004-01-01
21912506574000;1.0;1.0;;;;;;;Skien;23;2004-01-01
21912506574750;1.0;;1.0;;;;;;Skien;87;2004-01-01
21910006573750;1.0;;;;;;;;Skien;94;2004-01-01
21910006575000;1.0;;1.0;;;;;;Skien;19;2004-01-01
21910006574750;1.0;;1.0;;;;;;Skien;3;2004-01-01
21935006570750;1.0;;;;;;;;Skien;10;2004-01-01
21922506575500;1.0;1.0;1.0;1.0;1.0;1.0;1.0;1.0;Skien;84;2004-01-01
21922506575750;1.0;1.0;1.0;1.0;1.0;1.0;1.0;1.0;Skien;158;2004-01-01
21922506576000;1.0;;1.0;;1.0;;1.0;;Skien;122;2004-01-01
21922506575250;1.0;;1.0;;1.0;;1.0;;Skien;24;2004-01-01
21940006567750;1.0;;1.0;;1.0;;1.0;;Porsgrunn;55;2004-01-01
21940006567500;1.0;;1.0;;1.0;;1.0;;Porsgrunn;132;2004-01-01
21922506573000;1.0;;1.0;;;;;;Skien;71;2004-01-01
21922506573250;;;1.0;;;;;;Skien;103;2004-01-01
21940006567250;1.0;;;;1.0;;;;Porsgrunn;121;2004-01-01
21897506576500;;;1.0;;;;;;Skien;16;2004-01-01
21925006573000;1.0;;;;;;;;Skien;102;2004-01-01
21937506568000;1.0;;1.0;;1.0;;1.0;;Porsgrunn;125;2004-01-01
21937506567750;1.0;1.0;1.0;1.0;1.0;1.0;1.0;1.0;Porsgrunn;49;2004-01-01
21937506567500;1.0;;1.0;;1.0;;1.0;;Porsgrunn;212;2004-01-01
21925006575750;1.0;;1.0;;1.0;;1.0;;Skien;204;2004-01-01
21925006575250;1.0;;1.0;;1.0;;1.0;;Skien;170;2004-01-01
21925006575500;1.0;;1.0;;1.0;;1.0;;Skien;111;2004-01-01
21897506576750;;;1.0;;;;;;Skien;187;2004-01-01
21920006573250;;;1.0;;;;;;Skien;198;2004-01-01
21942506568250;1.0;;1.0;;1.0;;1.0;;Porsgrunn;41;2004-01-01
21942506568000;1.0;;1.0;;1.0;;1.0;;Porsgrunn;10;2004-01-01
21920006573000;;;1.0;;;;;;Skien;100;2004-01-01
21935006567750;1.0;;1.0;;1.0;;1.0;;Porsgrunn;10;2004-01-01
21935006567500;1.0;1.0;1.0;1.0;1.0;1.0;1.0;1.0;Porsgrunn;45;2004-01-01
21935006568000;1.0;1.0;1.0;1.0;1.0;1.0;1.0;1.0;Porsgrunn;66;2004-01-01
21920006575500;1.0;1.0;1.0;1.0;1.0;1.0;1.0;1.0;Skien;54;2004-01-01
21920006575750;1.0;1.0;1.0;1.0;1.0;1.0;1.0;1.0;Skien;121;2004-01-01
21920006576000;1.0;1.0;1.0;1.0;1.0;1.0;1.0;1.0;Skien;96;2004-01-01
21942506567750;1.0;1.0;1.0;1.0;1.0;1.0;1.0;1.0;Porsgrunn;63;2004-01-01
21920006574250;1.0;;1.0;;;;;;Skien;197;2004-01-01
21942506567500;1.0;;1.0;;1.0;;1.0;;Porsgrunn;183;2004-01-01
21920006574500;1.0;;1.0;;;;;;Skien;5;2004-01-01
21920006575000;;;1.0;;;;1.0;;Skien;48;2004-01-01
21920006575250;1.0;1.0;1.0;1.0;1.0;1.0;1.0;1.0;Skien;182;2004-01-01
21920006576250;1.0;;1.0;;1.0;;1.0;;Skien;366;2004-01-01
21922506573250;;;1.0;;;;;;Skien;106;2005-01-01
21922506573000;1.0;;1.0;;;;;;Skien;76;2005-01-01
21935006568000;1.0;1.0;1.0;1.0;1.0;1.0;1.0;1.0;Porsgrunn;66;2005-01-01
21922506575500;1.0;1.0;1.0;1.0;1.0;1.0;1.0;1.0;Skien;91;2005-01-01
21935006567750;1.0;;1.0;;1.0;;1.0;;Porsgrunn;10;2005-01-01
21922506576000;1.0;;1.0;;1.0;;1.0;;Skien;109;2005-01-01
21922506575750;1.0;1.0;1.0;1.0;1.0;1.0;1.0;1.0;Skien;152;2005-01-01
21922506575250;1.0;;1.0;;1.0;;1.0;;Skien;23;2005-01-01
21935006567500;1.0;1.0;1.0;1.0;1.0;1.0;1.0;1.0;Porsgrunn;42;2005-01-01
21900006576500;;;1.0;;;;;;Skien;5;2005-01-01
21900006576750;;;1.0;;;;;;Skien;38;2005-01-01
21932506570500;1.0;;;;;;;;Skien;67;2005-01-01
21932506571500;1.0;;;;;;;;Skien;18;2005-01-01
21932506570750;1.0;;;;;;;;Skien;123;2005-01-01
21942506568250;1.0;;1.0;;1.0;;1.0;;Porsgrunn;42;2005-01-01
21942506567500;1.0;;1.0;;1.0;;1.0;;Porsgrunn;185;2005-01-01
21942506568000;1.0;;1.0;;1.0;;1.0;;Porsgrunn;15;2005-01-01
21942506567750;1.0;1.0;1.0;1.0;1.0;1.0;1.0;1.0;Porsgrunn;72;2005-01-01
21925006573000;1.0;;;;;;;;Skien;111;2005-01-01
21925006575250;1.0;;1.0;;1.0;;1.0;;Skien;176;2005-01-01
21925006575750;1.0;;1.0;;1.0;;1.0;;Skien;202;2005-01-01
21917506575750;1.0;;1.0;;1.0;;1.0;;Skien;145;2005-01-01
21925006575500;1.0;;1.0;;1.0;;1.0;;Skien;117;2005-01-01
21937506567750;1.0;1.0;1.0;1.0;1.0;1.0;1.0;1.0;Porsgrunn;52;2005-01-01
21937506567500;1.0;;1.0;;1.0;;1.0;;Porsgrunn;219;2005-01-01
21937506568000;1.0;;1.0;;1.0;;1.0;;Porsgrunn;133;2005-01-01
21917506575250;1.0;;1.0;;1.0;;1.0;;Skien;149;2005-01-01
21910006575000;1.0;;1.0;;;;;;Skien;18;2005-01-01
21917506575500;1.0;;;;1.0;;;;Skien;44;2005-01-01
21935006570500;1.0;;;;;;;;Skien;3;2005-01-01
21935006570750;1.0;;;;;;;;Skien;10;2005-01-01
21940006567500;1.0;;1.0;;1.0;;1.0;;Porsgrunn;144;2005-01-01
21940006567250;1.0;;;;1.0;;;;Porsgrunn;121;2005-01-01
21940006567750;1.0;;1.0;;1.0;;1.0;;Porsgrunn;56;2005-01-01
21910006573750;1.0;;;;;;;;Skien;96;2005-01-01
21897506576500;;;1.0;;;;;;Skien;16;2005-01-01
21917506574250;1.0;1.0;1.0;1.0;;;;;Skien;64;2005-01-01
21897506576750;;;1.0;;;;;;Skien;197;2005-01-01
21917506576250;1.0;;1.0;;1.0;;1.0;;Skien;181;2005-01-01
21917506576000;1.0;;1.0;;1.0;;1.0;;Skien;212;2005-01-01
21920006573000;;;1.0;;;;;;Skien;98;2005-01-01
21920006573250;;;1.0;;;;;;Skien;196;2005-01-01
21920006575250;1.0;1.0;1.0;1.0;1.0;1.0;1.0;1.0;Skien;172;2005-01-01
21920006575000;;;1.0;;;;1.0;;Skien;53;2005-01-01
21920006575500;1.0;1.0;1.0;1.0;1.0;1.0;1.0;1.0;Skien;62;2005-01-01
21920006574500;1.0;;1.0;;;;;;Skien;6;2005-01-01
21920006574250;1.0;;1.0;;;;;;Skien;190;2005-01-01
21912506574750;1.0;;1.0;;;;;;Skien;96;2005-01-01
21912506574000;1.0;1.0;;;;;;;Skien;4;2005-01-01
21945006568000;1.0;;1.0;;1.0;;1.0;;Porsgrunn;73;2005-01-01
21945006568250;1.0;;1.0;;1.0;;1.0;;Porsgrunn;126;2005-01-01
21932506567750;1.0;;1.0;;1.0;;1.0;;Porsgrunn;33;2005-01-01
21932506568000;1.0;1.0;1.0;1.0;1.0;1.0;1.0;1.0;Porsgrunn;188;2005-01-01
21945006567500;1.0;1.0;1.0;1.0;1.0;1.0;1.0;1.0;Porsgrunn;83;2005-01-01
21945006567750;1.0;;1.0;;1.0;;1.0;;Porsgrunn;58;2005-01-01
21932506567500;1.0;;1.0;;1.0;;1.0;;Porsgrunn;7;2005-01-01
21920006575750;1.0;1.0;1.0;1.0;1.0;1.0;1.0;1.0;Skien;157;2005-01-01
21920006576250;1.0;;1.0;;1.0;;1.0;;Skien;361;2005-01-01
21920006576000;1.0;1.0;1.0;1.0;1.0;1.0;1.0;1.0;Skien;99;2005-01-01
21925006575250;1.0;;1.0;;1.0;;1.0;;Skien;159;2006-01-01
21932506567500;1.0;;1.0;;1.0;;1.0;;Porsgrunn;5;2006-01-01
21925006575500;1.0;;1.0;;1.0;;1.0;;Skien;117;2006-01-01
21900006576500;;;1.0;;;;;;Skien;5;2006-01-01
21932506568000;1.0;1.0;1.0;1.0;1.0;1.0;1.0;1.0;Porsgrunn;193;2006-01-01
21900006576750;;;1.0;;;;;;Skien;38;2006-01-01
21932506567750;1.0;;1.0;;1.0;;1.0;;Porsgrunn;37;2006-01-01
21932506570500;1.0;;;;;;;;Skien;73;2006-01-01
21925006573000;1.0;;;;;;;;Skien;104;2006-01-01
21932506570750;1.0;;;;;;;;Skien;123;2006-01-01
21932506571500;1.0;;;;;;;;Skien;15;2006-01-01
21910006575000;1.0;;1.0;;;;;;Skien;22;2006-01-01
21935006570500;1.0;;;;;;;;Skien;2;2006-01-01
21935006570750;1.0;;;;;;;;Skien;14;2006-01-01
21935006568000;1.0;1.0;1.0;1.0;1.0;1.0;1.0;1.0;Porsgrunn;59;2006-01-01
21935006567500;1.0;1.0;1.0;1.0;1.0;1.0;1.0;1.0;Porsgrunn;44;2006-01-01
21910006573750;1.0;;;;;;;;Skien;89;2006-01-01
21897506576500;;;1.0;;;;;;Skien;19;2006-01-01
21917506574250;1.0;1.0;1.0;1.0;;;;;Skien;66;2006-01-01
21925006575750;1.0;;1.0;;1.0;;1.0;;Skien;207;2006-01-01
21897506576750;;;1.0;;;;;;Skien;197;2006-01-01
21935006567750;1.0;;1.0;;1.0;;1.0;;Porsgrunn;12;2006-01-01
21945006567500;1.0;1.0;1.0;1.0;1.0;1.0;1.0;1.0;Porsgrunn;134;2006-01-01
21945006567750;1.0;;1.0;;1.0;;1.0;;Porsgrunn;61;2006-01-01
21920006576000;1.0;1.0;1.0;1.0;1.0;1.0;1.0;1.0;Skien;99;2006-01-01
21920006576250;1.0;;1.0;;1.0;;1.0;;Skien;364;2006-01-01
21945006568250;1.0;;1.0;;1.0;;1.0;;Porsgrunn;128;2006-01-01
21945006568000;1.0;;1.0;;1.0;;1.0;;Porsgrunn;75;2006-01-01
21942506568250;1.0;;1.0;;1.0;;1.0;;Porsgrunn;40;2006-01-01
21942506568000;1.0;;1.0;;1.0;;1.0;;Porsgrunn;16;2006-01-01
21942506567750;1.0;1.0;1.0;1.0;1.0;1.0;1.0;1.0;Porsgrunn;70;2006-01-01
21942506567500;1.0;;1.0;;1.0;;1.0;;Porsgrunn;166;2006-01-01
21912506574000;1.0;1.0;;;;;;;Skien;5;2006-01-01
21912506574750;1.0;;1.0;;;;;;Skien;92;2006-01-01
21920006574500;1.0;;1.0;;;;;;Skien;6;2006-01-01
21920006575000;;;1.0;;;;1.0;;Skien;54;2006-01-01
21920006574250;1.0;;1.0;;;;;;Skien;200;2006-01-01
21920006575750;1.0;1.0;1.0;1.0;1.0;1.0;1.0;1.0;Skien;165;2006-01-01
21920006575250;1.0;1.0;1.0;1.0;1.0;1.0;1.0;1.0;Skien;191;2006-01-01
21920006575500;1.0;1.0;1.0;1.0;1.0;1.0;1.0;1.0;Skien;71;2006-01-01
21920006573000;;;1.0;;;;;;Skien;98;2006-01-01
21920006573250;;;1.0;;;;;;Skien;211;2006-01-01
21917506576000;1.0;;1.0;;1.0;;1.0;;Skien;225;2006-01-01
21917506575750;1.0;;1.0;;1.0;;1.0;;Skien;139;2006-01-01
21917506576250;1.0;;1.0;;1.0;;1.0;;Skien;179;2006-01-01
21940006567250;1.0;;;;1.0;;;;Porsgrunn;134;2006-01-01
21940006567500;1.0;;1.0;;1.0;;1.0;;Porsgrunn;139;2006-01-01
21940006567750;1.0;;1.0;;1.0;;1.0;;Porsgrunn;54;2006-01-01
21917506575250;1.0;;1.0;;1.0;;1.0;;Skien;133;2006-01-01
21937506568000;1.0;;1.0;;1.0;;1.0;;Porsgrunn;133;2006-01-01
21937506567750;1.0;1.0;1.0;1.0;1.0;1.0;1.0;1.0;Porsgrunn;149;2006-01-01
21937506567500;1.0;;1.0;;1.0;;1.0;;Porsgrunn;272;2006-01-01
21917506575500;1.0;;;;1.0;;;;Skien;43;2006-01-01
21922506573000;1.0;;1.0;;;;;;Skien;78;2006-01-01
21922506575750;1.0;1.0;1.0;1.0;1.0;1.0;1.0;1.0;Skien;138;2006-01-01
21922506576000;1.0;;1.0;;1.0;;1.0;;Skien;105;2006-01-01
21922506575250;1.0;;1.0;;1.0;;1.0;;Skien;21;2006-01-01
21922506573250;;;1.0;;;;;;Skien;103;2006-01-01
21922506575500;1.0;1.0;1.0;1.0;1.0;1.0;1.0;1.0;Skien;90;2006-01-01
21925006575250;1.0;;1.0;;1.0;;1.0;;Skien;151;2007-01-01
21917506575500;1.0;;;;1.0;;;;Skien;38;2007-01-01
21925006573000;1.0;;;;;;;;Skien;103;2007-01-01
21917506575250;1.0;;1.0;;1.0;;1.0;;Skien;137;2007-01-01
21922506573250;;;1.0;;;;;;Skien;101;2007-01-01
21922506573000;1.0;;1.0;;;;;;Skien;71;2007-01-01
21922506575750;1.0;1.0;1.0;1.0;1.0;1.0;1.0;1.0;Skien;134;2007-01-01
21917506576250;1.0;;1.0;;1.0;;1.0;;Skien;200;2007-01-01
21920006576000;1.0;1.0;1.0;1.0;1.0;1.0;1.0;1.0;Skien;101;2007-01-01
21917506576000;1.0;;1.0;;1.0;;1.0;;Skien;220;2007-01-01
21920006576250;1.0;;1.0;;1.0;;1.0;;Skien;370;2007-01-01
21922506576000;1.0;;1.0;;1.0;;1.0;;Skien;120;2007-01-01
21922506575500;1.0;1.0;1.0;1.0;1.0;1.0;1.0;1.0;Skien;74;2007-01-01
21925006575750;1.0;;1.0;;1.0;;1.0;;Skien;209;2007-01-01
21917506575750;1.0;;1.0;;1.0;;1.0;;Skien;137;2007-01-01
21917506574250;1.0;1.0;1.0;1.0;;;;;Skien;66;2007-01-01
21925006575500;1.0;;1.0;;1.0;;1.0;;Skien;122;2007-01-01
21920006573000;;;1.0;;;;;;Skien;96;2007-01-01
21920006573250;;;1.0;;;;;;Skien;201;2007-01-01
21920006575250;1.0;1.0;1.0;1.0;1.0;1.0;1.0;1.0;Skien;192;2007-01-01
21920006575500;1.0;1.0;1.0;1.0;1.0;1.0;1.0;1.0;Skien;60;2007-01-01
21920006575750;1.0;1.0;1.0;1.0;1.0;1.0;1.0;1.0;Skien;163;2007-01-01
21922506575250;1.0;;1.0;;1.0;;1.0;;Skien;22;2007-01-01
21920006574250;1.0;;1.0;;;;;;Skien;199;2007-01-01
21920006575000;;;1.0;;;;1.0;;Skien;56;2007-01-01
21920006574500;1.0;;1.0;;;;;;Skien;3;2007-01-01
21942506568250;1.0;;1.0;;1.0;;1.0;;Porsgrunn;47;2007-01-01
21942506568000;1.0;;1.0;;1.0;;1.0;;Porsgrunn;9;2007-01-01
21942506567750;1.0;1.0;1.0;1.0;1.0;1.0;1.0;1.0;Porsgrunn;73;2007-01-01
21942506567500;1.0;;1.0;;1.0;;1.0;;Porsgrunn;183;2007-01-01
21940006567750;1.0;;1.0;;1.0;;1.0;;Porsgrunn;49;2007-01-01
21940006567500;1.0;;1.0;;1.0;;1.0;;Porsgrunn;173;2007-01-01
21940006567250;1.0;;;;1.0;;;;Porsgrunn;127;2007-01-01
21912506574000;1.0;1.0;;;;;;;Skien;7;2007-01-01
21912506574750;1.0;;1.0;;;;;;Skien;91;2007-01-01
21945006568250;1.0;;1.0;;1.0;;1.0;;Porsgrunn;139;2007-01-01
21945006567750;1.0;;1.0;;1.0;;1.0;;Porsgrunn;58;2007-01-01
21945006567500;1.0;1.0;1.0;1.0;1.0;1.0;1.0;1.0;Porsgrunn;133;2007-01-01
21945006568000;1.0;;1.0;;1.0;;1.0;;Porsgrunn;66;2007-01-01
21932506571500;1.0;;;;;;;;Skien;15;2007-01-01
21932506570750;1.0;;;;;;;;Skien;122;2007-01-01
21932506570500;1.0;;;;;;;;Skien;76;2007-01-01
21900006576500;;;1.0;;;;;;Skien;9;2007-01-01
21900006576750;;;1.0;;;;;;Skien;40;2007-01-01
21932506567750;1.0;;1.0;;1.0;;1.0;;Porsgrunn;40;2007-01-01
21932506567500;1.0;;1.0;;1.0;;1.0;;Porsgrunn;5;2007-01-01
21932506568000;1.0;1.0;1.0;1.0;1.0;1.0;1.0;1.0;Porsgrunn;190;2007-01-01
21935006567750;1.0;;1.0;;1.0;;1.0;;Porsgrunn;11;2007-01-01
21935006567500;1.0;1.0;1.0;1.0;1.0;1.0;1.0;1.0;Porsgrunn;44;2007-01-01
21935006568000;1.0;1.0;1.0;1.0;1.0;1.0;1.0;1.0;Porsgrunn;64;2007-01-01
21937506567500;1.0;;1.0;;1.0;;1.0;;Porsgrunn;287;2007-01-01
21937506567750;1.0;1.0;1.0;1.0;1.0;1.0;1.0;1.0;Porsgrunn;171;2007-01-01
21937506568000;1.0;;1.0;;1.0;;1.0;;Porsgrunn;134;2007-01-01
21910006575000;1.0;;1.0;;;;;;Skien;20;2007-01-01
21910006573750;1.0;;;;;;;;Skien;86;2007-01-01
21897506576750;;;1.0;;;;;;Skien;202;2007-01-01
21935006570500;1.0;;;;;;;;Skien;2;2007-01-01
21935006570750;1.0;;;;;;;;Skien;10;2007-01-01
21897506576500;;;1.0;;;;;;Skien;19;2007-01-01
21912506574000;1.0;1.0;;;;;;;Skien;7;2008-01-01
21917506575500;1.0;;;;1.0;;;;Skien;39;2008-01-01
21917506575750;1.0;;1.0;;1.0;;1.0;;Skien;141;2008-01-01
21917506576000;1.0;;1.0;;1.0;;1.0;;Skien;222;2008-01-01
21912506574750;1.0;;1.0;;;;;;Skien;88;2008-01-01
21917506574250;1.0;1.0;1.0;1.0;;;;;Skien;61;2008-01-01
21917506575250;1.0;;1.0;;1.0;;1.0;;Skien;145;2008-01-01
21917506576250;1.0;;1.0;;1.0;;1.0;;Skien;190;2008-01-01
21940006567750;1.0;;1.0;;1.0;;1.0;;Porsgrunn;60;2008-01-01
21940006567500;1.0;;1.0;;1.0;;1.0;;Porsgrunn;176;2008-01-01
21940006567250;1.0;;;;1.0;;;;Porsgrunn;135;2008-01-01
21942506568000;1.0;;1.0;;1.0;;1.0;;Porsgrunn;40;2008-01-01
21942506567750;1.0;1.0;1.0;1.0;1.0;1.0;1.0;1.0;Porsgrunn;78;2008-01-01
21942506567500;1.0;;1.0;;1.0;;1.0;;Porsgrunn;190;2008-01-01
21942506568250;1.0;;1.0;;1.0;;1.0;;Porsgrunn;48;2008-01-01
21937506568000;1.0;;1.0;;1.0;;1.0;;Porsgrunn;131;2008-01-01
21937506567750;1.0;1.0;1.0;1.0;1.0;1.0;1.0;1.0;Porsgrunn;192;2008-01-01
21937506567500;1.0;;1.0;;1.0;;1.0;;Porsgrunn;222;2008-01-01
21945006568250;1.0;;1.0;;1.0;;1.0;;Porsgrunn;135;2008-01-01
21945006568000;1.0;;1.0;;1.0;;1.0;;Porsgrunn;71;2008-01-01
21945006567750;1.0;;1.0;;1.0;;1.0;;Porsgrunn;59;2008-01-01
21945006567500;1.0;1.0;1.0;1.0;1.0;1.0;1.0;1.0;Porsgrunn;131;2008-01-01
21925006573000;1.0;;;;;;;;Skien;106;2008-01-01
21925006575750;1.0;;1.0;;1.0;;1.0;;Skien;208;2008-01-01
21925006575500;1.0;;1.0;;1.0;;1.0;;Skien;140;2008-01-01
21925006575250;1.0;;1.0;;1.0;;1.0;;Skien;203;2008-01-01
21920006575500;1.0;1.0;1.0;1.0;1.0;1.0;1.0;1.0;Skien;57;2008-01-01
21920006575250;1.0;1.0;1.0;1.0;1.0;1.0;1.0;1.0;Skien;197;2008-01-01
21920006575000;;;1.0;;;;1.0;;Skien;52;2008-01-01
21920006575750;1.0;1.0;1.0;1.0;1.0;1.0;1.0;1.0;Skien;171;2008-01-01
21920006574500;1.0;;1.0;;;;;;Skien;6;2008-01-01
21920006574250;1.0;;1.0;;;;;;Skien;196;2008-01-01
21920006576000;1.0;1.0;1.0;1.0;1.0;1.0;1.0;1.0;Skien;96;2008-01-01
21920006576250;1.0;;1.0;;1.0;;1.0;;Skien;367;2008-01-01
21920006573250;;;1.0;;;;;;Skien;202;2008-01-01
21920006573000;;;1.0;;;;;;Skien;135;2008-01-01
21922506573250;;;1.0;;;;;;Skien;98;2008-01-01
21922506573000;1.0;;1.0;;;;;;Skien;75;2008-01-01
21922506575250;1.0;;1.0;;1.0;;1.0;;Skien;24;2008-01-01
21922506575500;1.0;1.0;1.0;1.0;1.0;1.0;1.0;1.0;Skien;85;2008-01-01
21922506576000;1.0;;1.0;;1.0;;1.0;;Skien;134;2008-01-01
21922506575750;1.0;1.0;1.0;1.0;1.0;1.0;1.0;1.0;Skien;138;2008-01-01
21932506571500;1.0;;;;;;;;Skien;16;2008-01-01
21932506570750;1.0;;;;;;;;Skien;124;2008-01-01
21932506570500;1.0;;;;;;;;Skien;74;2008-01-01
21932506568000;1.0;1.0;1.0;1.0;1.0;1.0;1.0;1.0;Porsgrunn;178;2008-01-01
21935006570750;1.0;;;;;;;;Skien;10;2008-01-01
21935006568000;1.0;1.0;1.0;1.0;1.0;1.0;1.0;1.0;Porsgrunn;58;2008-01-01
21935006567750;1.0;;1.0;;1.0;;1.0;;Porsgrunn;12;2008-01-01
21935006567500;1.0;1.0;1.0;1.0;1.0;1.0;1.0;1.0;Porsgrunn;48;2008-01-01
21932506567750;1.0;;1.0;;1.0;;1.0;;Porsgrunn;35;2008-01-01
21932506567500;1.0;;1.0;;1.0;;1.0;;Porsgrunn;3;2008-01-01
21900006576500;;;1.0;;;;;;Skien;9;2008-01-01
21910006575000;1.0;;1.0;;;;;;Skien;24;2008-01-01
21897506576500;;;1.0;;;;;;Skien;19;2008-01-01
21910006573750;1.0;;;;;;;;Skien;76;2008-01-01
21900006576750;;;1.0;;;;;;Skien;33;2008-01-01
21897506576750;;;1.0;;;;;;Skien;205;2008-01-01
21917506576250;1.0;;1.0;;1.0;;1.0;;Skien;190;2009-01-01
21917506574250;1.0;1.0;1.0;1.0;;;;;Skien;53;2009-01-01
21937506567750;1.0;1.0;1.0;1.0;1.0;1.0;1.0;1.0;Porsgrunn;226;2009-01-01
21937506568000;1.0;;1.0;;1.0;;1.0;;Porsgrunn;125;2009-01-01
21917506575750;1.0;;1.0;;1.0;;1.0;;Skien;132;2009-01-01
21937506567500;1.0;;1.0;;1.0;;1.0;;Porsgrunn;213;2009-01-01
21917506575500;1.0;;;;1.0;;;;Skien;43;2009-01-01
21917506576000;1.0;;1.0;;1.0;;1.0;;Skien;216;2009-01-01
21917506575250;1.0;;1.0;;1.0;;1.0;;Skien;148;2009-01-01
21920006573250;;;1.0;;;;;;Skien;204;2009-01-01
21920006573000;;;1.0;;;;;;Skien;137;2009-01-01
21925006573000;1.0;;;;;;;;Skien;98;2009-01-01
21925006575250;1.0;;1.0;;1.0;;1.0;;Skien;217;2009-01-01
21920006575250;1.0;1.0;1.0;1.0;1.0;1.0;1.0;1.0;Skien;197;2009-01-01
21920006575500;1.0;1.0;1.0;1.0;1.0;1.0;1.0;1.0;Skien;55;2009-01-01
21920006575000;;;1.0;;;;1.0;;Skien;63;2009-01-01
21935006570750;1.0;;;;;;;;Skien;10;2009-01-01
21925006575500;1.0;;1.0;;1.0;;1.0;;Skien;152;2009-01-01
21920006576250;1.0;;1.0;;1.0;;1.0;;Skien;355;2009-01-01
21920006576000;1.0;1.0;1.0;1.0;1.0;1.0;1.0;1.0;Skien;107;2009-01-01
21920006575750;1.0;1.0;1.0;1.0;1.0;1.0;1.0;1.0;Skien;174;2009-01-01
21920006574500;1.0;;1.0;;;;;;Skien;11;2009-01-01
21925006575750;1.0;;1.0;;1.0;;1.0;;Skien;193;2009-01-01
21920006574250;1.0;;1.0;;;;;;Skien;205;2009-01-01
21935006567500;1.0;1.0;1.0;1.0;1.0;1.0;1.0;1.0;Porsgrunn;49;2009-01-01
21935006568000;1.0;1.0;1.0;1.0;1.0;1.0;1.0;1.0;Porsgrunn;63;2009-01-01
21922506573250;;;1.0;;;;;;Skien;109;2009-01-01
21900006576500;;;1.0;;;;;;Skien;9;2009-01-01
21922506573000;1.0;;1.0;;;;;;Skien;76;2009-01-01
21942506568250;1.0;;1.0;;1.0;;1.0;;Porsgrunn;52;2009-01-01
21922506576000;1.0;;1.0;;1.0;;1.0;;Skien;136;2009-01-01
21922506575750;1.0;1.0;1.0;1.0;1.0;1.0;1.0;1.0;Skien;129;2009-01-01
21922506575500;1.0;1.0;1.0;1.0;1.0;1.0;1.0;1.0;Skien;104;2009-01-01
21932506570750;1.0;;;;;;;;Skien;125;2009-01-01
21922506575250;1.0;;1.0;;1.0;;1.0;;Skien;24;2009-01-01
21912506574000;1.0;1.0;;;;;;;Skien;4;2009-01-01
21932506570500;1.0;;;;;;;;Skien;69;2009-01-01
21942506567500;1.0;;1.0;;1.0;;1.0;;Porsgrunn;176;2009-01-01
21912506574750;1.0;;1.0;;;;;;Skien;87;2009-01-01
21932506571500;1.0;;;;;;;;Skien;15;2009-01-01
21897506576750;;;1.0;;;;;;Skien;215;2009-01-01
21900006576750;;;1.0;;;;;;Skien;37;2009-01-01
21932506568000;1.0;1.0;1.0;1.0;1.0;1.0;1.0;1.0;Porsgrunn;177;2009-01-01
21942506567750;1.0;1.0;1.0;1.0;1.0;1.0;1.0;1.0;Porsgrunn;83;2009-01-01
21932506567750;1.0;;1.0;;1.0;;1.0;;Porsgrunn;40;2009-01-01
21942506568000;1.0;;1.0;;1.0;;1.0;;Porsgrunn;59;2009-01-01
21932506567500;1.0;;1.0;;1.0;;1.0;;Porsgrunn;4;2009-01-01
21945006568000;1.0;;1.0;;1.0;;1.0;;Porsgrunn;63;2009-01-01
21945006567750;1.0;;1.0;;1.0;;1.0;;Porsgrunn;60;2009-01-01
21940006567500;1.0;;1.0;;1.0;;1.0;;Porsgrunn;162;2009-01-01
21940006567750;1.0;;1.0;;1.0;;1.0;;Porsgrunn;59;2009-01-01
21945006568250;1.0;;1.0;;1.0;;1.0;;Porsgrunn;142;2009-01-01
21945006567500;1.0;1.0;1.0;1.0;1.0;1.0;1.0;1.0;Porsgrunn;133;2009-01-01
21940006567250;1.0;;;;1.0;;;;Porsgrunn;146;2009-01-01
21910006575000;1.0;;1.0;;;;;;Skien;29;2009-01-01
21897506576500;;;1.0;;;;;;Skien;19;2009-01-01
21910006573750;1.0;;;;;;;;Skien;78;2009-01-01
21922506576000;1.0;;1.0;;1.0;;1.0;;Skien;140;2010-01-01
21922506575500;1.0;1.0;1.0;1.0;1.0;1.0;1.0;1.0;Skien;117;2010-01-01
21935006570750;1.0;;;;;;;;Skien;11;2010-01-01
21922506575750;1.0;1.0;1.0;1.0;1.0;1.0;1.0;1.0;Skien;150;2010-01-01
21942506567500;1.0;;1.0;;1.0;;1.0;;Porsgrunn;178;2010-01-01
21925006573000;1.0;;;;;;;;Skien;98;2010-01-01
21942506568250;1.0;;1.0;;1.0;;1.0;;Porsgrunn;49;2010-01-01
21942506568000;1.0;;1.0;;1.0;;1.0;;Porsgrunn;65;2010-01-01
21942506567750;1.0;1.0;1.0;1.0;1.0;1.0;1.0;1.0;Porsgrunn;82;2010-01-01
21945006567750;1.0;;1.0;;1.0;;1.0;;Porsgrunn;60;2010-01-01
21945006568000;1.0;;1.0;;1.0;;1.0;;Porsgrunn;78;2010-01-01
21945006567500;1.0;1.0;1.0;1.0;1.0;1.0;1.0;1.0;Porsgrunn;133;2010-01-01
21945006568250;1.0;;1.0;;1.0;;1.0;;Porsgrunn;134;2010-01-01
21932506568000;1.0;1.0;1.0;1.0;1.0;1.0;1.0;1.0;Porsgrunn;183;2010-01-01
21932506567750;1.0;;1.0;;1.0;;1.0;;Porsgrunn;32;2010-01-01
21900006576750;;;1.0;;;;;;Skien;31;2010-01-01
21932506567500;1.0;;1.0;;1.0;;1.0;;Porsgrunn;4;2010-01-01
21932506570500;1.0;;;;;;;;Skien;78;2010-01-01
21932506571500;1.0;;;;;;;;Skien;16;2010-01-01
21932506570750;1.0;;;;;;;;Skien;133;2010-01-01
21900006576500;;;1.0;;;;;;Skien;9;2010-01-01
21935006568000;1.0;1.0;1.0;1.0;1.0;1.0;1.0;1.0;Porsgrunn;54;2010-01-01
21935006567500;1.0;1.0;1.0;1.0;1.0;1.0;1.0;1.0;Porsgrunn;53;2010-01-01
21925006575750;1.0;;1.0;;1.0;;1.0;;Skien;197;2010-01-01
21925006575500;1.0;;1.0;;1.0;;1.0;;Skien;155;2010-01-01
21925006575250;1.0;;1.0;;1.0;;1.0;;Skien;222;2010-01-01
21920006575500;1.0;1.0;1.0;1.0;1.0;1.0;1.0;1.0;Skien;69;2010-01-01
21920006575250;1.0;1.0;1.0;1.0;1.0;1.0;1.0;1.0;Skien;207;2010-01-01
21920006576000;1.0;1.0;1.0;1.0;1.0;1.0;1.0;1.0;Skien;101;2010-01-01
21920006576250;1.0;;1.0;;1.0;;1.0;;Skien;348;2010-01-01
21920006575750;1.0;1.0;1.0;1.0;1.0;1.0;1.0;1.0;Skien;162;2010-01-01
21920006575000;;;1.0;;;;1.0;;Skien;70;2010-01-01
21920006574500;1.0;;1.0;;;;;;Skien;64;2010-01-01
21920006574250;1.0;;1.0;;;;;;Skien;197;2010-01-01
21917506576250;1.0;;1.0;;1.0;;1.0;;Skien;185;2010-01-01
21910006575000;1.0;;1.0;;;;;;Skien;25;2010-01-01
21940006567500;1.0;;1.0;;1.0;;1.0;;Porsgrunn;165;2010-01-01
21910006573750;1.0;;;;;;;;Skien;97;2010-01-01
21940006567250;1.0;;;;1.0;;;;Porsgrunn;140;2010-01-01
21920006573000;;;1.0;;;;;;Skien;147;2010-01-01
21920006573250;;;1.0;;;;;;Skien;200;2010-01-01
21940006567750;1.0;;1.0;;1.0;;1.0;;Porsgrunn;55;2010-01-01
21937506568000;1.0;;1.0;;1.0;;1.0;;Porsgrunn;127;2010-01-01
21897506576500;;;1.0;;;;;;Skien;18;2010-01-01
21917506574500;1.0;;1.0;;;;;;Skien;2;2010-01-01
21917506574250;1.0;1.0;1.0;1.0;;;;;Skien;59;2010-01-01
21912506574750;1.0;;1.0;;;;;;Skien;83;2010-01-01
21922506575250;1.0;;1.0;;1.0;;1.0;;Skien;24;2010-01-01
21897506576750;;;1.0;;;;;;Skien;213;2010-01-01
21922506573000;1.0;;1.0;;;;;;Skien;79;2010-01-01
21922506573250;;;1.0;;;;;;Skien;112;2010-01-01
21917506575500;1.0;;;;1.0;;;;Skien;43;2010-01-01
21917506575750;1.0;;1.0;;1.0;;1.0;;Skien;130;2010-01-01
21917506575250;1.0;;1.0;;1.0;;1.0;;Skien;141;2010-01-01
21937506567500;1.0;;1.0;;1.0;;1.0;;Porsgrunn;215;2010-01-01
21937506567750;1.0;1.0;1.0;1.0;1.0;1.0;1.0;1.0;Porsgrunn;257;2010-01-01
21917506576000;1.0;;1.0;;1.0;;1.0;;Skien;202;2010-01-01
21940006567250;1.0;;;;1.0;;;;Porsgrunn;136;2011-01-01
21940006567500;1.0;;1.0;;1.0;;1.0;;Porsgrunn;171;2011-01-01
21945006567750;1.0;;1.0;;1.0;;1.0;;Porsgrunn;58;2011-01-01
21945006568000;1.0;;1.0;;1.0;;1.0;;Porsgrunn;72;2011-01-01
21945006568250;1.0;;1.0;;1.0;;1.0;;Porsgrunn;140;2011-01-01
21940006567750;1.0;;1.0;;1.0;;1.0;;Porsgrunn;50;2011-01-01
21945006567500;1.0;1.0;1.0;1.0;1.0;1.0;1.0;1.0;Porsgrunn;134;2011-01-01
21900006576750;;;1.0;;;;;;Skien;43;2011-01-01
21932506567500;1.0;;1.0;;1.0;;1.0;;Porsgrunn;4;2011-01-01
21900006576500;;;1.0;;;;;;Skien;9;2011-01-01
21932506571500;1.0;;;;;;;;Skien;17;2011-01-01
21932506570750;1.0;;;;;;;;Skien;133;2011-01-01
21912506574750;1.0;;1.0;;;;;;Skien;86;2011-01-01
21932506570500;1.0;;;;;;;;Skien;71;2011-01-01
21932506567750;1.0;;1.0;;1.0;;1.0;;Porsgrunn;32;2011-01-01
21932506568000;1.0;1.0;1.0;1.0;1.0;1.0;1.0;1.0;Porsgrunn;188;2011-01-01
21910006573750;1.0;;;;;;;;Skien;99;2011-01-01
21910006575000;1.0;;1.0;;;;;;Skien;28;2011-01-01
21920006576000;1.0;1.0;1.0;1.0;1.0;1.0;1.0;1.0;Skien;104;2011-01-01
21935006570750;1.0;;;;;;;;Skien;11;2011-01-01
21920006576250;1.0;;1.0;;1.0;;1.0;;Skien;360;2011-01-01
21920006575250;1.0;1.0;1.0;1.0;1.0;1.0;1.0;1.0;Skien;213;2011-01-01
21925006575500;1.0;;1.0;;1.0;;1.0;;Skien;138;2011-01-01
21920006575000;;;1.0;;;;1.0;;Skien;57;2011-01-01
21925006575250;1.0;;1.0;;1.0;;1.0;;Skien;218;2011-01-01
21920006575750;1.0;1.0;1.0;1.0;1.0;1.0;1.0;1.0;Skien;174;2011-01-01
21920006575500;1.0;1.0;1.0;1.0;1.0;1.0;1.0;1.0;Skien;92;2011-01-01
21925006573000;1.0;;;;;;;;Skien;105;2011-01-01
21925006575750;1.0;;1.0;;1.0;;1.0;;Skien;200;2011-01-01
21920006574500;1.0;;1.0;;;;;;Skien;73;2011-01-01
21920006574250;1.0;;1.0;;;;;;Skien;205;2011-01-01
21920006573000;;;1.0;;;;;;Skien;143;2011-01-01
21920006573250;;;1.0;;;;;;Skien;201;2011-01-01
21922506573000;1.0;;1.0;;;;;;Skien;69;2011-01-01
21897506576500;;;1.0;;;;;;Skien;19;2011-01-01
21922506576000;1.0;;1.0;;1.0;;1.0;;Skien;135;2011-01-01
21922506575500;1.0;1.0;1.0;1.0;1.0;1.0;1.0;1.0;Skien;162;2011-01-01
21922506575250;1.0;;1.0;;1.0;;1.0;;Skien;24;2011-01-01
21922506575750;1.0;1.0;1.0;1.0;1.0;1.0;1.0;1.0;Skien;151;2011-01-01
21942506567500;1.0;;1.0;;1.0;;1.0;;Porsgrunn;185;2011-01-01
21942506568250;1.0;;1.0;;1.0;;1.0;;Porsgrunn;57;2011-01-01
21922506573250;;;1.0;;;;;;Skien;120;2011-01-01
21942506567750;1.0;1.0;1.0;1.0;1.0;1.0;1.0;1.0;Porsgrunn;113;2011-01-01
21897506576750;;;1.0;;;;;;Skien;214;2011-01-01
21942506568000;1.0;;1.0;;1.0;;1.0;;Porsgrunn;58;2011-01-01
21937506567500;1.0;;1.0;;1.0;;1.0;;Porsgrunn;215;2011-01-01
21917506574250;1.0;1.0;1.0;1.0;;;;;Skien;65;2011-01-01
21937506568000;1.0;;1.0;;1.0;;1.0;;Porsgrunn;121;2011-01-01
21935006567500;1.0;1.0;1.0;1.0;1.0;1.0;1.0;1.0;Porsgrunn;56;2011-01-01
21917506575250;1.0;;1.0;;1.0;;1.0;;Skien;146;2011-01-01
21917506574500;1.0;;1.0;;;;;;Skien;2;2011-01-01
21917506575500;1.0;;;;1.0;;;;Skien;40;2011-01-01
21937506567750;1.0;1.0;1.0;1.0;1.0;1.0;1.0;1.0;Porsgrunn;269;2011-01-01
21917506576250;1.0;;1.0;;1.0;;1.0;;Skien;201;2011-01-01
21917506576000;1.0;;1.0;;1.0;;1.0;;Skien;210;2011-01-01
21917506575750;1.0;;1.0;;1.0;;1.0;;Skien;136;2011-01-01
21935006568000;1.0;1.0;1.0;1.0;1.0;1.0;1.0;1.0;Porsgrunn;56;2011-01-01
21937506567500;1.0;;1.0;;1.0;;1.0;;Porsgrunn;210;2012-01-01
21900006576750;;;1.0;;;;;;Skien;47;2012-01-01
21942506568000;1.0;;1.0;;1.0;;1.0;;Porsgrunn;58;2012-01-01
21932506571500;1.0;;;;;;;;Skien;15;2012-01-01
21897506576750;;;1.0;;;;;;Skien;213;2012-01-01
21942506568250;1.0;;1.0;;1.0;;1.0;;Porsgrunn;58;2012-01-01
21937506568000;1.0;;1.0;;1.0;;1.0;;Porsgrunn;129;2012-01-01
21942506567750;1.0;1.0;1.0;1.0;1.0;1.0;1.0;1.0;Porsgrunn;122;2012-01-01
21942506567500;1.0;;1.0;;1.0;;1.0;;Porsgrunn;192;2012-01-01
21937506567750;1.0;1.0;1.0;1.0;1.0;1.0;1.0;1.0;Porsgrunn;273;2012-01-01
21897506576500;;;1.0;;;;;;Skien;18;2012-01-01
21935006567500;1.0;1.0;1.0;1.0;1.0;1.0;1.0;1.0;Porsgrunn;63;2012-01-01
21940006567250;1.0;;;;1.0;;;;Porsgrunn;145;2012-01-01
21945006568250;1.0;;1.0;;1.0;;1.0;;Porsgrunn;149;2012-01-01
21940006567500;1.0;;1.0;;1.0;;1.0;;Porsgrunn;182;2012-01-01
21935006568000;1.0;1.0;1.0;1.0;1.0;1.0;1.0;1.0;Porsgrunn;56;2012-01-01
21945006567750;1.0;;1.0;;1.0;;1.0;;Porsgrunn;56;2012-01-01
21945006567500;1.0;1.0;1.0;1.0;1.0;1.0;1.0;1.0;Porsgrunn;134;2012-01-01
21900006576500;;;1.0;;;;;;Skien;13;2012-01-01
21945006568000;1.0;;1.0;;1.0;;1.0;;Porsgrunn;61;2012-01-01
21940006567750;1.0;;1.0;;1.0;;1.0;;Porsgrunn;56;2012-01-01
21935006570750;1.0;;;;;;;;Skien;12;2012-01-01
21922506576000;1.0;;1.0;;1.0;;1.0;;Skien;138;2012-01-01
21922506575250;1.0;;1.0;;1.0;;1.0;;Skien;23;2012-01-01
21922506575500;1.0;1.0;1.0;1.0;1.0;1.0;1.0;1.0;Skien;178;2012-01-01
21922506575750;1.0;1.0;1.0;1.0;1.0;1.0;1.0;1.0;Skien;142;2012-01-01
21910006573750;1.0;;;;;;;;Skien;112;2012-01-01
21910006575000;1.0;;1.0;;;;;;Skien;28;2012-01-01
21925006573000;1.0;;;;;;;;Skien;103;2012-01-01
21925006575250;1.0;;1.0;;1.0;;1.0;;Skien;206;2012-01-01
21925006575500;1.0;;1.0;;1.0;;1.0;;Skien;156;2012-01-01
21925006575750;1.0;;1.0;;1.0;;1.0;;Skien;205;2012-01-01
21920006573250;;;1.0;;;;;;Skien;211;2012-01-01
21920006573000;;;1.0;;;;;;Skien;154;2012-01-01
21920006575500;1.0;1.0;1.0;1.0;1.0;1.0;1.0;1.0;Skien;110;2012-01-01
21920006575750;1.0;1.0;1.0;1.0;1.0;1.0;1.0;1.0;Skien;176;2012-01-01
21917506575750;1.0;;1.0;;1.0;;1.0;;Skien;148;2012-01-01
21920006576000;1.0;1.0;1.0;1.0;1.0;1.0;1.0;1.0;Skien;107;2012-01-01
21920006576250;1.0;;1.0;;1.0;;1.0;;Skien;341;2012-01-01
21920006575250;1.0;1.0;1.0;1.0;1.0;1.0;1.0;1.0;Skien;240;2012-01-01
21917506576250;1.0;;1.0;;1.0;;1.0;;Skien;196;2012-01-01
21920006574250;1.0;;1.0;;;;;;Skien;213;2012-01-01
21920006575000;;;1.0;;;;1.0;;Skien;61;2012-01-01
21917506576000;1.0;;1.0;;1.0;;1.0;;Skien;221;2012-01-01
21920006574500;1.0;;1.0;;;;;;Skien;75;2012-01-01
21917506575500;1.0;;;;1.0;;;;Skien;43;2012-01-01
21922506573250;;;1.0;;;;;;Skien;114;2012-01-01
21922506573000;1.0;;1.0;;;;;;Skien;82;2012-01-01
21917506574250;1.0;1.0;1.0;1.0;;;;;Skien;59;2012-01-01
21917506574500;1.0;;1.0;;;;;;Skien;2;2012-01-01
21917506575250;1.0;;1.0;;1.0;;1.0;;Skien;141;2012-01-01
21932506567500;1.0;;1.0;;1.0;;1.0;;Porsgrunn;7;2012-01-01
21932506567750;1.0;;1.0;;1.0;;1.0;;Porsgrunn;35;2012-01-01
21932506570750;1.0;;;;;;;;Skien;134;2012-01-01
21932506570500;1.0;;;;;;;;Skien;75;2012-01-01
21932506568000;1.0;1.0;1.0;1.0;1.0;1.0;1.0;1.0;Porsgrunn;181;2012-01-01
21912506574750;1.0;;1.0;;;;;;Skien;88;2012-01-01
21940006567750;1.0;;1.0;;1.0;;1.0;;Porsgrunn;64;2013-01-01
21940006567500;1.0;;1.0;;1.0;;1.0;;Porsgrunn;185;2013-01-01
21940006567250;1.0;;;;1.0;;;;Porsgrunn;143;2013-01-01
21945006567500;1.0;1.0;1.0;1.0;1.0;1.0;1.0;1.0;Porsgrunn;130;2013-01-01
21945006567750;1.0;;1.0;;1.0;;1.0;;Porsgrunn;58;2013-01-01
21945006568000;1.0;;1.0;;1.0;;1.0;;Porsgrunn;63;2013-01-01
21945006568250;1.0;;1.0;;1.0;;1.0;;Porsgrunn;154;2013-01-01
21942506567500;1.0;;1.0;;1.0;;1.0;;Porsgrunn;187;2013-01-01
21942506567750;1.0;1.0;1.0;1.0;1.0;1.0;1.0;1.0;Porsgrunn;106;2013-01-01
21942506568000;1.0;;1.0;;1.0;;1.0;;Porsgrunn;59;2013-01-01
21942506568250;1.0;;1.0;;1.0;;1.0;;Porsgrunn;49;2013-01-01
21920006573000;;;1.0;;;;;;Skien;152;2013-01-01
21920006573250;;;1.0;;;;;;Skien;222;2013-01-01
21925006575250;1.0;;1.0;;1.0;;1.0;;Skien;231;2013-01-01
21925006575750;1.0;;1.0;;1.0;;1.0;;Skien;208;2013-01-01
21925006575500;1.0;;1.0;;1.0;;1.0;;Skien;150;2013-01-01
21937506567750;1.0;1.0;1.0;1.0;1.0;1.0;1.0;1.0;Porsgrunn;276;2013-01-01
21937506568000;1.0;;1.0;;1.0;;1.0;;Porsgrunn;136;2013-01-01
21937506567500;1.0;;1.0;;1.0;;1.0;;Porsgrunn;202;2013-01-01
21932506571500;1.0;;;;;;;;Skien;15;2013-01-01
21932506570750;1.0;;;;;;;;Skien;139;2013-01-01
21900006576500;;;1.0;;;;;;Skien;15;2013-01-01
21900006576750;;;1.0;;;;;;Skien;45;2013-01-01
21917506576250;1.0;;1.0;;1.0;;1.0;;Skien;211;2013-01-01
21917506576000;1.0;;1.0;;1.0;;1.0;;Skien;212;2013-01-01
21935006568000;1.0;1.0;1.0;1.0;1.0;1.0;1.0;1.0;Porsgrunn;60;2013-01-01
21935006567500;1.0;1.0;1.0;1.0;1.0;1.0;1.0;1.0;Porsgrunn;74;2013-01-01
21917506575500;1.0;;;;1.0;;;;Skien;44;2013-01-01
21917506575750;1.0;;1.0;;1.0;;1.0;;Skien;155;2013-01-01
21932506570500;1.0;;;;;;;;Skien;76;2013-01-01
21917506575250;1.0;;1.0;;1.0;;1.0;;Skien;148;2013-01-01
21935006570750;1.0;;;;;;;;Skien;10;2013-01-01
21897506576500;;;1.0;;;;;;Skien;17;2013-01-01
21932506568000;1.0;1.0;1.0;1.0;1.0;1.0;1.0;1.0;Porsgrunn;203;2013-01-01
21932506567750;1.0;;1.0;;1.0;;1.0;;Porsgrunn;31;2013-01-01
21932506567500;1.0;;1.0;;1.0;;1.0;;Porsgrunn;6;2013-01-01
21917506574250;1.0;1.0;1.0;1.0;;;;;Skien;65;2013-01-01
21917506574500;1.0;;1.0;;;;;;Skien;2;2013-01-01
21897506576750;;;1.0;;;;;;Skien;194;2013-01-01
21920006574500;1.0;;1.0;;;;;;Skien;65;2013-01-01
21910006573750;1.0;;;;;;;;Skien;116;2013-01-01
21922506573000;1.0;;1.0;;;;;;Skien;73;2013-01-01
21920006574250;1.0;;1.0;;;;;;Skien;219;2013-01-01
21920006575750;1.0;1.0;1.0;1.0;1.0;1.0;1.0;1.0;Skien;186;2013-01-01
21922506573250;;;1.0;;;;;;Skien;123;2013-01-01
21920006576250;1.0;;1.0;;1.0;;1.0;;Skien;376;2013-01-01
21920006575500;1.0;1.0;1.0;1.0;1.0;1.0;1.0;1.0;Skien;105;2013-01-01
21920006575250;1.0;1.0;1.0;1.0;1.0;1.0;1.0;1.0;Skien;290;2013-01-01
21920006575000;;;1.0;;;;1.0;;Skien;51;2013-01-01
21912506574750;1.0;;1.0;;;;;;Skien;86;2013-01-01
21910006575000;1.0;;1.0;;;;;;Skien;29;2013-01-01
21922506575750;1.0;1.0;1.0;1.0;1.0;1.0;1.0;1.0;Skien;167;2013-01-01
21925006573000;1.0;;;;;;;;Skien;102;2013-01-01
21922506575500;1.0;1.0;1.0;1.0;1.0;1.0;1.0;1.0;Skien;200;2013-01-01
21920006576000;1.0;1.0;1.0;1.0;1.0;1.0;1.0;1.0;Skien;99;2013-01-01
21922506576000;1.0;;1.0;;1.0;;1.0;;Skien;136;2013-01-01
21922506575250;1.0;;1.0;;1.0;;1.0;;Skien;18;2013-01-01
21932506567500;1.0;;1.0;;1.0;;1.0;;Porsgrunn;5;2014-01-01
21932506568000;1.0;1.0;1.0;1.0;1.0;1.0;1.0;1.0;Porsgrunn;213;2014-01-01
21932506567750;1.0;;1.0;;1.0;;1.0;;Porsgrunn;33;2014-01-01
21922506573000;1.0;;1.0;;;;;;Skien;82;2014-01-01
21920006576250;1.0;;1.0;;1.0;;1.0;;Skien;362;2014-01-01
21922506573250;;;1.0;;;;;;Skien;118;2014-01-01
21945006568250;1.0;;1.0;;1.0;;1.0;;Porsgrunn;152;2014-01-01
21945006567500;1.0;1.0;1.0;1.0;1.0;1.0;1.0;1.0;Porsgrunn;130;2014-01-01
21945006567750;1.0;;1.0;;1.0;;1.0;;Porsgrunn;56;2014-01-01
21945006568000;1.0;;1.0;;1.0;;1.0;;Porsgrunn;67;2014-01-01
21917506575750;1.0;;1.0;;1.0;;1.0;;Skien;154;2014-01-01
21935006567500;1.0;1.0;1.0;1.0;1.0;1.0;1.0;1.0;Porsgrunn;63;2014-01-01
21935006568000;1.0;1.0;1.0;1.0;1.0;1.0;1.0;1.0;Porsgrunn;58;2014-01-01
21917506576250;1.0;;1.0;;1.0;;1.0;;Skien;238;2014-01-01
21917506576000;1.0;;1.0;;1.0;;1.0;;Skien;224;2014-01-01
21932506571500;1.0;;;;;;;;Skien;15;2014-01-01
21900006576750;;;1.0;;;;;;Skien;49;2014-01-01
21932506570750;1.0;;;;;;;;Skien;123;2014-01-01
21932506570500;1.0;;;;;;;;Skien;80;2014-01-01
21900006576500;;;1.0;;;;;;Skien;16;2014-01-01
21920006574500;1.0;;1.0;;;;;;Skien;138;2014-01-01
21910006575000;1.0;;1.0;;;;;;Skien;28;2014-01-01
21925006575750;1.0;;1.0;;1.0;;1.0;;Skien;208;2014-01-01
21925006575500;1.0;;1.0;;1.0;;1.0;;Skien;138;2014-01-01
21925006575250;1.0;;1.0;;1.0;;1.0;;Skien;218;2014-01-01
21920006573250;;;1.0;;;;;;Skien;219;2014-01-01
21925006573000;1.0;;;;;;;;Skien;104;2014-01-01
21920006574250;1.0;;1.0;;;;;;Skien;225;2014-01-01
21920006573000;;;1.0;;;;;;Skien;151;2014-01-01
21920006575750;1.0;1.0;1.0;1.0;1.0;1.0;1.0;1.0;Skien;219;2014-01-01
21910006573750;1.0;;;;;;;;Skien;109;2014-01-01
21922506575500;1.0;1.0;1.0;1.0;1.0;1.0;1.0;1.0;Skien;205;2014-01-01
21922506575250;1.0;;1.0;;1.0;;1.0;;Skien;21;2014-01-01
21920006576000;1.0;1.0;1.0;1.0;1.0;1.0;1.0;1.0;Skien;103;2014-01-01
21922506576000;1.0;;1.0;;1.0;;1.0;;Skien;138;2014-01-01
21922506575750;1.0;1.0;1.0;1.0;1.0;1.0;1.0;1.0;Skien;189;2014-01-01
21920006575000;;;1.0;;;;1.0;;Skien;51;2014-01-01
21920006575500;1.0;1.0;1.0;1.0;1.0;1.0;1.0;1.0;Skien;94;2014-01-01
21920006575250;1.0;1.0;1.0;1.0;1.0;1.0;1.0;1.0;Skien;296;2014-01-01
21937506568000;1.0;;1.0;;1.0;;1.0;;Porsgrunn;131;2014-01-01
21912506574750;1.0;;1.0;;;;;;Skien;91;2014-01-01
21942506568000;1.0;;1.0;;1.0;;1.0;;Porsgrunn;65;2014-01-01
21942506568250;1.0;;1.0;;1.0;;1.0;;Porsgrunn;50;2014-01-01
21937506567750;1.0;1.0;1.0;1.0;1.0;1.0;1.0;1.0;Porsgrunn;282;2014-01-01
21942506567750;1.0;1.0;1.0;1.0;1.0;1.0;1.0;1.0;Porsgrunn;112;2014-01-01
21940006567250;1.0;;;;1.0;;;;Porsgrunn;156;2014-01-01
21917506574250;1.0;1.0;1.0;1.0;;;;;Skien;64;2014-01-01
21937506567500;1.0;;1.0;;1.0;;1.0;;Porsgrunn;220;2014-01-01
21917506575250;1.0;;1.0;;1.0;;1.0;;Skien;153;2014-01-01
21935006570750;1.0;;;;;;;;Skien;11;2014-01-01
21897506576500;;;1.0;;;;;;Skien;18;2014-01-01
21940006567750;1.0;;1.0;;1.0;;1.0;;Porsgrunn;71;2014-01-01
21917506575500;1.0;;;;1.0;;;;Skien;36;2014-01-01
21897506576750;;;1.0;;;;;;Skien;179;2014-01-01
21942506567500;1.0;;1.0;;1.0;;1.0;;Porsgrunn;188;2014-01-01
21940006567500;1.0;;1.0;;1.0;;1.0;;Porsgrunn;183;2014-01-01
21910006573750;1.0;;;;;;;;Skien;108;2015-01-01
21920006575500;1.0;1.0;1.0;1.0;1.0;1.0;1.0;1.0;Skien;92;2015-01-01
21920006576250;1.0;;1.0;;1.0;;1.0;;Skien;392;2015-01-01
21922506573250;;;1.0;;;;;;Skien;125;2015-01-01
21897506576500;;;1.0;;;;;;Skien;15;2015-01-01
21922506573000;1.0;;1.0;;;;;;Skien;74;2015-01-01
21922506575500;1.0;1.0;1.0;1.0;1.0;1.0;1.0;1.0;Skien;207;2015-01-01
21920006575750;1.0;1.0;1.0;1.0;1.0;1.0;1.0;1.0;Skien;226;2015-01-01
21922506576000;1.0;;1.0;;1.0;;1.0;;Skien;133;2015-01-01
21922506575750;1.0;1.0;1.0;1.0;1.0;1.0;1.0;1.0;Skien;161;2015-01-01
21922506575250;1.0;;1.0;;1.0;;1.0;;Skien;23;2015-01-01
21920006576000;1.0;1.0;1.0;1.0;1.0;1.0;1.0;1.0;Skien;133;2015-01-01
21910006575000;1.0;;1.0;;;;;;Skien;29;2015-01-01
21920006574250;1.0;;1.0;;;;;;Skien;220;2015-01-01
21940006567250;1.0;;;;1.0;;;;Porsgrunn;148;2015-01-01
21920006574500;1.0;;1.0;;;;;;Skien;163;2015-01-01
21937506567500;1.0;;1.0;;1.0;;1.0;;Porsgrunn;222;2015-01-01
21937506568000;1.0;;1.0;;1.0;;1.0;;Porsgrunn;129;2015-01-01
21937506567750;1.0;1.0;1.0;1.0;1.0;1.0;1.0;1.0;Porsgrunn;279;2015-01-01
21925006575500;1.0;;1.0;;1.0;;1.0;;Skien;133;2015-01-01
21925006575250;1.0;;1.0;;1.0;;1.0;;Skien;212;2015-01-01
21925006573000;1.0;;;;;;;;Skien;100;2015-01-01
21940006567500;1.0;;1.0;;1.0;;1.0;;Porsgrunn;184;2015-01-01
21920006573000;;;1.0;;;;;;Skien;147;2015-01-01
21940006567750;1.0;;1.0;;1.0;;1.0;;Porsgrunn;62;2015-01-01
21920006573250;;;1.0;;;;;;Skien;222;2015-01-01
21925006575750;1.0;;1.0;;1.0;;1.0;;Skien;208;2015-01-01
21912506574750;1.0;;1.0;;;;;;Skien;84;2015-01-01
21920006575250;1.0;1.0;1.0;1.0;1.0;1.0;1.0;1.0;Skien;283;2015-01-01
21920006575000;;;1.0;;;;1.0;;Skien;123;2015-01-01
21945006567500;1.0;1.0;1.0;1.0;1.0;1.0;1.0;1.0;Porsgrunn;131;2015-01-01
21917506575250;1.0;;1.0;;1.0;;1.0;;Skien;149;2015-01-01
21942506568250;1.0;;1.0;;1.0;;1.0;;Porsgrunn;51;2015-01-01
21917506575750;1.0;;1.0;;1.0;;1.0;;Skien;152;2015-01-01
21945006567750;1.0;;1.0;;1.0;;1.0;;Porsgrunn;67;2015-01-01
21932506571500;1.0;;;;;;;;Skien;15;2015-01-01
21932506567500;1.0;;1.0;;1.0;;1.0;;Porsgrunn;5;2015-01-01
21917506574250;1.0;1.0;1.0;1.0;;;;;Skien;66;2015-01-01
21942506567750;1.0;1.0;1.0;1.0;1.0;1.0;1.0;1.0;Porsgrunn;94;2015-01-01
21945006568000;1.0;;1.0;;1.0;;1.0;;Porsgrunn;68;2015-01-01
21935006568000;1.0;1.0;1.0;1.0;1.0;1.0;1.0;1.0;Porsgrunn;52;2015-01-01
21932506568000;1.0;1.0;1.0;1.0;1.0;1.0;1.0;1.0;Porsgrunn;200;2015-01-01
21942506568000;1.0;;1.0;;1.0;;1.0;;Porsgrunn;68;2015-01-01
21932506567750;1.0;;1.0;;1.0;;1.0;;Porsgrunn;63;2015-01-01
21917506576000;1.0;;1.0;;1.0;;1.0;;Skien;225;2015-01-01
21932506570750;1.0;;;;;;;;Skien;120;2015-01-01
21935006567500;1.0;1.0;1.0;1.0;1.0;1.0;1.0;1.0;Porsgrunn;77;2015-01-01
21932506570500;1.0;;;;;;;;Skien;82;2015-01-01
21917506575500;1.0;;;;1.0;;;;Skien;54;2015-01-01
21935006570750;1.0;;;;;;;;Skien;11;2015-01-01
21945006568250;1.0;;1.0;;1.0;;1.0;;Porsgrunn;159;2015-01-01
21897506576750;;;1.0;;;;;;Skien;187;2015-01-01
21917506576250;1.0;;1.0;;1.0;;1.0;;Skien;240;2015-01-01
21900006576500;;;1.0;;;;;;Skien;16;2015-01-01
21900006576750;;;1.0;;;;;;Skien;47;2015-01-01
21942506567500;1.0;;1.0;;1.0;;1.0;;Porsgrunn;169;2015-01-01
21912506574750;1.0;;1.0;;;;;;Skien;87;2016-01-01
21920006573250;;;1.0;;;;;;Skien;230;2016-01-01
21940006567750;1.0;;1.0;;1.0;;1.0;;Porsgrunn;73;2016-01-01
21920006575000;;;1.0;;;;1.0;;Skien;125;2016-01-01
21937506568000;1.0;;1.0;;1.0;;1.0;;Porsgrunn;136;2016-01-01
21937506567750;1.0;1.0;1.0;1.0;1.0;1.0;1.0;1.0;Porsgrunn;281;2016-01-01
21940006567250;1.0;;;;1.0;;;;Porsgrunn;148;2016-01-01
21920006573000;;;1.0;;;;;;Skien;163;2016-01-01
21920006574250;1.0;;1.0;;;;;;Skien;219;2016-01-01
21917506576250;1.0;;1.0;;1.0;;1.0;;Skien;236;2016-01-01
21910006575000;1.0;;1.0;;;;;;Skien;28;2016-01-01
21940006567500;1.0;;1.0;;1.0;;1.0;;Porsgrunn;183;2016-01-01
21935006570750;1.0;;;;;;;;Skien;14;2016-01-01
21917506576000;1.0;;1.0;;1.0;;1.0;;Skien;221;2016-01-01
21945006567500;1.0;1.0;1.0;1.0;1.0;1.0;1.0;1.0;Porsgrunn;135;2016-01-01
21917506575250;1.0;;1.0;;1.0;;1.0;;Skien;149;2016-01-01
21937506567500;1.0;;1.0;;1.0;;1.0;;Porsgrunn;232;2016-01-01
21920006574500;1.0;;1.0;;;;;;Skien;173;2016-01-01
21945006568250;1.0;;1.0;;1.0;;1.0;;Porsgrunn;144;2016-01-01
21945006568000;1.0;;1.0;;1.0;;1.0;;Porsgrunn;61;2016-01-01
21945006567750;1.0;;1.0;;1.0;;1.0;;Porsgrunn;62;2016-01-01
21935006568000;1.0;1.0;1.0;1.0;1.0;1.0;1.0;1.0;Porsgrunn;54;2016-01-01
21932506567750;1.0;;1.0;;1.0;;1.0;;Porsgrunn;104;2016-01-01
21920006576000;1.0;1.0;1.0;1.0;1.0;1.0;1.0;1.0;Skien;156;2016-01-01
21942506568250;1.0;;1.0;;1.0;;1.0;;Porsgrunn;51;2016-01-01
21932506568000;1.0;1.0;1.0;1.0;1.0;1.0;1.0;1.0;Porsgrunn;205;2016-01-01
21942506567750;1.0;1.0;1.0;1.0;1.0;1.0;1.0;1.0;Porsgrunn;102;2016-01-01
21917506574250;1.0;1.0;1.0;1.0;;;;;Skien;57;2016-01-01
21942506568000;1.0;;1.0;;1.0;;1.0;;Porsgrunn;74;2016-01-01
21932506567500;1.0;;1.0;;1.0;;1.0;;Porsgrunn;5;2016-01-01
21925006573000;1.0;;;;;;;;Skien;102;2016-01-01
21922506575250;1.0;;1.0;;1.0;;1.0;;Skien;22;2016-01-01
21917506575500;1.0;;;;1.0;;;;Skien;46;2016-01-01
21922506575750;1.0;1.0;1.0;1.0;1.0;1.0;1.0;1.0;Skien;156;2016-01-01
21922506575500;1.0;1.0;1.0;1.0;1.0;1.0;1.0;1.0;Skien;216;2016-01-01
21922506573000;1.0;;1.0;;;;;;Skien;84;2016-01-01
21897506576500;;;1.0;;;;;;Skien;15;2016-01-01
21897506576750;;;1.0;;;;;;Skien;180;2016-01-01
21942506567500;1.0;;1.0;;1.0;;1.0;;Porsgrunn;179;2016-01-01
21920006576250;1.0;;1.0;;1.0;;1.0;;Skien;392;2016-01-01
21922506573250;;;1.0;;;;;;Skien;122;2016-01-01
21917506575750;1.0;;1.0;;1.0;;1.0;;Skien;145;2016-01-01
21900006576750;;;1.0;;;;;;Skien;53;2016-01-01
21925006575250;1.0;;1.0;;1.0;;1.0;;Skien;213;2016-01-01
21910006573750;1.0;;;;;;;;Skien;115;2016-01-01
21932506571500;1.0;;;;;;;;Skien;11;2016-01-01
21920006575500;1.0;1.0;1.0;1.0;1.0;1.0;1.0;1.0;Skien;83;2016-01-01
21925006575750;1.0;;1.0;;1.0;;1.0;;Skien;229;2016-01-01
21920006575250;1.0;1.0;1.0;1.0;1.0;1.0;1.0;1.0;Skien;290;2016-01-01
21900006576500;;;1.0;;;;;;Skien;15;2016-01-01
21925006575500;1.0;;1.0;;1.0;;1.0;;Skien;151;2016-01-01
21935006567500;1.0;1.0;1.0;1.0;1.0;1.0;1.0;1.0;Porsgrunn;67;2016-01-01
21922506576000;1.0;;1.0;;1.0;;1.0;;Skien;137;2016-01-01
21920006575750;1.0;1.0;1.0;1.0;1.0;1.0;1.0;1.0;Skien;220;2016-01-01
21932506570750;1.0;;;;;;;;Skien;119;2016-01-01
21932506570500;1.0;;;;;;;;Skien;81;2016-01-01
21925006573000;1.0;;;;;;;;Skien;98;2017-01-01
21940006567750;1.0;;1.0;;1.0;;1.0;;Porsgrunn;76;2017-01-01
21940006567500;1.0;;1.0;;1.0;;1.0;;Porsgrunn;177;2017-01-01
21922506576000;1.0;;1.0;;1.0;;1.0;;Skien;133;2017-01-01
21922506575500;1.0;1.0;1.0;1.0;1.0;1.0;1.0;1.0;Skien;231;2017-01-01
21920006575750;1.0;1.0;1.0;1.0;1.0;1.0;1.0;1.0;Skien;212;2017-01-01
21922506575750;1.0;1.0;1.0;1.0;1.0;1.0;1.0;1.0;Skien;176;2017-01-01
21920006575500;1.0;1.0;1.0;1.0;1.0;1.0;1.0;1.0;Skien;99;2017-01-01
21922506573250;;;1.0;;;;;;Skien;124;2017-01-01
21920006576250;1.0;;1.0;;1.0;;1.0;;Skien;398;2017-01-01
21922506573000;1.0;;1.0;;;;;;Skien;87;2017-01-01
21920006576000;1.0;1.0;1.0;1.0;1.0;1.0;1.0;1.0;Skien;170;2017-01-01
21922506575250;1.0;;1.0;;1.0;;1.0;;Skien;22;2017-01-01
21920006574500;1.0;;1.0;;;;;;Skien;206;2017-01-01
21920006574250;1.0;;1.0;;;;;;Skien;227;2017-01-01
21910006575000;1.0;;1.0;;;;;;Skien;27;2017-01-01
21940006567250;1.0;;;;1.0;;;;Porsgrunn;145;2017-01-01
21910006573750;1.0;;;;;;;;Skien;112;2017-01-01
21920006575250;1.0;1.0;1.0;1.0;1.0;1.0;1.0;1.0;Skien;299;2017-01-01
21912506574750;1.0;;1.0;;;;;;Skien;81;2017-01-01
21920006575000;;;1.0;;;;1.0;;Skien;129;2017-01-01
21897506576500;;;1.0;;;;;;Skien;14;2017-01-01
21917506574250;1.0;1.0;1.0;1.0;;;;;Skien;55;2017-01-01
21932506567750;1.0;;1.0;;1.0;;1.0;;Porsgrunn;94;2017-01-01
21942506568000;1.0;;1.0;;1.0;;1.0;;Porsgrunn;85;2017-01-01
21932506567500;1.0;;1.0;;1.0;;1.0;;Porsgrunn;5;2017-01-01
21942506567750;1.0;1.0;1.0;1.0;1.0;1.0;1.0;1.0;Porsgrunn;114;2017-01-01
21942506568250;1.0;;1.0;;1.0;;1.0;;Porsgrunn;59;2017-01-01
21932506568000;1.0;1.0;1.0;1.0;1.0;1.0;1.0;1.0;Porsgrunn;210;2017-01-01
21897506576750;;;1.0;;;;;;Skien;175;2017-01-01
21942506567500;1.0;;1.0;;1.0;;1.0;;Porsgrunn;178;2017-01-01
21917506575250;1.0;;1.0;;1.0;;1.0;;Skien;153;2017-01-01
21945006567500;1.0;1.0;1.0;1.0;1.0;1.0;1.0;1.0;Porsgrunn;129;2017-01-01
21945006567750;1.0;;1.0;;1.0;;1.0;;Porsgrunn;62;2017-01-01
21945006568000;1.0;;1.0;;1.0;;1.0;;Porsgrunn;73;2017-01-01
21945006568250;1.0;;1.0;;1.0;;1.0;;Porsgrunn;143;2017-01-01
21935006570750;1.0;;;;;;;;Skien;15;2017-01-01
21917506575750;1.0;;1.0;;1.0;;1.0;;Skien;147;2017-01-01
21935006567500;1.0;1.0;1.0;1.0;1.0;1.0;1.0;1.0;Porsgrunn;57;2017-01-01
21935006568000;1.0;1.0;1.0;1.0;1.0;1.0;1.0;1.0;Porsgrunn;52;2017-01-01
21917506575500;1.0;;;;1.0;;;;Skien;55;2017-01-01
21917506576250;1.0;;1.0;;1.0;;1.0;;Skien;249;2017-01-01
21917506576000;1.0;;1.0;;1.0;;1.0;;Skien;208;2017-01-01
21932506570750;1.0;;;;;;;;Skien;110;2017-01-01
21932506571500;1.0;;;;;;;;Skien;13;2017-01-01
21932506570500;1.0;;;;;;;;Skien;76;2017-01-01
21900006576500;;;1.0;;;;;;Skien;15;2017-01-01
21900006576750;;;1.0;;;;;;Skien;52;2017-01-01
21920006573250;;;1.0;;;;;;Skien;248;2017-01-01
21937506568000;1.0;;1.0;;1.0;;1.0;;Porsgrunn;138;2017-01-01
21937506567750;1.0;1.0;1.0;1.0;1.0;1.0;1.0;1.0;Porsgrunn;280;2017-01-01
21920006573000;;;1.0;;;;;;Skien;168;2017-01-01
21937506567500;1.0;;1.0;;1.0;;1.0;;Porsgrunn;217;2017-01-01
21925006575250;1.0;;1.0;;1.0;;1.0;;Skien;216;2017-01-01
21925006575750;1.0;;1.0;;1.0;;1.0;;Skien;218;2017-01-01
21925006575500;1.0;;1.0;;1.0;;1.0;;Skien;156;2017-01-01
21917506575500;1.0;;;;1.0;;;;Skien;49;2018-01-01
21917506576000;1.0;;1.0;;1.0;;1.0;;Skien;224;2018-01-01
21920006573250;;;1.0;;;;;;Skien;243;2018-01-01
21917506575250;1.0;;1.0;;1.0;;1.0;;Skien;154;2018-01-01
21917506576250;1.0;;1.0;;1.0;;1.0;;Skien;233;2018-01-01
21917506575750;1.0;;1.0;;1.0;;1.0;;Skien;158;2018-01-01
21920006573000;;;1.0;;;;;;Skien;164;2018-01-01
21920006575250;1.0;1.0;1.0;1.0;1.0;1.0;1.0;1.0;Skien;306;2018-01-01
21920006575000;;;1.0;;;;1.0;;Skien;122;2018-01-01
21920006576250;1.0;;1.0;;1.0;;1.0;;Skien;388;2018-01-01
21920006575500;1.0;1.0;1.0;1.0;1.0;1.0;1.0;1.0;Skien;108;2018-01-01
21920006575750;1.0;1.0;1.0;1.0;1.0;1.0;1.0;1.0;Skien;235;2018-01-01
21920006576000;1.0;1.0;1.0;1.0;1.0;1.0;1.0;1.0;Skien;170;2018-01-01
21920006574500;1.0;;1.0;;;;;;Skien;212;2018-01-01
21920006574250;1.0;;1.0;;;;;;Skien;268;2018-01-01
21917506574250;1.0;1.0;1.0;1.0;;;;;Skien;59;2018-01-01
21900006576500;;;1.0;;;;;;Skien;14;2018-01-01
21900006576750;;;1.0;;;;;;Skien;50;2018-01-01
21932506571500;1.0;;;;;;;;Skien;14;2018-01-01
21932506570750;1.0;;;;;;;;Skien;115;2018-01-01
21932506570500;1.0;;;;;;;;Skien;62;2018-01-01
21945006567500;1.0;1.0;1.0;1.0;1.0;1.0;1.0;1.0;Porsgrunn;137;2018-01-01
21945006567750;1.0;;1.0;;1.0;;1.0;;Porsgrunn;64;2018-01-01
21945006568000;1.0;;1.0;;1.0;;1.0;;Porsgrunn;69;2018-01-01
21945006568250;1.0;;1.0;;1.0;;1.0;;Porsgrunn;141;2018-01-01
21932506568000;1.0;1.0;1.0;1.0;1.0;1.0;1.0;1.0;Porsgrunn;211;2018-01-01
21932506567750;1.0;;1.0;;1.0;;1.0;;Porsgrunn;92;2018-01-01
21932506567500;1.0;;1.0;;1.0;;1.0;;Porsgrunn;6;2018-01-01
21937506568000;1.0;;1.0;;1.0;;1.0;;Porsgrunn;135;2018-01-01
21937506567750;1.0;1.0;1.0;1.0;1.0;1.0;1.0;1.0;Porsgrunn;267;2018-01-01
21937506567500;1.0;;1.0;;1.0;;1.0;;Porsgrunn;229;2018-01-01
21940006567250;1.0;;;;1.0;;;;Porsgrunn;155;2018-01-01
21940006567500;1.0;;1.0;;1.0;;1.0;;Porsgrunn;172;2018-01-01
21940006567750;1.0;;1.0;;1.0;;1.0;;Porsgrunn;72;2018-01-01
21912506574750;1.0;;1.0;;;;;;Skien;77;2018-01-01
21935006570750;1.0;;;;;;;;Skien;15;2018-01-01
21935006568000;1.0;1.0;1.0;1.0;1.0;1.0;1.0;1.0;Porsgrunn;48;2018-01-01
21935006567500;1.0;1.0;1.0;1.0;1.0;1.0;1.0;1.0;Porsgrunn;65;2018-01-01
21897506576750;;;1.0;;;;;;Skien;183;2018-01-01
21942506567500;1.0;;1.0;;1.0;;1.0;;Porsgrunn;186;2018-01-01
21942506567750;1.0;1.0;1.0;1.0;1.0;1.0;1.0;1.0;Porsgrunn;108;2018-01-01
21942506568000;1.0;;1.0;;1.0;;1.0;;Porsgrunn;83;2018-01-01
21942506568250;1.0;;1.0;;1.0;;1.0;;Porsgrunn;58;2018-01-01
21897506576500;;;1.0;;;;;;Skien;14;2018-01-01
21910006575000;1.0;;1.0;;;;;;Skien;25;2018-01-01
21925006573000;1.0;;;;;;;;Skien;88;2018-01-01
21925006575750;1.0;;1.0;;1.0;;1.0;;Skien;204;2018-01-01
21925006575500;1.0;;1.0;;1.0;;1.0;;Skien;153;2018-01-01
21925006575250;1.0;;1.0;;1.0;;1.0;;Skien;220;2018-01-01
21922506576000;1.0;;1.0;;1.0;;1.0;;Skien;131;2018-01-01
21910006573750;1.0;;;;;;;;Skien;108;2018-01-01
21922506575750;1.0;1.0;1.0;1.0;1.0;1.0;1.0;1.0;Skien;172;2018-01-01
21922506573250;;;1.0;;;;;;Skien;128;2018-01-01
21922506573000;1.0;;1.0;;;;;;Skien;81;2018-01-01
21922506575500;1.0;1.0;1.0;1.0;1.0;1.0;1.0;1.0;Skien;236;2018-01-01
21922506575250;1.0;;1.0;;1.0;;1.0;;Skien;22;2018-01-01
21912506574750;1.0;;1.0;;;;;;Skien;77;2019-01-01
21910006573750;1.0;;;;;;;;Skien;116;2019-01-01
21910006575000;1.0;;1.0;;;;;;Skien;25;2019-01-01
21932506567500;1.0;;1.0;;1.0;;1.0;;Porsgrunn;4;2019-01-01
21932506567750;1.0;;1.0;;1.0;;1.0;;Porsgrunn;99;2019-01-01
21900006576500;;;1.0;;;;;;Skien;14;2019-01-01
21900006576750;;;1.0;;;;;;Skien;50;2019-01-01
21932506571500;1.0;;;;;;;;Skien;14;2019-01-01
21932506568000;1.0;1.0;1.0;1.0;1.0;1.0;1.0;1.0;Porsgrunn;218;2019-01-01
21932506570750;1.0;;;;;;;;Skien;117;2019-01-01
21932506570500;1.0;;;;;;;;Skien;62;2019-01-01
21937506568000;1.0;;1.0;;1.0;;1.0;;Porsgrunn;133;2019-01-01
21937506567750;1.0;1.0;1.0;1.0;1.0;1.0;1.0;1.0;Porsgrunn;306;2019-01-01
21937506567500;1.0;;1.0;;1.0;;1.0;;Porsgrunn;235;2019-01-01
21940006567750;1.0;;1.0;;1.0;;1.0;;Porsgrunn;62;2019-01-01
21940006567500;1.0;;1.0;;1.0;;1.0;;Porsgrunn;173;2019-01-01
21940006567250;1.0;;;;1.0;;;;Porsgrunn;147;2019-01-01
21935006568000;1.0;1.0;1.0;1.0;1.0;1.0;1.0;1.0;Porsgrunn;49;2019-01-01
21935006567500;1.0;1.0;1.0;1.0;1.0;1.0;1.0;1.0;Porsgrunn;66;2019-01-01
21945006568250;1.0;;1.0;;1.0;;1.0;;Porsgrunn;155;2019-01-01
21945006568000;1.0;;1.0;;1.0;;1.0;;Porsgrunn;68;2019-01-01
21945006567750;1.0;;1.0;;1.0;;1.0;;Porsgrunn;56;2019-01-01
21945006567500;1.0;1.0;1.0;1.0;1.0;1.0;1.0;1.0;Porsgrunn;138;2019-01-01
21897506576750;;;1.0;;;;;;Skien;191;2019-01-01
21942506567500;1.0;;1.0;;1.0;;1.0;;Porsgrunn;171;2019-01-01
21942506567750;1.0;1.0;1.0;1.0;1.0;1.0;1.0;1.0;Porsgrunn;95;2019-01-01
21942506568250;1.0;;1.0;;1.0;;1.0;;Porsgrunn;56;2019-01-01
21942506568000;1.0;;1.0;;1.0;;1.0;;Porsgrunn;77;2019-01-01
21897506576500;;;1.0;;;;;;Skien;15;2019-01-01
21935006570750;1.0;;;;;;;;Skien;14;2019-01-01
21922506573250;;;1.0;;;;;;Skien;127;2019-01-01
21922506573000;1.0;;1.0;;;;;;Skien;92;2019-01-01
21922506575250;1.0;;1.0;;1.0;;1.0;;Skien;22;2019-01-01
21922506576000;1.0;;1.0;;1.0;;1.0;;Skien;134;2019-01-01
21922506575500;1.0;1.0;1.0;1.0;1.0;1.0;1.0;1.0;Skien;205;2019-01-01
21922506575750;1.0;1.0;1.0;1.0;1.0;1.0;1.0;1.0;Skien;163;2019-01-01
21920006573250;;;1.0;;;;;;Skien;254;2019-01-01
21920006575000;;;1.0;;;;1.0;;Skien;173;2019-01-01
21920006573000;;;1.0;;;;;;Skien;162;2019-01-01
21920006574250;1.0;;1.0;;;;;;Skien;267;2019-01-01
21920006574500;1.0;;1.0;;;;;;Skien;222;2019-01-01
21920006575250;1.0;1.0;1.0;1.0;1.0;1.0;1.0;1.0;Skien;314;2019-01-01
21920006576250;1.0;;1.0;;1.0;;1.0;;Skien;382;2019-01-01
21920006576000;1.0;1.0;1.0;1.0;1.0;1.0;1.0;1.0;Skien;165;2019-01-01
21920006575750;1.0;1.0;1.0;1.0;1.0;1.0;1.0;1.0;Skien;239;2019-01-01
21920006575500;1.0;1.0;1.0;1.0;1.0;1.0;1.0;1.0;Skien;109;2019-01-01
21925006575750;1.0;;1.0;;1.0;;1.0;;Skien;200;2019-01-01
21917506575250;1.0;;1.0;;1.0;;1.0;;Skien;151;2019-01-01
21917506576000;1.0;;1.0;;1.0;;1.0;;Skien;222;2019-01-01
21917506576250;1.0;;1.0;;1.0;;1.0;;Skien;238;2019-01-01
21917506575500;1.0;;;;1.0;;;;Skien;65;2019-01-01
21917506575750;1.0;;1.0;;1.0;;1.0;;Skien;157;2019-01-01
21917506574250;1.0;1.0;1.0;1.0;;;;;Skien;54;2019-01-01
21925006575250;1.0;;1.0;;1.0;;1.0;;Skien;238;2019-01-01
21925006575500;1.0;;1.0;;1.0;;1.0;;Skien;148;2019-01-01
21925006573000;1.0;;;;;;;;Skien;97;2019-01-01
21940006567750;1.0;;1.0;;1.0;;1.0;;Porsgrunn;90;2020-01-01
21940006567500;1.0;;1.0;;1.0;;1.0;;Porsgrunn;156;2020-01-01
21940006567250;1.0;;;;1.0;;;;Porsgrunn;149;2020-01-01
21937506568000;1.0;;1.0;;1.0;;1.0;;Porsgrunn;130;2020-01-01
21937506567750;1.0;1.0;1.0;1.0;1.0;1.0;1.0;1.0;Porsgrunn;333;2020-01-01
21937506567500;1.0;;1.0;;1.0;;1.0;;Porsgrunn;232;2020-01-01
21942506568250;1.0;;1.0;;1.0;;1.0;;Porsgrunn;60;2020-01-01
21942506568000;1.0;;1.0;;1.0;;1.0;;Porsgrunn;65;2020-01-01
21942506567750;1.0;1.0;1.0;1.0;1.0;1.0;1.0;1.0;Porsgrunn;105;2020-01-01
21942506567500;1.0;;1.0;;1.0;;1.0;;Porsgrunn;190;2020-01-01
21932506571500;1.0;;;;;;;;Skien;12;2020-01-01
21932506570750;1.0;;;;;;;;Skien;123;2020-01-01
21932506570500;1.0;;;;;;;;Skien;57;2020-01-01
21932506568000;1.0;1.0;1.0;1.0;1.0;1.0;1.0;1.0;Porsgrunn;209;2020-01-01
21932506567750;1.0;;1.0;;1.0;;1.0;;Porsgrunn;97;2020-01-01
21932506567500;1.0;;1.0;;1.0;;1.0;;Porsgrunn;7;2020-01-01
21935006568000;1.0;1.0;1.0;1.0;1.0;1.0;1.0;1.0;Porsgrunn;44;2020-01-01
21935006567500;1.0;1.0;1.0;1.0;1.0;1.0;1.0;1.0;Porsgrunn;63;2020-01-01
21935006570750;1.0;;;;;;;;Skien;14;2020-01-01
21945006568250;1.0;;1.0;;1.0;;1.0;;Porsgrunn;142;2020-01-01
21945006568000;1.0;;1.0;;1.0;;1.0;;Porsgrunn;67;2020-01-01
21945006567750;1.0;;1.0;;1.0;;1.0;;Porsgrunn;65;2020-01-01
21945006567500;1.0;1.0;1.0;1.0;1.0;1.0;1.0;1.0;Porsgrunn;134;2020-01-01
21910006575000;1.0;;1.0;;;;;;Skien;22;2020-01-01
21910006573750;1.0;;;;;;;;Skien;116;2020-01-01
21912506574750;1.0;;1.0;;;;;;Skien;79;2020-01-01
21900006576750;;;1.0;;;;;;Skien;51;2020-01-01
21900006576500;;;1.0;;;;;;Skien;14;2020-01-01
21897506576750;;;1.0;;;;;;Skien;182;2020-01-01
21897506576500;;;1.0;;;;;;Skien;14;2020-01-01
21925006575750;1.0;;1.0;;1.0;;1.0;;Skien;205;2020-01-01
21925006575500;1.0;;1.0;;1.0;;1.0;;Skien;155;2020-01-01
21925006575250;1.0;;1.0;;1.0;;1.0;;Skien;227;2020-01-01
21925006573000;1.0;;;;;;;;Skien;96;2020-01-01
21922506576000;1.0;;1.0;;1.0;;1.0;;Skien;130;2020-01-01
21922506575750;1.0;1.0;1.0;1.0;1.0;1.0;1.0;1.0;Skien;189;2020-01-01
21917506576250;1.0;;1.0;;1.0;;1.0;;Skien;263;2020-01-01
21917506576000;1.0;;1.0;;1.0;;1.0;;Skien;220;2020-01-01
21917506575750;1.0;;1.0;;1.0;;1.0;;Skien;163;2020-01-01
21917506575500;1.0;;;;1.0;;;;Skien;74;2020-01-01
21917506575250;1.0;;1.0;;1.0;;1.0;;Skien;141;2020-01-01
21917506574250;1.0;1.0;1.0;1.0;;;;;Skien;64;2020-01-01
21922506575500;1.0;1.0;1.0;1.0;1.0;1.0;1.0;1.0;Skien;178;2020-01-01
21922506575250;1.0;;1.0;;1.0;;1.0;;Skien;20;2020-01-01
21922506573000;1.0;;1.0;;;;;;Skien;79;2020-01-01
21922506573250;;;1.0;;;;;;Skien;128;2020-01-01
21920006573250;;;1.0;;;;;;Skien;262;2020-01-01
21920006573000;;;1.0;;;;;;Skien;173;2020-01-01
21920006574250;1.0;;1.0;;;;;;Skien;271;2020-01-01
21920006576250;1.0;;1.0;;1.0;;1.0;;Skien;389;2020-01-01
21920006575750;1.0;1.0;1.0;1.0;1.0;1.0;1.0;1.0;Skien;225;2020-01-01
21920006575500;1.0;1.0;1.0;1.0;1.0;1.0;1.0;1.0;Skien;100;2020-01-01
21920006575250;1.0;1.0;1.0;1.0;1.0;1.0;1.0;1.0;Skien;293;2020-01-01
21920006575000;;;1.0;;;;1.0;;Skien;168;2020-01-01
21920006574500;1.0;;1.0;;;;;;Skien;216;2020-01-01
21920006576000;1.0;1.0;1.0;1.0;1.0;1.0;1.0;1.0;Skien;175;2020-01-01
21935006568000;1.0;1.0;1.0;1.0;1.0;1.0;1.0;1.0;Porsgrunn;48;2021-01-01
21935006567500;1.0;1.0;1.0;1.0;1.0;1.0;1.0;1.0;Porsgrunn;64;2021-01-01
21935006570750;1.0;;;;;;;;Skien;20;2021-01-01
21932506571500;1.0;;;;;;;;Skien;14;2021-01-01
21932506570750;1.0;;;;;;;;Skien;110;2021-01-01
21932506568000;1.0;1.0;1.0;1.0;1.0;1.0;1.0;1.0;Porsgrunn;221;2021-01-01
21932506570500;1.0;;;;;;;;Skien;63;2021-01-01
21910006575000;1.0;;1.0;;;;;;Skien;30;2021-01-01
21940006567750;1.0;;1.0;;1.0;;1.0;;Porsgrunn;97;2021-01-01
21940006567500;1.0;;1.0;;1.0;;1.0;;Porsgrunn;162;2021-01-01
21940006567250;1.0;;;;1.0;;;;Porsgrunn;148;2021-01-01
21937506567500;1.0;;1.0;;1.0;;1.0;;Porsgrunn;229;2021-01-01
21937506568000;1.0;;1.0;;1.0;;1.0;;Porsgrunn;125;2021-01-01
21937506567750;1.0;1.0;1.0;1.0;1.0;1.0;1.0;1.0;Porsgrunn;322;2021-01-01
21912506574750;1.0;;1.0;;;;;;Skien;75;2021-01-01
21932506567750;1.0;;1.0;;1.0;;1.0;;Porsgrunn;99;2021-01-01
21897506576750;;;1.0;;;;;;Skien;190;2021-01-01
21925006575750;1.0;;1.0;;1.0;;1.0;;Skien;174;2021-01-01
21925006575500;1.0;;1.0;;1.0;;1.0;;Skien;168;2021-01-01
21925006575250;1.0;;1.0;;1.0;;1.0;;Skien;245;2021-01-01
21920006573000;;;1.0;;;;;;Skien;162;2021-01-01
21920006573250;;;1.0;;;;;;Skien;251;2021-01-01
21920006575000;;;1.0;;;;1.0;;Skien;184;2021-01-01
21925006573000;1.0;;;;;;;;Skien;97;2021-01-01
21920006575250;1.0;1.0;1.0;1.0;1.0;1.0;1.0;1.0;Skien;320;2021-01-01
21920006575500;1.0;1.0;1.0;1.0;1.0;1.0;1.0;1.0;Skien;95;2021-01-01
21920006574250;1.0;;1.0;;;;;;Skien;270;2021-01-01
21897506576500;;;1.0;;;;;;Skien;13;2021-01-01
21920006574500;1.0;;1.0;;;;;;Skien;220;2021-01-01
21920006575750;1.0;1.0;1.0;1.0;1.0;1.0;1.0;1.0;Skien;262;2021-01-01
21922506575250;1.0;;1.0;;1.0;;1.0;;Skien;22;2021-01-01
21922506575500;1.0;1.0;1.0;1.0;1.0;1.0;1.0;1.0;Skien;166;2021-01-01
21922506575750;1.0;1.0;1.0;1.0;1.0;1.0;1.0;1.0;Skien;183;2021-01-01
21922506576000;1.0;;1.0;;1.0;;1.0;;Skien;127;2021-01-01
21922506573250;;;1.0;;;;;;Skien;134;2021-01-01
21922506573000;1.0;;1.0;;;;;;Skien;91;2021-01-01
21920006576000;1.0;1.0;1.0;1.0;1.0;1.0;1.0;1.0;Skien;190;2021-01-01
21920006576250;1.0;;1.0;;1.0;;1.0;;Skien;408;2021-01-01
21917506574250;1.0;1.0;1.0;1.0;;;;;Skien;70;2021-01-01
21932506567500;1.0;;1.0;;1.0;;1.0;;Porsgrunn;50;2021-01-01
21917506575750;1.0;;1.0;;1.0;;1.0;;Skien;163;2021-01-01
21917506576000;1.0;;1.0;;1.0;;1.0;;Skien;194;2021-01-01
21917506576250;1.0;;1.0;;1.0;;1.0;;Skien;251;2021-01-01
21917506575250;1.0;;1.0;;1.0;;1.0;;Skien;153;2021-01-01
21917506575500;1.0;;;;1.0;;;;Skien;76;2021-01-01
21945006567500;1.0;1.0;1.0;1.0;1.0;1.0;1.0;1.0;Porsgrunn;137;2021-01-01
21945006567750;1.0;;1.0;;1.0;;1.0;;Porsgrunn;56;2021-01-01
21945006568000;1.0;;1.0;;1.0;;1.0;;Porsgrunn;71;2021-01-01
21945006568250;1.0;;1.0;;1.0;;1.0;;Porsgrunn;148;2021-01-01
21900006576750;;;1.0;;;;;;Skien;53;2021-01-01
21900006576500;;;1.0;;;;;;Skien;17;2021-01-01
21942506567500;1.0;;1.0;;1.0;;1.0;;Porsgrunn;207;2021-01-01
21942506568000;1.0;;1.0;;1.0;;1.0;;Porsgrunn;67;2021-01-01
21942506568250;1.0;;1.0;;1.0;;1.0;;Porsgrunn;53;2021-01-01
21942506567750;1.0;1.0;1.0;1.0;1.0;1.0;1.0;1.0;Porsgrunn;118;2021-01-01
21910006573750;1.0;;;;;;;;Skien;103;2021-01-01
21897506576750;;;1.0;;;;;;Skien;178;2022-01-01
21920006573250;;;1.0;;;;;;Skien;243;2022-01-01
21920006573000;;;1.0;;;;;;Skien;183;2022-01-01
21900006576750;;;1.0;;;;;;Skien;50;2022-01-01
21910006575000;1.0;;1.0;;;;;;Skien;31;2022-01-01
21920006574500;1.0;;1.0;;;;;;Skien;219;2022-01-01
21920006575000;;;1.0;;;;1.0;;Skien;191;2022-01-01
21920006575250;1.0;1.0;1.0;1.0;1.0;1.0;1.0;1.0;Skien;335;2022-01-01
21897506576500;;;1.0;;;;;;Skien;12;2022-01-01
21920006574250;1.0;;1.0;;;;;;Skien;250;2022-01-01
21920006575500;1.0;1.0;1.0;1.0;1.0;1.0;1.0;1.0;Skien;94;2022-01-01
21920006575750;1.0;1.0;1.0;1.0;1.0;1.0;1.0;1.0;Skien;294;2022-01-01
21920006576000;1.0;1.0;1.0;1.0;1.0;1.0;1.0;1.0;Skien;226;2022-01-01
21920006576250;1.0;;1.0;;1.0;;1.0;;Skien;415;2022-01-01
21917506576000;1.0;;1.0;;1.0;;1.0;;Skien;203;2022-01-01
21917506576250;1.0;;1.0;;1.0;;1.0;;Skien;263;2022-01-01
21917506575750;1.0;;1.0;;1.0;;1.0;;Skien;147;2022-01-01
21900006576500;;;1.0;;;;;;Skien;18;2022-01-01
21912506574750;1.0;;1.0;;;;;;Skien;77;2022-01-01
21917506575250;1.0;;1.0;;1.0;;1.0;;Skien;154;2022-01-01
21917506575500;1.0;;;;1.0;;;;Skien;72;2022-01-01
21917506574250;1.0;1.0;1.0;1.0;;;;;Skien;62;2022-01-01
21910006573750;1.0;;;;;;;;Skien;111;2022-01-01
21942506567500;1.0;;1.0;;1.0;;1.0;;Porsgrunn;216;2022-01-01
21942506567750;1.0;1.0;1.0;1.0;1.0;1.0;1.0;1.0;Porsgrunn;118;2022-01-01
21942506568250;1.0;;1.0;;1.0;;1.0;;Porsgrunn;55;2022-01-01
21942506568000;1.0;;1.0;;1.0;;1.0;;Porsgrunn;66;2022-01-01
21945006568250;1.0;;1.0;;1.0;;1.0;;Porsgrunn;147;2022-01-01
21945006568000;1.0;;1.0;;1.0;;1.0;;Porsgrunn;74;2022-01-01
21945006567750;1.0;;1.0;;1.0;;1.0;;Porsgrunn;61;2022-01-01
21945006567500;1.0;1.0;1.0;1.0;1.0;1.0;1.0;1.0;Porsgrunn;135;2022-01-01
21940006567750;1.0;;1.0;;1.0;;1.0;;Porsgrunn;96;2022-01-01
21940006567500;1.0;;1.0;;1.0;;1.0;;Porsgrunn;165;2022-01-01
21940006567250;1.0;;;;1.0;;;;Porsgrunn;152;2022-01-01
21932506568000;1.0;1.0;1.0;1.0;1.0;1.0;1.0;1.0;Porsgrunn;227;2022-01-01
21932506567750;1.0;;1.0;;1.0;;1.0;;Porsgrunn;101;2022-01-01
21932506567500;1.0;;1.0;;1.0;;1.0;;Porsgrunn;48;2022-01-01
21922506573250;;;1.0;;;;;;Skien;126;2022-01-01
21922506573000;1.0;;1.0;;;;;;Skien;88;2022-01-01
21922506576000;1.0;;1.0;;1.0;;1.0;;Skien;128;2022-01-01
21922506575750;1.0;1.0;1.0;1.0;1.0;1.0;1.0;1.0;Skien;188;2022-01-01
21922506575500;1.0;1.0;1.0;1.0;1.0;1.0;1.0;1.0;Skien;148;2022-01-01
21922506575250;1.0;;1.0;;1.0;;1.0;;Skien;22;2022-01-01
21925006575500;1.0;;1.0;;1.0;;1.0;;Skien;157;2022-01-01
21925006575250;1.0;;1.0;;1.0;;1.0;;Skien;242;2022-01-01
21925006573000;1.0;;;;;;;;Skien;96;2022-01-01
21925006575750;1.0;;1.0;;1.0;;1.0;;Skien;184;2022-01-01
21935006570750;1.0;;;;;;;;Skien;21;2022-01-01
21935006568000;1.0;1.0;1.0;1.0;1.0;1.0;1.0;1.0;Porsgrunn;46;2022-01-01
21935006567500;1.0;1.0;1.0;1.0;1.0;1.0;1.0;1.0;Porsgrunn;59;2022-01-01
21937506567500;1.0;;1.0;;1.0;;1.0;;Porsgrunn;231;2022-01-01
21937506567750;1.0;1.0;1.0;1.0;1.0;1.0;1.0;1.0;Porsgrunn;335;2022-01-01
21937506568000;1.0;;1.0;;1.0;;1.0;;Porsgrunn;117;2022-01-01
21932506570750;1.0;;;;;;;;Skien;118;2022-01-01
21932506571500;1.0;;;;;;;;Skien;12;2022-01-01
21932506570500;1.0;;;;;;;;Skien;67;2022-01-01
21940006567750;1.0;;1.0;;1.0;;1.0;;Porsgrunn;87;2023-01-01
21940006567500;1.0;;1.0;;1.0;;1.0;;Porsgrunn;164;2023-01-01
21940006567250;1.0;;;;1.0;;;;Porsgrunn;150;2023-01-01
21945006568250;1.0;;1.0;;1.0;;1.0;;Porsgrunn;146;2023-01-01
21945006568000;1.0;;1.0;;1.0;;1.0;;Porsgrunn;70;2023-01-01
21945006567750;1.0;;1.0;;1.0;;1.0;;Porsgrunn;64;2023-01-01
21945006567500;1.0;1.0;1.0;1.0;1.0;1.0;1.0;1.0;Porsgrunn;135;2023-01-01
21942506567500;1.0;;1.0;;1.0;;1.0;;Porsgrunn;220;2023-01-01
21942506568250;1.0;;1.0;;1.0;;1.0;;Porsgrunn;56;2023-01-01
21942506568000;1.0;;1.0;;1.0;;1.0;;Porsgrunn;82;2023-01-01
21942506567750;1.0;1.0;1.0;1.0;1.0;1.0;1.0;1.0;Porsgrunn;125;2023-01-01
21912506574750;1.0;;1.0;;;;;;Skien;76;2023-01-01
21910006575000;1.0;;1.0;;;;;;Skien;29;2023-01-01
21910006573750;1.0;;;;;;;;Skien;114;2023-01-01
21917506576250;1.0;;1.0;;1.0;;1.0;;Skien;260;2023-01-01
21917506576000;1.0;;1.0;;1.0;;1.0;;Skien;217;2023-01-01
21917506575750;1.0;;1.0;;1.0;;1.0;;Skien;160;2023-01-01
21917506575500;1.0;;;;1.0;;;;Skien;67;2023-01-01
21917506575250;1.0;;1.0;;1.0;;1.0;;Skien;139;2023-01-01
21917506574250;1.0;1.0;1.0;1.0;;;;;Skien;60;2023-01-01
21897506576750;;;1.0;;;;;;Skien;172;2023-01-01
21897506576500;;;1.0;;;;;;Skien;13;2023-01-01
21900006576750;;;1.0;;;;;;Skien;50;2023-01-01
21900006576500;;;1.0;;;;;;Skien;18;2023-01-01
21932506570750;1.0;;;;;;;;Skien;121;2023-01-01
21932506570500;1.0;;;;;;;;Skien;65;2023-01-01
21932506568000;1.0;1.0;1.0;1.0;1.0;1.0;1.0;1.0;Porsgrunn;227;2023-01-01
21932506567750;1.0;;1.0;;1.0;;1.0;;Porsgrunn;102;2023-01-01
21932506567500;1.0;;1.0;;1.0;;1.0;;Porsgrunn;50;2023-01-01
21932506571500;1.0;;;;;;;;Skien;11;2023-01-01
21937506568000;1.0;;1.0;;1.0;;1.0;;Porsgrunn;120;2023-01-01
21937506567750;1.0;1.0;1.0;1.0;1.0;1.0;1.0;1.0;Porsgrunn;320;2023-01-01
21937506567500;1.0;;1.0;;1.0;;1.0;;Porsgrunn;231;2023-01-01
21935006568000;1.0;1.0;1.0;1.0;1.0;1.0;1.0;1.0;Porsgrunn;47;2023-01-01
21935006567500;1.0;1.0;1.0;1.0;1.0;1.0;1.0;1.0;Porsgrunn;130;2023-01-01
21935006570750;1.0;;;;;;;;Skien;20;2023-01-01
21922506576000;1.0;;1.0;;1.0;;1.0;;Skien;137;2023-01-01
21922506575750;1.0;1.0;1.0;1.0;1.0;1.0;1.0;1.0;Skien;182;2023-01-01
21922506575500;1.0;1.0;1.0;1.0;1.0;1.0;1.0;1.0;Skien;168;2023-01-01
21922506575250;1.0;;1.0;;1.0;;1.0;;Skien;21;2023-01-01
21922506573250;;;1.0;;;;;;Skien;132;2023-01-01
21922506573000;1.0;;1.0;;;;;;Skien;80;2023-01-01
21920006576250;1.0;;1.0;;1.0;;1.0;;Skien;417;2023-01-01
21920006576000;1.0;1.0;1.0;1.0;1.0;1.0;1.0;1.0;Skien;252;2023-01-01
21920006575750;1.0;1.0;1.0;1.0;1.0;1.0;1.0;1.0;Skien;296;2023-01-01
21920006575500;1.0;1.0;1.0;1.0;1.0;1.0;1.0;1.0;Skien;94;2023-01-01
21920006575250;1.0;1.0;1.0;1.0;1.0;1.0;1.0;1.0;Skien;366;2023-01-01
21920006575000;;;1.0;;;;1.0;;Skien;195;2023-01-01
21920006574500;1.0;;1.0;;;;;;Skien;215;2023-01-01
21920006574250;1.0;;1.0;;;;;;Skien;249;2023-01-01
21920006573250;;;1.0;;;;;;Skien;255;2023-01-01
21920006573000;;;1.0;;;;;;Skien;189;2023-01-01
21925006575750;1.0;;1.0;;1.0;;1.0;;Skien;179;2023-01-01
21925006575500;1.0;;1.0;;1.0;;1.0;;Skien;147;2023-01-01
21925006575250;1.0;;1.0;;1.0;;1.0;;Skien;245;2023-01-01
21925006573000;1.0;;;;;;;;Skien;94;2023-01-01
