Fylke,År (intervall),År,Kjønn,Alder,Dødsårsak,Måltall,Antall,SortFylke
Hele landet,2015-2024,2024-01-01,Kjønn samlet,Alle aldre,Alle dødsårsaker,"per 100 000, standardisert",781.9,2
Hele landet,2015-2024,2024-01-01,Kjønn samlet,Alle aldre,Diabetes,"per 100 000, standardisert",13.0,2
Hele landet,2015-2024,2024-01-01,Kjønn samlet,Alle aldre,Hjerte-og karsykdommer,"per 100 000, standardisert",192.2,2
Hele landet,2015-2024,2024-01-01,Kjønn samlet,Alle aldre,KOLS,"per 100 000, standardisert",39.1,2
Hele landet,2015-2024,2024-01-01,Kjønn samlet,Alle aldre,Kreft,"per 100 000, standardisert",204.5,2
Hele landet,2015-2024,2024-01-01,Kjønn samlet,Alle aldre,KOLS og lungekreft,"per 100 000, standardisert",79.9,2
Hele landet,2015-2024,2024-01-01,Kjønn samlet,Alle aldre,Voldsomme dødsfall,"per 100 000, standardisert",49.9,2
Oslo (fylke),2015-2024,2024-01-01,Kjønn samlet,Alle aldre,Alle dødsårsaker,"per 100 000, standardisert",763.4,10
Oslo (fylke),2015-2024,2024-01-01,Kjønn samlet,Alle aldre,Diabetes,"per 100 000, standardisert",12.3,10
Oslo (fylke),2015-2024,2024-01-01,Kjønn samlet,Alle aldre,Hjerte-og karsykdommer,"per 100 000, standardisert",178.2,10
Oslo (fylke),2015-2024,2024-01-01,Kjønn samlet,Alle aldre,KOLS,"per 100 000, standardisert",33.6,10
Oslo (fylke),2015-2024,2024-01-01,Kjønn samlet,Alle aldre,Kreft,"per 100 000, standardisert",196.0,10
Oslo (fylke),2015-2024,2024-01-01,Kjønn samlet,Alle aldre,KOLS og lungekreft,"per 100 000, standardisert",67.6,10
Oslo (fylke),2015-2024,2024-01-01,Kjønn samlet,Alle aldre,Voldsomme dødsfall,"per 100 000, standardisert",46.2,10
Østfold,2015-2024,2024-01-01,Kjønn samlet,Alle aldre,Alle dødsårsaker,"per 100 000, standardisert",835.2,16
Østfold,2015-2024,2024-01-01,Kjønn samlet,Alle aldre,Diabetes,"per 100 000, standardisert",13.9,16
Østfold,2015-2024,2024-01-01,Kjønn samlet,Alle aldre,Hjerte-og karsykdommer,"per 100 000, standardisert",206.1,16
Østfold,2015-2024,2024-01-01,Kjønn samlet,Alle aldre,KOLS,"per 100 000, standardisert",45.3,16
Østfold,2015-2024,2024-01-01,Kjønn samlet,Alle aldre,Kreft,"per 100 000, standardisert",215.1,16
Østfold,2015-2024,2024-01-01,Kjønn samlet,Alle aldre,KOLS og lungekreft,"per 100 000, standardisert",91.2,16
Østfold,2015-2024,2024-01-01,Kjønn samlet,Alle aldre,Voldsomme dødsfall,"per 100 000, standardisert",52.8,16
Akershus,2015-2024,2024-01-01,Kjønn samlet,Alle aldre,Alle dødsårsaker,"per 100 000, standardisert",726.2,4
Akershus,2015-2024,2024-01-01,Kjønn samlet,Alle aldre,Diabetes,"per 100 000, standardisert",12.2,4
Akershus,2015-2024,2024-01-01,Kjønn samlet,Alle aldre,Hjerte-og karsykdommer,"per 100 000, standardisert",176.4,4
Akershus,2015-2024,2024-01-01,Kjønn samlet,Alle aldre,KOLS,"per 100 000, standardisert",32.8,4
Akershus,2015-2024,2024-01-01,Kjønn samlet,Alle aldre,Kreft,"per 100 000, standardisert",190.5,4
Akershus,2015-2024,2024-01-01,Kjønn samlet,Alle aldre,KOLS og lungekreft,"per 100 000, standardisert",68.1,4
Akershus,2015-2024,2024-01-01,Kjønn samlet,Alle aldre,Voldsomme dødsfall,"per 100 000, standardisert",45.8,4
Buskerud,2015-2024,2024-01-01,Kjønn samlet,Alle aldre,Alle dødsårsaker,"per 100 000, standardisert",793.0,5
Buskerud,2015-2024,2024-01-01,Kjønn samlet,Alle aldre,Diabetes,"per 100 000, standardisert",13.7,5
Buskerud,2015-2024,2024-01-01,Kjønn samlet,Alle aldre,Hjerte-og karsykdommer,"per 100 000, standardisert",190.8,5
Buskerud,2015-2024,2024-01-01,Kjønn samlet,Alle aldre,KOLS,"per 100 000, standardisert",41.7,5
Buskerud,2015-2024,2024-01-01,Kjønn samlet,Alle aldre,Kreft,"per 100 000, standardisert",207.0,5
Buskerud,2015-2024,2024-01-01,Kjønn samlet,Alle aldre,KOLS og lungekreft,"per 100 000, standardisert",81.9,5
Buskerud,2015-2024,2024-01-01,Kjønn samlet,Alle aldre,Voldsomme dødsfall,"per 100 000, standardisert",53.6,5
Innlandet,2015-2024,2024-01-01,Kjønn samlet,Alle aldre,Alle dødsårsaker,"per 100 000, standardisert",849.8,7
Innlandet,2015-2024,2024-01-01,Kjønn samlet,Alle aldre,Diabetes,"per 100 000, standardisert",16.4,7
Innlandet,2015-2024,2024-01-01,Kjønn samlet,Alle aldre,Hjerte-og karsykdommer,"per 100 000, standardisert",217.7,7
Innlandet,2015-2024,2024-01-01,Kjønn samlet,Alle aldre,KOLS,"per 100 000, standardisert",47.5,7
Innlandet,2015-2024,2024-01-01,Kjønn samlet,Alle aldre,Kreft,"per 100 000, standardisert",209.2,7
Innlandet,2015-2024,2024-01-01,Kjønn samlet,Alle aldre,KOLS og lungekreft,"per 100 000, standardisert",88.8,7
Innlandet,2015-2024,2024-01-01,Kjønn samlet,Alle aldre,Voldsomme dødsfall,"per 100 000, standardisert",56.1,7
Vestfold,2015-2024,2024-01-01,Kjønn samlet,Alle aldre,Alle dødsårsaker,"per 100 000, standardisert",779.3,14
Vestfold,2015-2024,2024-01-01,Kjønn samlet,Alle aldre,Diabetes,"per 100 000, standardisert",13.8,14
Vestfold,2015-2024,2024-01-01,Kjønn samlet,Alle aldre,Hjerte-og karsykdommer,"per 100 000, standardisert",181.5,14
Vestfold,2015-2024,2024-01-01,Kjønn samlet,Alle aldre,KOLS,"per 100 000, standardisert",42.9,14
Vestfold,2015-2024,2024-01-01,Kjønn samlet,Alle aldre,Kreft,"per 100 000, standardisert",215.4,14
Vestfold,2015-2024,2024-01-01,Kjønn samlet,Alle aldre,KOLS og lungekreft,"per 100 000, standardisert",88.8,14
Vestfold,2015-2024,2024-01-01,Kjønn samlet,Alle aldre,Voldsomme dødsfall,"per 100 000, standardisert",54.0,14
Telemark,2015-2024,2024-01-01,Kjønn samlet,Alle aldre,Alle dødsårsaker,"per 100 000, standardisert",839.9,1
Telemark,2015-2024,2024-01-01,Kjønn samlet,Alle aldre,Diabetes,"per 100 000, standardisert",16.6,1
Telemark,2015-2024,2024-01-01,Kjønn samlet,Alle aldre,Hjerte-og karsykdommer,"per 100 000, standardisert",222.0,1
Telemark,2015-2024,2024-01-01,Kjønn samlet,Alle aldre,KOLS,"per 100 000, standardisert",50.2,1
Telemark,2015-2024,2024-01-01,Kjønn samlet,Alle aldre,Kreft,"per 100 000, standardisert",206.1,1
Telemark,2015-2024,2024-01-01,Kjønn samlet,Alle aldre,KOLS og lungekreft,"per 100 000, standardisert",93.6,1
Telemark,2015-2024,2024-01-01,Kjønn samlet,Alle aldre,Voldsomme dødsfall,"per 100 000, standardisert",55.9,1
Agder,2015-2024,2024-01-01,Kjønn samlet,Alle aldre,Alle dødsårsaker,"per 100 000, standardisert",796.5,3
Agder,2015-2024,2024-01-01,Kjønn samlet,Alle aldre,Diabetes,"per 100 000, standardisert",12.5,3
Agder,2015-2024,2024-01-01,Kjønn samlet,Alle aldre,Hjerte-og karsykdommer,"per 100 000, standardisert",183.8,3
Agder,2015-2024,2024-01-01,Kjønn samlet,Alle aldre,KOLS,"per 100 000, standardisert",46.7,3
Agder,2015-2024,2024-01-01,Kjønn samlet,Alle aldre,Kreft,"per 100 000, standardisert",215.7,3
Agder,2015-2024,2024-01-01,Kjønn samlet,Alle aldre,KOLS og lungekreft,"per 100 000, standardisert",94.3,3
Agder,2015-2024,2024-01-01,Kjønn samlet,Alle aldre,Voldsomme dødsfall,"per 100 000, standardisert",54.0,3
Rogaland,2015-2024,2024-01-01,Kjønn samlet,Alle aldre,Alle dødsårsaker,"per 100 000, standardisert",762.6,11
Rogaland,2015-2024,2024-01-01,Kjønn samlet,Alle aldre,Diabetes,"per 100 000, standardisert",9.5,11
Rogaland,2015-2024,2024-01-01,Kjønn samlet,Alle aldre,Hjerte-og karsykdommer,"per 100 000, standardisert",179.2,11
Rogaland,2015-2024,2024-01-01,Kjønn samlet,Alle aldre,KOLS,"per 100 000, standardisert",39.1,11
Rogaland,2015-2024,2024-01-01,Kjønn samlet,Alle aldre,Kreft,"per 100 000, standardisert",208.9,11
Rogaland,2015-2024,2024-01-01,Kjønn samlet,Alle aldre,KOLS og lungekreft,"per 100 000, standardisert",81.3,11
Rogaland,2015-2024,2024-01-01,Kjønn samlet,Alle aldre,Voldsomme dødsfall,"per 100 000, standardisert",46.4,11
Vestland,2015-2024,2024-01-01,Kjønn samlet,Alle aldre,Alle dødsårsaker,"per 100 000, standardisert",739.0,15
Vestland,2015-2024,2024-01-01,Kjønn samlet,Alle aldre,Diabetes,"per 100 000, standardisert",12.2,15
Vestland,2015-2024,2024-01-01,Kjønn samlet,Alle aldre,Hjerte-og karsykdommer,"per 100 000, standardisert",183.2,15
Vestland,2015-2024,2024-01-01,Kjønn samlet,Alle aldre,KOLS,"per 100 000, standardisert",33.2,15
Vestland,2015-2024,2024-01-01,Kjønn samlet,Alle aldre,Kreft,"per 100 000, standardisert",202.2,15
Vestland,2015-2024,2024-01-01,Kjønn samlet,Alle aldre,KOLS og lungekreft,"per 100 000, standardisert",73.1,15
Vestland,2015-2024,2024-01-01,Kjønn samlet,Alle aldre,Voldsomme dødsfall,"per 100 000, standardisert",45.3,15
Møre og Romsdal,2015-2024,2024-01-01,Kjønn samlet,Alle aldre,Alle dødsårsaker,"per 100 000, standardisert",748.6,8
Møre og Romsdal,2015-2024,2024-01-01,Kjønn samlet,Alle aldre,Diabetes,"per 100 000, standardisert",12.3,8
Møre og Romsdal,2015-2024,2024-01-01,Kjønn samlet,Alle aldre,Hjerte-og karsykdommer,"per 100 000, standardisert",200.2,8
Møre og Romsdal,2015-2024,2024-01-01,Kjønn samlet,Alle aldre,KOLS,"per 100 000, standardisert",31.3,8
Møre og Romsdal,2015-2024,2024-01-01,Kjønn samlet,Alle aldre,Kreft,"per 100 000, standardisert",197.4,8
Møre og Romsdal,2015-2024,2024-01-01,Kjønn samlet,Alle aldre,KOLS og lungekreft,"per 100 000, standardisert",70.5,8
Møre og Romsdal,2015-2024,2024-01-01,Kjønn samlet,Alle aldre,Voldsomme dødsfall,"per 100 000, standardisert",42.6,8
Trøndelag Trööndelage,2015-2024,2024-01-01,Kjønn samlet,Alle aldre,Alle dødsårsaker,"per 100 000, standardisert",769.3,13
Trøndelag Trööndelage,2015-2024,2024-01-01,Kjønn samlet,Alle aldre,Diabetes,"per 100 000, standardisert",13.5,13
Trøndelag Trööndelage,2015-2024,2024-01-01,Kjønn samlet,Alle aldre,Hjerte-og karsykdommer,"per 100 000, standardisert",198.1,13
Trøndelag Trööndelage,2015-2024,2024-01-01,Kjønn samlet,Alle aldre,KOLS,"per 100 000, standardisert",36.1,13
Trøndelag Trööndelage,2015-2024,2024-01-01,Kjønn samlet,Alle aldre,Kreft,"per 100 000, standardisert",196.5,13
Trøndelag Trööndelage,2015-2024,2024-01-01,Kjønn samlet,Alle aldre,KOLS og lungekreft,"per 100 000, standardisert",73.4,13
Trøndelag Trööndelage,2015-2024,2024-01-01,Kjønn samlet,Alle aldre,Voldsomme dødsfall,"per 100 000, standardisert",47.4,13
Nordland Nordlánnda,2015-2024,2024-01-01,Kjønn samlet,Alle aldre,Alle dødsårsaker,"per 100 000, standardisert",805.9,9
Nordland Nordlánnda,2015-2024,2024-01-01,Kjønn samlet,Alle aldre,Diabetes,"per 100 000, standardisert",14.4,9
Nordland Nordlánnda,2015-2024,2024-01-01,Kjønn samlet,Alle aldre,Hjerte-og karsykdommer,"per 100 000, standardisert",192.9,9
Nordland Nordlánnda,2015-2024,2024-01-01,Kjønn samlet,Alle aldre,KOLS,"per 100 000, standardisert",39.2,9
Nordland Nordlánnda,2015-2024,2024-01-01,Kjønn samlet,Alle aldre,Kreft,"per 100 000, standardisert",211.1,9
Nordland Nordlánnda,2015-2024,2024-01-01,Kjønn samlet,Alle aldre,KOLS og lungekreft,"per 100 000, standardisert",84.0,9
Nordland Nordlánnda,2015-2024,2024-01-01,Kjønn samlet,Alle aldre,Voldsomme dødsfall,"per 100 000, standardisert",56.9,9
Troms Romsa Tromssa,2015-2024,2024-01-01,Kjønn samlet,Alle aldre,Alle dødsårsaker,"per 100 000, standardisert",798.7,12
Troms Romsa Tromssa,2015-2024,2024-01-01,Kjønn samlet,Alle aldre,Diabetes,"per 100 000, standardisert",10.9,12
Troms Romsa Tromssa,2015-2024,2024-01-01,Kjønn samlet,Alle aldre,Hjerte-og karsykdommer,"per 100 000, standardisert",200.0,12
Troms Romsa Tromssa,2015-2024,2024-01-01,Kjønn samlet,Alle aldre,KOLS,"per 100 000, standardisert",41.6,12
Troms Romsa Tromssa,2015-2024,2024-01-01,Kjønn samlet,Alle aldre,Kreft,"per 100 000, standardisert",205.5,12
Troms Romsa Tromssa,2015-2024,2024-01-01,Kjønn samlet,Alle aldre,KOLS og lungekreft,"per 100 000, standardisert",87.2,12
Troms Romsa Tromssa,2015-2024,2024-01-01,Kjønn samlet,Alle aldre,Voldsomme dødsfall,"per 100 000, standardisert",52.3,12
Finnmark Finnmárku Finmarkku,2015-2024,2024-01-01,Kjønn samlet,Alle aldre,Alle dødsårsaker,"per 100 000, standardisert",913.4,6
Finnmark Finnmárku Finmarkku,2015-2024,2024-01-01,Kjønn samlet,Alle aldre,Diabetes,"per 100 000, standardisert",11.3,6
Finnmark Finnmárku Finmarkku,2015-2024,2024-01-01,Kjønn samlet,Alle aldre,Hjerte-og karsykdommer,"per 100 000, standardisert",234.3,6
Finnmark Finnmárku Finmarkku,2015-2024,2024-01-01,Kjønn samlet,Alle aldre,KOLS,"per 100 000, standardisert",54.3,6
Finnmark Finnmárku Finmarkku,2015-2024,2024-01-01,Kjønn samlet,Alle aldre,Kreft,"per 100 000, standardisert",221.1,6
Finnmark Finnmárku Finmarkku,2015-2024,2024-01-01,Kjønn samlet,Alle aldre,KOLS og lungekreft,"per 100 000, standardisert",108.3,6
Finnmark Finnmárku Finmarkku,2015-2024,2024-01-01,Kjønn samlet,Alle aldre,Voldsomme dødsfall,"per 100 000, standardisert",67.4,6
