Fylke,År (intervall),År,Kjønn,Alder,Sykdomsgruppe,Måltall,Antall,SortKjonn,SortAlder,SortFylke
Hele landet,2022-2024,2024-01-01,Kjønn samlet,0-74 år,"Hjerte- og karsykdomsdiagnoser, totalt","per 1000, standardisert",99.5,1,1,2
Hele landet,2022-2024,2024-01-01,Kjønn samlet,0-44 år,"Hjerte- og karsykdomsdiagnoser, totalt","per 1000, standardisert",24.7,1,2,2
Hele landet,2022-2024,2024-01-01,Kjønn samlet,45-74 år,"Hjerte- og karsykdomsdiagnoser, totalt","per 1000, standardisert",214.5,1,3,2
Hele landet,2022-2024,2024-01-01,Kjønn samlet,75-79 år,"Hjerte- og karsykdomsdiagnoser, totalt","per 1000, standardisert",454.2,1,4,2
Hele landet,2022-2024,2024-01-01,Menn,0-74 år,"Hjerte- og karsykdomsdiagnoser, totalt","per 1000, standardisert",107.0,2,1,2
Hele landet,2022-2024,2024-01-01,Menn,0-44 år,"Hjerte- og karsykdomsdiagnoser, totalt","per 1000, standardisert",23.1,2,2,2
Hele landet,2022-2024,2024-01-01,Menn,45-74 år,"Hjerte- og karsykdomsdiagnoser, totalt","per 1000, standardisert",238.1,2,3,2
Hele landet,2022-2024,2024-01-01,Menn,75-79 år,"Hjerte- og karsykdomsdiagnoser, totalt","per 1000, standardisert",484.9,2,4,2
Hele landet,2022-2024,2024-01-01,Kvinner,0-74 år,"Hjerte- og karsykdomsdiagnoser, totalt","per 1000, standardisert",91.6,3,1,2
Hele landet,2022-2024,2024-01-01,Kvinner,0-44 år,"Hjerte- og karsykdomsdiagnoser, totalt","per 1000, standardisert",26.5,3,2,2
Hele landet,2022-2024,2024-01-01,Kvinner,45-74 år,"Hjerte- og karsykdomsdiagnoser, totalt","per 1000, standardisert",190.4,3,3,2
Hele landet,2022-2024,2024-01-01,Kvinner,75-79 år,"Hjerte- og karsykdomsdiagnoser, totalt","per 1000, standardisert",425.7,3,4,2
Oslo (fylke),2022-2024,2024-01-01,Kjønn samlet,0-74 år,"Hjerte- og karsykdomsdiagnoser, totalt","per 1000, standardisert",88.1,1,1,10
Oslo (fylke),2022-2024,2024-01-01,Kjønn samlet,0-44 år,"Hjerte- og karsykdomsdiagnoser, totalt","per 1000, standardisert",21.2,1,2,10
Oslo (fylke),2022-2024,2024-01-01,Kjønn samlet,45-74 år,"Hjerte- og karsykdomsdiagnoser, totalt","per 1000, standardisert",191.8,1,3,10
Oslo (fylke),2022-2024,2024-01-01,Kjønn samlet,75-79 år,"Hjerte- og karsykdomsdiagnoser, totalt","per 1000, standardisert",416.6,1,4,10
Oslo (fylke),2022-2024,2024-01-01,Menn,0-74 år,"Hjerte- og karsykdomsdiagnoser, totalt","per 1000, standardisert",94.5,2,1,10
Oslo (fylke),2022-2024,2024-01-01,Menn,0-44 år,"Hjerte- og karsykdomsdiagnoser, totalt","per 1000, standardisert",20.0,2,2,10
Oslo (fylke),2022-2024,2024-01-01,Menn,45-74 år,"Hjerte- og karsykdomsdiagnoser, totalt","per 1000, standardisert",211.3,2,3,10
Oslo (fylke),2022-2024,2024-01-01,Menn,75-79 år,"Hjerte- og karsykdomsdiagnoser, totalt","per 1000, standardisert",450.1,2,4,10
Oslo (fylke),2022-2024,2024-01-01,Kvinner,0-74 år,"Hjerte- og karsykdomsdiagnoser, totalt","per 1000, standardisert",81.5,3,1,10
Oslo (fylke),2022-2024,2024-01-01,Kvinner,0-44 år,"Hjerte- og karsykdomsdiagnoser, totalt","per 1000, standardisert",22.5,3,2,10
Oslo (fylke),2022-2024,2024-01-01,Kvinner,45-74 år,"Hjerte- og karsykdomsdiagnoser, totalt","per 1000, standardisert",172.0,3,3,10
Oslo (fylke),2022-2024,2024-01-01,Kvinner,75-79 år,"Hjerte- og karsykdomsdiagnoser, totalt","per 1000, standardisert",385.9,3,4,10
Østfold,2022-2024,2024-01-01,Kjønn samlet,0-74 år,"Hjerte- og karsykdomsdiagnoser, totalt","per 1000, standardisert",113.8,1,1,16
Østfold,2022-2024,2024-01-01,Kjønn samlet,0-44 år,"Hjerte- og karsykdomsdiagnoser, totalt","per 1000, standardisert",28.0,1,2,16
Østfold,2022-2024,2024-01-01,Kjønn samlet,45-74 år,"Hjerte- og karsykdomsdiagnoser, totalt","per 1000, standardisert",245.8,1,3,16
Østfold,2022-2024,2024-01-01,Kjønn samlet,75-79 år,"Hjerte- og karsykdomsdiagnoser, totalt","per 1000, standardisert",500.0,1,4,16
Østfold,2022-2024,2024-01-01,Menn,0-74 år,"Hjerte- og karsykdomsdiagnoser, totalt","per 1000, standardisert",122.6,2,1,16
Østfold,2022-2024,2024-01-01,Menn,0-44 år,"Hjerte- og karsykdomsdiagnoser, totalt","per 1000, standardisert",26.8,2,2,16
Østfold,2022-2024,2024-01-01,Menn,45-74 år,"Hjerte- og karsykdomsdiagnoser, totalt","per 1000, standardisert",272.5,2,3,16
Østfold,2022-2024,2024-01-01,Menn,75-79 år,"Hjerte- og karsykdomsdiagnoser, totalt","per 1000, standardisert",526.9,2,4,16
Østfold,2022-2024,2024-01-01,Kvinner,0-74 år,"Hjerte- og karsykdomsdiagnoser, totalt","per 1000, standardisert",104.6,3,1,16
Østfold,2022-2024,2024-01-01,Kvinner,0-44 år,"Hjerte- og karsykdomsdiagnoser, totalt","per 1000, standardisert",29.3,3,2,16
Østfold,2022-2024,2024-01-01,Kvinner,45-74 år,"Hjerte- og karsykdomsdiagnoser, totalt","per 1000, standardisert",218.6,3,3,16
Østfold,2022-2024,2024-01-01,Kvinner,75-79 år,"Hjerte- og karsykdomsdiagnoser, totalt","per 1000, standardisert",474.8,3,4,16
Akershus,2022-2024,2024-01-01,Kjønn samlet,0-74 år,"Hjerte- og karsykdomsdiagnoser, totalt","per 1000, standardisert",99.5,1,1,4
Akershus,2022-2024,2024-01-01,Kjønn samlet,0-44 år,"Hjerte- og karsykdomsdiagnoser, totalt","per 1000, standardisert",24.5,1,2,4
Akershus,2022-2024,2024-01-01,Kjønn samlet,45-74 år,"Hjerte- og karsykdomsdiagnoser, totalt","per 1000, standardisert",215.1,1,3,4
Akershus,2022-2024,2024-01-01,Kjønn samlet,75-79 år,"Hjerte- og karsykdomsdiagnoser, totalt","per 1000, standardisert",464.2,1,4,4
Akershus,2022-2024,2024-01-01,Menn,0-74 år,"Hjerte- og karsykdomsdiagnoser, totalt","per 1000, standardisert",107.8,2,1,4
Akershus,2022-2024,2024-01-01,Menn,0-44 år,"Hjerte- og karsykdomsdiagnoser, totalt","per 1000, standardisert",23.0,2,2,4
Akershus,2022-2024,2024-01-01,Menn,45-74 år,"Hjerte- og karsykdomsdiagnoser, totalt","per 1000, standardisert",240.3,2,3,4
Akershus,2022-2024,2024-01-01,Menn,75-79 år,"Hjerte- og karsykdomsdiagnoser, totalt","per 1000, standardisert",497.9,2,4,4
Akershus,2022-2024,2024-01-01,Kvinner,0-74 år,"Hjerte- og karsykdomsdiagnoser, totalt","per 1000, standardisert",90.9,3,1,4
Akershus,2022-2024,2024-01-01,Kvinner,0-44 år,"Hjerte- og karsykdomsdiagnoser, totalt","per 1000, standardisert",26.0,3,2,4
Akershus,2022-2024,2024-01-01,Kvinner,45-74 år,"Hjerte- og karsykdomsdiagnoser, totalt","per 1000, standardisert",189.4,3,3,4
Akershus,2022-2024,2024-01-01,Kvinner,75-79 år,"Hjerte- og karsykdomsdiagnoser, totalt","per 1000, standardisert",433.1,3,4,4
Buskerud,2022-2024,2024-01-01,Kjønn samlet,0-74 år,"Hjerte- og karsykdomsdiagnoser, totalt","per 1000, standardisert",111.0,1,1,5
Buskerud,2022-2024,2024-01-01,Kjønn samlet,0-44 år,"Hjerte- og karsykdomsdiagnoser, totalt","per 1000, standardisert",27.1,1,2,5
Buskerud,2022-2024,2024-01-01,Kjønn samlet,45-74 år,"Hjerte- og karsykdomsdiagnoser, totalt","per 1000, standardisert",240.1,1,3,5
Buskerud,2022-2024,2024-01-01,Kjønn samlet,75-79 år,"Hjerte- og karsykdomsdiagnoser, totalt","per 1000, standardisert",504.0,1,4,5
Buskerud,2022-2024,2024-01-01,Menn,0-74 år,"Hjerte- og karsykdomsdiagnoser, totalt","per 1000, standardisert",119.6,2,1,5
Buskerud,2022-2024,2024-01-01,Menn,0-44 år,"Hjerte- og karsykdomsdiagnoser, totalt","per 1000, standardisert",25.8,2,2,5
Buskerud,2022-2024,2024-01-01,Menn,45-74 år,"Hjerte- og karsykdomsdiagnoser, totalt","per 1000, standardisert",266.2,2,3,5
Buskerud,2022-2024,2024-01-01,Menn,75-79 år,"Hjerte- og karsykdomsdiagnoser, totalt","per 1000, standardisert",536.7,2,4,5
Buskerud,2022-2024,2024-01-01,Kvinner,0-74 år,"Hjerte- og karsykdomsdiagnoser, totalt","per 1000, standardisert",102.0,3,1,5
Buskerud,2022-2024,2024-01-01,Kvinner,0-44 år,"Hjerte- og karsykdomsdiagnoser, totalt","per 1000, standardisert",28.5,3,2,5
Buskerud,2022-2024,2024-01-01,Kvinner,45-74 år,"Hjerte- og karsykdomsdiagnoser, totalt","per 1000, standardisert",213.4,3,3,5
Buskerud,2022-2024,2024-01-01,Kvinner,75-79 år,"Hjerte- og karsykdomsdiagnoser, totalt","per 1000, standardisert",473.7,3,4,5
Innlandet,2022-2024,2024-01-01,Kjønn samlet,0-74 år,"Hjerte- og karsykdomsdiagnoser, totalt","per 1000, standardisert",108.3,1,1,7
Innlandet,2022-2024,2024-01-01,Kjønn samlet,0-44 år,"Hjerte- og karsykdomsdiagnoser, totalt","per 1000, standardisert",26.0,1,2,7
Innlandet,2022-2024,2024-01-01,Kjønn samlet,45-74 år,"Hjerte- og karsykdomsdiagnoser, totalt","per 1000, standardisert",234.6,1,3,7
Innlandet,2022-2024,2024-01-01,Kjønn samlet,75-79 år,"Hjerte- og karsykdomsdiagnoser, totalt","per 1000, standardisert",478.8,1,4,7
Innlandet,2022-2024,2024-01-01,Menn,0-74 år,"Hjerte- og karsykdomsdiagnoser, totalt","per 1000, standardisert",116.3,2,1,7
Innlandet,2022-2024,2024-01-01,Menn,0-44 år,"Hjerte- og karsykdomsdiagnoser, totalt","per 1000, standardisert",24.1,2,2,7
Innlandet,2022-2024,2024-01-01,Menn,45-74 år,"Hjerte- og karsykdomsdiagnoser, totalt","per 1000, standardisert",259.9,2,3,7
Innlandet,2022-2024,2024-01-01,Menn,75-79 år,"Hjerte- og karsykdomsdiagnoser, totalt","per 1000, standardisert",507.9,2,4,7
Innlandet,2022-2024,2024-01-01,Kvinner,0-74 år,"Hjerte- og karsykdomsdiagnoser, totalt","per 1000, standardisert",99.9,3,1,7
Innlandet,2022-2024,2024-01-01,Kvinner,0-44 år,"Hjerte- og karsykdomsdiagnoser, totalt","per 1000, standardisert",27.9,3,2,7
Innlandet,2022-2024,2024-01-01,Kvinner,45-74 år,"Hjerte- og karsykdomsdiagnoser, totalt","per 1000, standardisert",208.7,3,3,7
Innlandet,2022-2024,2024-01-01,Kvinner,75-79 år,"Hjerte- og karsykdomsdiagnoser, totalt","per 1000, standardisert",451.8,3,4,7
Vestfold,2022-2024,2024-01-01,Kjønn samlet,0-74 år,"Hjerte- og karsykdomsdiagnoser, totalt","per 1000, standardisert",107.4,1,1,14
Vestfold,2022-2024,2024-01-01,Kjønn samlet,0-44 år,"Hjerte- og karsykdomsdiagnoser, totalt","per 1000, standardisert",27.1,1,2,14
Vestfold,2022-2024,2024-01-01,Kjønn samlet,45-74 år,"Hjerte- og karsykdomsdiagnoser, totalt","per 1000, standardisert",231.2,1,3,14
Vestfold,2022-2024,2024-01-01,Kjønn samlet,75-79 år,"Hjerte- og karsykdomsdiagnoser, totalt","per 1000, standardisert",480.8,1,4,14
Vestfold,2022-2024,2024-01-01,Menn,0-74 år,"Hjerte- og karsykdomsdiagnoser, totalt","per 1000, standardisert",116.4,2,1,14
Vestfold,2022-2024,2024-01-01,Menn,0-44 år,"Hjerte- og karsykdomsdiagnoser, totalt","per 1000, standardisert",25.5,2,2,14
Vestfold,2022-2024,2024-01-01,Menn,45-74 år,"Hjerte- og karsykdomsdiagnoser, totalt","per 1000, standardisert",258.5,2,3,14
Vestfold,2022-2024,2024-01-01,Menn,75-79 år,"Hjerte- og karsykdomsdiagnoser, totalt","per 1000, standardisert",511.3,2,4,14
Vestfold,2022-2024,2024-01-01,Kvinner,0-74 år,"Hjerte- og karsykdomsdiagnoser, totalt","per 1000, standardisert",98.1,3,1,14
Vestfold,2022-2024,2024-01-01,Kvinner,0-44 år,"Hjerte- og karsykdomsdiagnoser, totalt","per 1000, standardisert",28.8,3,2,14
Vestfold,2022-2024,2024-01-01,Kvinner,45-74 år,"Hjerte- og karsykdomsdiagnoser, totalt","per 1000, standardisert",203.3,3,3,14
Vestfold,2022-2024,2024-01-01,Kvinner,75-79 år,"Hjerte- og karsykdomsdiagnoser, totalt","per 1000, standardisert",452.6,3,4,14
Telemark,2022-2024,2024-01-01,Kjønn samlet,0-74 år,"Hjerte- og karsykdomsdiagnoser, totalt","per 1000, standardisert",86.4,1,1,1
Telemark,2022-2024,2024-01-01,Kjønn samlet,0-44 år,"Hjerte- og karsykdomsdiagnoser, totalt","per 1000, standardisert",23.3,1,2,1
Telemark,2022-2024,2024-01-01,Kjønn samlet,45-74 år,"Hjerte- og karsykdomsdiagnoser, totalt","per 1000, standardisert",184.1,1,3,1
Telemark,2022-2024,2024-01-01,Kjønn samlet,75-79 år,"Hjerte- og karsykdomsdiagnoser, totalt","per 1000, standardisert",389.7,1,4,1
Telemark,2022-2024,2024-01-01,Menn,0-74 år,"Hjerte- og karsykdomsdiagnoser, totalt","per 1000, standardisert",91.0,2,1,1
Telemark,2022-2024,2024-01-01,Menn,0-44 år,"Hjerte- og karsykdomsdiagnoser, totalt","per 1000, standardisert",21.6,2,2,1
Telemark,2022-2024,2024-01-01,Menn,45-74 år,"Hjerte- og karsykdomsdiagnoser, totalt","per 1000, standardisert",200.0,2,3,1
Telemark,2022-2024,2024-01-01,Menn,75-79 år,"Hjerte- og karsykdomsdiagnoser, totalt","per 1000, standardisert",410.5,2,4,1
Telemark,2022-2024,2024-01-01,Kvinner,0-74 år,"Hjerte- og karsykdomsdiagnoser, totalt","per 1000, standardisert",81.6,3,1,1
Telemark,2022-2024,2024-01-01,Kvinner,0-44 år,"Hjerte- og karsykdomsdiagnoser, totalt","per 1000, standardisert",25.1,3,2,1
Telemark,2022-2024,2024-01-01,Kvinner,45-74 år,"Hjerte- og karsykdomsdiagnoser, totalt","per 1000, standardisert",167.8,3,3,1
Telemark,2022-2024,2024-01-01,Kvinner,75-79 år,"Hjerte- og karsykdomsdiagnoser, totalt","per 1000, standardisert",370.3,3,4,1
Agder,2022-2024,2024-01-01,Kjønn samlet,0-74 år,"Hjerte- og karsykdomsdiagnoser, totalt","per 1000, standardisert",91.9,1,1,3
Agder,2022-2024,2024-01-01,Kjønn samlet,0-44 år,"Hjerte- og karsykdomsdiagnoser, totalt","per 1000, standardisert",23.9,1,2,3
Agder,2022-2024,2024-01-01,Kjønn samlet,45-74 år,"Hjerte- og karsykdomsdiagnoser, totalt","per 1000, standardisert",196.6,1,3,3
Agder,2022-2024,2024-01-01,Kjønn samlet,75-79 år,"Hjerte- og karsykdomsdiagnoser, totalt","per 1000, standardisert",419.0,1,4,3
Agder,2022-2024,2024-01-01,Menn,0-74 år,"Hjerte- og karsykdomsdiagnoser, totalt","per 1000, standardisert",100.6,2,1,3
Agder,2022-2024,2024-01-01,Menn,0-44 år,"Hjerte- og karsykdomsdiagnoser, totalt","per 1000, standardisert",22.4,2,2,3
Agder,2022-2024,2024-01-01,Menn,45-74 år,"Hjerte- og karsykdomsdiagnoser, totalt","per 1000, standardisert",222.8,2,3,3
Agder,2022-2024,2024-01-01,Menn,75-79 år,"Hjerte- og karsykdomsdiagnoser, totalt","per 1000, standardisert",450.7,2,4,3
Agder,2022-2024,2024-01-01,Kvinner,0-74 år,"Hjerte- og karsykdomsdiagnoser, totalt","per 1000, standardisert",82.8,3,1,3
Agder,2022-2024,2024-01-01,Kvinner,0-44 år,"Hjerte- og karsykdomsdiagnoser, totalt","per 1000, standardisert",25.4,3,2,3
Agder,2022-2024,2024-01-01,Kvinner,45-74 år,"Hjerte- og karsykdomsdiagnoser, totalt","per 1000, standardisert",169.9,3,3,3
Agder,2022-2024,2024-01-01,Kvinner,75-79 år,"Hjerte- og karsykdomsdiagnoser, totalt","per 1000, standardisert",389.6,3,4,3
Rogaland,2022-2024,2024-01-01,Kjønn samlet,0-74 år,"Hjerte- og karsykdomsdiagnoser, totalt","per 1000, standardisert",103.5,1,1,11
Rogaland,2022-2024,2024-01-01,Kjønn samlet,0-44 år,"Hjerte- og karsykdomsdiagnoser, totalt","per 1000, standardisert",26.0,1,2,11
Rogaland,2022-2024,2024-01-01,Kjønn samlet,45-74 år,"Hjerte- og karsykdomsdiagnoser, totalt","per 1000, standardisert",223.0,1,3,11
Rogaland,2022-2024,2024-01-01,Kjønn samlet,75-79 år,"Hjerte- og karsykdomsdiagnoser, totalt","per 1000, standardisert",477.4,1,4,11
Rogaland,2022-2024,2024-01-01,Menn,0-74 år,"Hjerte- og karsykdomsdiagnoser, totalt","per 1000, standardisert",110.9,2,1,11
Rogaland,2022-2024,2024-01-01,Menn,0-44 år,"Hjerte- og karsykdomsdiagnoser, totalt","per 1000, standardisert",24.0,2,2,11
Rogaland,2022-2024,2024-01-01,Menn,45-74 år,"Hjerte- og karsykdomsdiagnoser, totalt","per 1000, standardisert",246.6,2,3,11
Rogaland,2022-2024,2024-01-01,Menn,75-79 år,"Hjerte- og karsykdomsdiagnoser, totalt","per 1000, standardisert",514.3,2,4,11
Rogaland,2022-2024,2024-01-01,Kvinner,0-74 år,"Hjerte- og karsykdomsdiagnoser, totalt","per 1000, standardisert",95.9,3,1,11
Rogaland,2022-2024,2024-01-01,Kvinner,0-44 år,"Hjerte- og karsykdomsdiagnoser, totalt","per 1000, standardisert",28.1,3,2,11
Rogaland,2022-2024,2024-01-01,Kvinner,45-74 år,"Hjerte- og karsykdomsdiagnoser, totalt","per 1000, standardisert",198.8,3,3,11
Rogaland,2022-2024,2024-01-01,Kvinner,75-79 år,"Hjerte- og karsykdomsdiagnoser, totalt","per 1000, standardisert",443.3,3,4,11
Vestland,2022-2024,2024-01-01,Kjønn samlet,0-74 år,"Hjerte- og karsykdomsdiagnoser, totalt","per 1000, standardisert",98.2,1,1,15
Vestland,2022-2024,2024-01-01,Kjønn samlet,0-44 år,"Hjerte- og karsykdomsdiagnoser, totalt","per 1000, standardisert",25.5,1,2,15
Vestland,2022-2024,2024-01-01,Kjønn samlet,45-74 år,"Hjerte- og karsykdomsdiagnoser, totalt","per 1000, standardisert",210.0,1,3,15
Vestland,2022-2024,2024-01-01,Kjønn samlet,75-79 år,"Hjerte- og karsykdomsdiagnoser, totalt","per 1000, standardisert",450.2,1,4,15
Vestland,2022-2024,2024-01-01,Menn,0-74 år,"Hjerte- og karsykdomsdiagnoser, totalt","per 1000, standardisert",105.3,2,1,15
Vestland,2022-2024,2024-01-01,Menn,0-44 år,"Hjerte- og karsykdomsdiagnoser, totalt","per 1000, standardisert",23.6,2,2,15
Vestland,2022-2024,2024-01-01,Menn,45-74 år,"Hjerte- og karsykdomsdiagnoser, totalt","per 1000, standardisert",232.9,2,3,15
Vestland,2022-2024,2024-01-01,Menn,75-79 år,"Hjerte- og karsykdomsdiagnoser, totalt","per 1000, standardisert",481.1,2,4,15
Vestland,2022-2024,2024-01-01,Kvinner,0-74 år,"Hjerte- og karsykdomsdiagnoser, totalt","per 1000, standardisert",90.7,3,1,15
Vestland,2022-2024,2024-01-01,Kvinner,0-44 år,"Hjerte- og karsykdomsdiagnoser, totalt","per 1000, standardisert",27.6,3,2,15
Vestland,2022-2024,2024-01-01,Kvinner,45-74 år,"Hjerte- og karsykdomsdiagnoser, totalt","per 1000, standardisert",186.5,3,3,15
Vestland,2022-2024,2024-01-01,Kvinner,75-79 år,"Hjerte- og karsykdomsdiagnoser, totalt","per 1000, standardisert",421.6,3,4,15
Møre og Romsdal,2022-2024,2024-01-01,Kjønn samlet,0-74 år,"Hjerte- og karsykdomsdiagnoser, totalt","per 1000, standardisert",96.0,1,1,8
Møre og Romsdal,2022-2024,2024-01-01,Kjønn samlet,0-44 år,"Hjerte- og karsykdomsdiagnoser, totalt","per 1000, standardisert",24.9,1,2,8
Møre og Romsdal,2022-2024,2024-01-01,Kjønn samlet,45-74 år,"Hjerte- og karsykdomsdiagnoser, totalt","per 1000, standardisert",205.7,1,3,8
Møre og Romsdal,2022-2024,2024-01-01,Kjønn samlet,75-79 år,"Hjerte- og karsykdomsdiagnoser, totalt","per 1000, standardisert",429.1,1,4,8
Møre og Romsdal,2022-2024,2024-01-01,Menn,0-74 år,"Hjerte- og karsykdomsdiagnoser, totalt","per 1000, standardisert",102.0,2,1,8
Møre og Romsdal,2022-2024,2024-01-01,Menn,0-44 år,"Hjerte- og karsykdomsdiagnoser, totalt","per 1000, standardisert",22.8,2,2,8
Møre og Romsdal,2022-2024,2024-01-01,Menn,45-74 år,"Hjerte- og karsykdomsdiagnoser, totalt","per 1000, standardisert",226.0,2,3,8
Møre og Romsdal,2022-2024,2024-01-01,Menn,75-79 år,"Hjerte- og karsykdomsdiagnoser, totalt","per 1000, standardisert",457.5,2,4,8
Møre og Romsdal,2022-2024,2024-01-01,Kvinner,0-74 år,"Hjerte- og karsykdomsdiagnoser, totalt","per 1000, standardisert",89.7,3,1,8
Møre og Romsdal,2022-2024,2024-01-01,Kvinner,0-44 år,"Hjerte- og karsykdomsdiagnoser, totalt","per 1000, standardisert",27.1,3,2,8
Møre og Romsdal,2022-2024,2024-01-01,Kvinner,45-74 år,"Hjerte- og karsykdomsdiagnoser, totalt","per 1000, standardisert",185.0,3,3,8
Møre og Romsdal,2022-2024,2024-01-01,Kvinner,75-79 år,"Hjerte- og karsykdomsdiagnoser, totalt","per 1000, standardisert",402.9,3,4,8
Trøndelag Trööndelage,2022-2024,2024-01-01,Kjønn samlet,0-74 år,"Hjerte- og karsykdomsdiagnoser, totalt","per 1000, standardisert",93.1,1,1,13
Trøndelag Trööndelage,2022-2024,2024-01-01,Kjønn samlet,0-44 år,"Hjerte- og karsykdomsdiagnoser, totalt","per 1000, standardisert",23.2,1,2,13
Trøndelag Trööndelage,2022-2024,2024-01-01,Kjønn samlet,45-74 år,"Hjerte- og karsykdomsdiagnoser, totalt","per 1000, standardisert",200.9,1,3,13
Trøndelag Trööndelage,2022-2024,2024-01-01,Kjønn samlet,75-79 år,"Hjerte- og karsykdomsdiagnoser, totalt","per 1000, standardisert",430.1,1,4,13
Trøndelag Trööndelage,2022-2024,2024-01-01,Menn,0-74 år,"Hjerte- og karsykdomsdiagnoser, totalt","per 1000, standardisert",99.9,2,1,13
Trøndelag Trööndelage,2022-2024,2024-01-01,Menn,0-44 år,"Hjerte- og karsykdomsdiagnoser, totalt","per 1000, standardisert",21.0,2,2,13
Trøndelag Trööndelage,2022-2024,2024-01-01,Menn,45-74 år,"Hjerte- og karsykdomsdiagnoser, totalt","per 1000, standardisert",223.3,2,3,13
Trøndelag Trööndelage,2022-2024,2024-01-01,Menn,75-79 år,"Hjerte- og karsykdomsdiagnoser, totalt","per 1000, standardisert",461.5,2,4,13
Trøndelag Trööndelage,2022-2024,2024-01-01,Kvinner,0-74 år,"Hjerte- og karsykdomsdiagnoser, totalt","per 1000, standardisert",86.1,3,1,13
Trøndelag Trööndelage,2022-2024,2024-01-01,Kvinner,0-44 år,"Hjerte- og karsykdomsdiagnoser, totalt","per 1000, standardisert",25.5,3,2,13
Trøndelag Trööndelage,2022-2024,2024-01-01,Kvinner,45-74 år,"Hjerte- og karsykdomsdiagnoser, totalt","per 1000, standardisert",178.0,3,3,13
Trøndelag Trööndelage,2022-2024,2024-01-01,Kvinner,75-79 år,"Hjerte- og karsykdomsdiagnoser, totalt","per 1000, standardisert",400.9,3,4,13
Nordland Nordlánnda,2022-2024,2024-01-01,Kjønn samlet,0-74 år,"Hjerte- og karsykdomsdiagnoser, totalt","per 1000, standardisert",100.9,1,1,9
Nordland Nordlánnda,2022-2024,2024-01-01,Kjønn samlet,0-44 år,"Hjerte- og karsykdomsdiagnoser, totalt","per 1000, standardisert",27.1,1,2,9
Nordland Nordlánnda,2022-2024,2024-01-01,Kjønn samlet,45-74 år,"Hjerte- og karsykdomsdiagnoser, totalt","per 1000, standardisert",215.3,1,3,9
Nordland Nordlánnda,2022-2024,2024-01-01,Kjønn samlet,75-79 år,"Hjerte- og karsykdomsdiagnoser, totalt","per 1000, standardisert",446.2,1,4,9
Nordland Nordlánnda,2022-2024,2024-01-01,Menn,0-74 år,"Hjerte- og karsykdomsdiagnoser, totalt","per 1000, standardisert",109.4,2,1,9
Nordland Nordlánnda,2022-2024,2024-01-01,Menn,0-44 år,"Hjerte- og karsykdomsdiagnoser, totalt","per 1000, standardisert",25.0,2,2,9
Nordland Nordlánnda,2022-2024,2024-01-01,Menn,45-74 år,"Hjerte- og karsykdomsdiagnoser, totalt","per 1000, standardisert",241.6,2,3,9
Nordland Nordlánnda,2022-2024,2024-01-01,Menn,75-79 år,"Hjerte- og karsykdomsdiagnoser, totalt","per 1000, standardisert",474.4,2,4,9
Nordland Nordlánnda,2022-2024,2024-01-01,Kvinner,0-74 år,"Hjerte- og karsykdomsdiagnoser, totalt","per 1000, standardisert",92.2,3,1,9
Nordland Nordlánnda,2022-2024,2024-01-01,Kvinner,0-44 år,"Hjerte- og karsykdomsdiagnoser, totalt","per 1000, standardisert",29.3,3,2,9
Nordland Nordlánnda,2022-2024,2024-01-01,Kvinner,45-74 år,"Hjerte- og karsykdomsdiagnoser, totalt","per 1000, standardisert",188.3,3,3,9
Nordland Nordlánnda,2022-2024,2024-01-01,Kvinner,75-79 år,"Hjerte- og karsykdomsdiagnoser, totalt","per 1000, standardisert",420.1,3,4,9
Troms Romsa Tromssa,2022-2024,2024-01-01,Kjønn samlet,0-74 år,"Hjerte- og karsykdomsdiagnoser, totalt","per 1000, standardisert",99.9,1,1,12
Troms Romsa Tromssa,2022-2024,2024-01-01,Kjønn samlet,0-44 år,"Hjerte- og karsykdomsdiagnoser, totalt","per 1000, standardisert",25.8,1,2,12
Troms Romsa Tromssa,2022-2024,2024-01-01,Kjønn samlet,45-74 år,"Hjerte- og karsykdomsdiagnoser, totalt","per 1000, standardisert",214.1,1,3,12
Troms Romsa Tromssa,2022-2024,2024-01-01,Kjønn samlet,75-79 år,"Hjerte- og karsykdomsdiagnoser, totalt","per 1000, standardisert",456.5,1,4,12
Troms Romsa Tromssa,2022-2024,2024-01-01,Menn,0-74 år,"Hjerte- og karsykdomsdiagnoser, totalt","per 1000, standardisert",107.2,2,1,12
Troms Romsa Tromssa,2022-2024,2024-01-01,Menn,0-44 år,"Hjerte- og karsykdomsdiagnoser, totalt","per 1000, standardisert",23.7,2,2,12
Troms Romsa Tromssa,2022-2024,2024-01-01,Menn,45-74 år,"Hjerte- og karsykdomsdiagnoser, totalt","per 1000, standardisert",237.6,2,3,12
Troms Romsa Tromssa,2022-2024,2024-01-01,Menn,75-79 år,"Hjerte- og karsykdomsdiagnoser, totalt","per 1000, standardisert",482.5,2,4,12
Troms Romsa Tromssa,2022-2024,2024-01-01,Kvinner,0-74 år,"Hjerte- og karsykdomsdiagnoser, totalt","per 1000, standardisert",92.3,3,1,12
Troms Romsa Tromssa,2022-2024,2024-01-01,Kvinner,0-44 år,"Hjerte- og karsykdomsdiagnoser, totalt","per 1000, standardisert",27.9,3,2,12
Troms Romsa Tromssa,2022-2024,2024-01-01,Kvinner,45-74 år,"Hjerte- og karsykdomsdiagnoser, totalt","per 1000, standardisert",190.1,3,3,12
Troms Romsa Tromssa,2022-2024,2024-01-01,Kvinner,75-79 år,"Hjerte- og karsykdomsdiagnoser, totalt","per 1000, standardisert",432.6,3,4,12
Finnmark Finnmárku Finmarkku,2022-2024,2024-01-01,Kjønn samlet,0-74 år,"Hjerte- og karsykdomsdiagnoser, totalt","per 1000, standardisert",106.0,1,1,6
Finnmark Finnmárku Finmarkku,2022-2024,2024-01-01,Kjønn samlet,0-44 år,"Hjerte- og karsykdomsdiagnoser, totalt","per 1000, standardisert",29.1,1,2,6
Finnmark Finnmárku Finmarkku,2022-2024,2024-01-01,Kjønn samlet,45-74 år,"Hjerte- og karsykdomsdiagnoser, totalt","per 1000, standardisert",225.0,1,3,6
Finnmark Finnmárku Finmarkku,2022-2024,2024-01-01,Kjønn samlet,75-79 år,"Hjerte- og karsykdomsdiagnoser, totalt","per 1000, standardisert",460.0,1,4,6
Finnmark Finnmárku Finmarkku,2022-2024,2024-01-01,Menn,0-74 år,"Hjerte- og karsykdomsdiagnoser, totalt","per 1000, standardisert",112.2,2,1,6
Finnmark Finnmárku Finmarkku,2022-2024,2024-01-01,Menn,0-44 år,"Hjerte- og karsykdomsdiagnoser, totalt","per 1000, standardisert",27.4,2,2,6
Finnmark Finnmárku Finmarkku,2022-2024,2024-01-01,Menn,45-74 år,"Hjerte- og karsykdomsdiagnoser, totalt","per 1000, standardisert",245.5,2,3,6
Finnmark Finnmárku Finmarkku,2022-2024,2024-01-01,Menn,75-79 år,"Hjerte- og karsykdomsdiagnoser, totalt","per 1000, standardisert",492.7,2,4,6
Finnmark Finnmárku Finmarkku,2022-2024,2024-01-01,Kvinner,0-74 år,"Hjerte- og karsykdomsdiagnoser, totalt","per 1000, standardisert",99.6,3,1,6
Finnmark Finnmárku Finmarkku,2022-2024,2024-01-01,Kvinner,0-44 år,"Hjerte- og karsykdomsdiagnoser, totalt","per 1000, standardisert",30.9,3,2,6
Finnmark Finnmárku Finmarkku,2022-2024,2024-01-01,Kvinner,45-74 år,"Hjerte- og karsykdomsdiagnoser, totalt","per 1000, standardisert",204.3,3,3,6
Finnmark Finnmárku Finmarkku,2022-2024,2024-01-01,Kvinner,75-79 år,"Hjerte- og karsykdomsdiagnoser, totalt","per 1000, standardisert",429.7,3,4,6
