Fylke,År (intervall),År,Kjønn,Alder,Krefttyper,Måltall,Antall,SortKjonn,SortFylke
Hele landet,2016-2025,2025-01-01,Kjønn samlet,Alle aldre,Totalt alle krefttyper,"per 100 000, standardisert",657.9,1,2
Hele landet,2016-2025,2025-01-01,Kjønn samlet,Alle aldre,Tykk- og endetarmskreft,"per 100 000, standardisert",86.0,1,2
Hele landet,2016-2025,2025-01-01,Kjønn samlet,Alle aldre,Lungekreft,"per 100 000, standardisert",62.5,1,2
Hele landet,2016-2025,2025-01-01,Kjønn samlet,Alle aldre,Hudkreft,"per 100 000, standardisert",100.6,1,2
Hele landet,2016-2025,2025-01-01,Kjønn samlet,Alle aldre,Føflekkreft (malignt melanom),"per 100 000, standardisert",47.0,1,2
Hele landet,2016-2025,2025-01-01,Kjønn samlet,Alle aldre,Brystkreft,"per 100 000, standardisert",71.8,1,2
Hele landet,2016-2025,2025-01-01,Kjønn samlet,Alle aldre,"Livmorhalskreft, kvinner","per 100 000, standardisert",,1,2
Hele landet,2016-2025,2025-01-01,Kjønn samlet,Alle aldre,Prostatakreft,"per 100 000, standardisert",,1,2
Hele landet,2016-2025,2025-01-01,Menn,Alle aldre,Totalt alle krefttyper,"per 100 000, standardisert",692.3,2,2
Hele landet,2016-2025,2025-01-01,Menn,Alle aldre,Tykk- og endetarmskreft,"per 100 000, standardisert",88.0,2,2
Hele landet,2016-2025,2025-01-01,Menn,Alle aldre,Lungekreft,"per 100 000, standardisert",62.9,2,2
Hele landet,2016-2025,2025-01-01,Menn,Alle aldre,Hudkreft,"per 100 000, standardisert",105.6,2,2
Hele landet,2016-2025,2025-01-01,Menn,Alle aldre,Føflekkreft (malignt melanom),"per 100 000, standardisert",47.9,2,2
Hele landet,2016-2025,2025-01-01,Menn,Alle aldre,Brystkreft,"per 100 000, standardisert",0.9,2,2
Hele landet,2016-2025,2025-01-01,Menn,Alle aldre,"Livmorhalskreft, kvinner","per 100 000, standardisert",,2,2
Hele landet,2016-2025,2025-01-01,Menn,Alle aldre,Prostatakreft,"per 100 000, standardisert",191.1,2,2
Hele landet,2016-2025,2025-01-01,Kvinner,Alle aldre,Totalt alle krefttyper,"per 100 000, standardisert",622.9,3,2
Hele landet,2016-2025,2025-01-01,Kvinner,Alle aldre,Tykk- og endetarmskreft,"per 100 000, standardisert",83.9,3,2
Hele landet,2016-2025,2025-01-01,Kvinner,Alle aldre,Lungekreft,"per 100 000, standardisert",62.2,3,2
Hele landet,2016-2025,2025-01-01,Kvinner,Alle aldre,Hudkreft,"per 100 000, standardisert",95.4,3,2
Hele landet,2016-2025,2025-01-01,Kvinner,Alle aldre,Føflekkreft (malignt melanom),"per 100 000, standardisert",46.2,3,2
Hele landet,2016-2025,2025-01-01,Kvinner,Alle aldre,Brystkreft,"per 100 000, standardisert",143.9,3,2
Hele landet,2016-2025,2025-01-01,Kvinner,Alle aldre,"Livmorhalskreft, kvinner","per 100 000, standardisert",12.4,3,2
Hele landet,2016-2025,2025-01-01,Kvinner,Alle aldre,Prostatakreft,"per 100 000, standardisert",,3,2
Oslo (fylke),2016-2025,2025-01-01,Kjønn samlet,Alle aldre,Totalt alle krefttyper,"per 100 000, standardisert",637.9,1,10
Oslo (fylke),2016-2025,2025-01-01,Kjønn samlet,Alle aldre,Tykk- og endetarmskreft,"per 100 000, standardisert",76.6,1,10
Oslo (fylke),2016-2025,2025-01-01,Kjønn samlet,Alle aldre,Lungekreft,"per 100 000, standardisert",55.2,1,10
Oslo (fylke),2016-2025,2025-01-01,Kjønn samlet,Alle aldre,Hudkreft,"per 100 000, standardisert",94.0,1,10
Oslo (fylke),2016-2025,2025-01-01,Kjønn samlet,Alle aldre,Føflekkreft (malignt melanom),"per 100 000, standardisert",44.1,1,10
Oslo (fylke),2016-2025,2025-01-01,Kjønn samlet,Alle aldre,Brystkreft,"per 100 000, standardisert",76.3,1,10
Oslo (fylke),2016-2025,2025-01-01,Kjønn samlet,Alle aldre,"Livmorhalskreft, kvinner","per 100 000, standardisert",,1,10
Oslo (fylke),2016-2025,2025-01-01,Kjønn samlet,Alle aldre,Prostatakreft,"per 100 000, standardisert",,1,10
Oslo (fylke),2016-2025,2025-01-01,Menn,Alle aldre,Totalt alle krefttyper,"per 100 000, standardisert",665.9,2,10
Oslo (fylke),2016-2025,2025-01-01,Menn,Alle aldre,Tykk- og endetarmskreft,"per 100 000, standardisert",77.3,2,10
Oslo (fylke),2016-2025,2025-01-01,Menn,Alle aldre,Lungekreft,"per 100 000, standardisert",53.9,2,10
Oslo (fylke),2016-2025,2025-01-01,Menn,Alle aldre,Hudkreft,"per 100 000, standardisert",103.2,2,10
Oslo (fylke),2016-2025,2025-01-01,Menn,Alle aldre,Føflekkreft (malignt melanom),"per 100 000, standardisert",47.1,2,10
Oslo (fylke),2016-2025,2025-01-01,Menn,Alle aldre,Brystkreft,"per 100 000, standardisert",0.9,2,10
Oslo (fylke),2016-2025,2025-01-01,Menn,Alle aldre,"Livmorhalskreft, kvinner","per 100 000, standardisert",,2,10
Oslo (fylke),2016-2025,2025-01-01,Menn,Alle aldre,Prostatakreft,"per 100 000, standardisert",189.6,2,10
Oslo (fylke),2016-2025,2025-01-01,Kvinner,Alle aldre,Totalt alle krefttyper,"per 100 000, standardisert",608.9,3,10
Oslo (fylke),2016-2025,2025-01-01,Kvinner,Alle aldre,Tykk- og endetarmskreft,"per 100 000, standardisert",75.8,3,10
Oslo (fylke),2016-2025,2025-01-01,Kvinner,Alle aldre,Lungekreft,"per 100 000, standardisert",56.5,3,10
Oslo (fylke),2016-2025,2025-01-01,Kvinner,Alle aldre,Hudkreft,"per 100 000, standardisert",85.1,3,10
Oslo (fylke),2016-2025,2025-01-01,Kvinner,Alle aldre,Føflekkreft (malignt melanom),"per 100 000, standardisert",41.2,3,10
Oslo (fylke),2016-2025,2025-01-01,Kvinner,Alle aldre,Brystkreft,"per 100 000, standardisert",152.9,3,10
Oslo (fylke),2016-2025,2025-01-01,Kvinner,Alle aldre,"Livmorhalskreft, kvinner","per 100 000, standardisert",11.3,3,10
Oslo (fylke),2016-2025,2025-01-01,Kvinner,Alle aldre,Prostatakreft,"per 100 000, standardisert",,3,10
Østfold,2016-2025,2025-01-01,Kjønn samlet,Alle aldre,Totalt alle krefttyper,"per 100 000, standardisert",695.1,1,16
Østfold,2016-2025,2025-01-01,Kjønn samlet,Alle aldre,Tykk- og endetarmskreft,"per 100 000, standardisert",76.0,1,16
Østfold,2016-2025,2025-01-01,Kjønn samlet,Alle aldre,Lungekreft,"per 100 000, standardisert",69.9,1,16
Østfold,2016-2025,2025-01-01,Kjønn samlet,Alle aldre,Hudkreft,"per 100 000, standardisert",113.0,1,16
Østfold,2016-2025,2025-01-01,Kjønn samlet,Alle aldre,Føflekkreft (malignt melanom),"per 100 000, standardisert",49.3,1,16
Østfold,2016-2025,2025-01-01,Kjønn samlet,Alle aldre,Brystkreft,"per 100 000, standardisert",73.0,1,16
Østfold,2016-2025,2025-01-01,Kjønn samlet,Alle aldre,"Livmorhalskreft, kvinner","per 100 000, standardisert",,1,16
Østfold,2016-2025,2025-01-01,Kjønn samlet,Alle aldre,Prostatakreft,"per 100 000, standardisert",,1,16
Østfold,2016-2025,2025-01-01,Menn,Alle aldre,Totalt alle krefttyper,"per 100 000, standardisert",741.6,2,16
Østfold,2016-2025,2025-01-01,Menn,Alle aldre,Tykk- og endetarmskreft,"per 100 000, standardisert",75.2,2,16
Østfold,2016-2025,2025-01-01,Menn,Alle aldre,Lungekreft,"per 100 000, standardisert",68.9,2,16
Østfold,2016-2025,2025-01-01,Menn,Alle aldre,Hudkreft,"per 100 000, standardisert",118.6,2,16
Østfold,2016-2025,2025-01-01,Menn,Alle aldre,Føflekkreft (malignt melanom),"per 100 000, standardisert",52.1,2,16
Østfold,2016-2025,2025-01-01,Menn,Alle aldre,Brystkreft,"per 100 000, standardisert",0.7,2,16
Østfold,2016-2025,2025-01-01,Menn,Alle aldre,"Livmorhalskreft, kvinner","per 100 000, standardisert",,2,16
Østfold,2016-2025,2025-01-01,Menn,Alle aldre,Prostatakreft,"per 100 000, standardisert",228.9,2,16
Østfold,2016-2025,2025-01-01,Kvinner,Alle aldre,Totalt alle krefttyper,"per 100 000, standardisert",647.9,3,16
Østfold,2016-2025,2025-01-01,Kvinner,Alle aldre,Tykk- og endetarmskreft,"per 100 000, standardisert",76.7,3,16
Østfold,2016-2025,2025-01-01,Kvinner,Alle aldre,Lungekreft,"per 100 000, standardisert",70.8,3,16
Østfold,2016-2025,2025-01-01,Kvinner,Alle aldre,Hudkreft,"per 100 000, standardisert",107.4,3,16
Østfold,2016-2025,2025-01-01,Kvinner,Alle aldre,Føflekkreft (malignt melanom),"per 100 000, standardisert",46.4,3,16
Østfold,2016-2025,2025-01-01,Kvinner,Alle aldre,Brystkreft,"per 100 000, standardisert",146.6,3,16
Østfold,2016-2025,2025-01-01,Kvinner,Alle aldre,"Livmorhalskreft, kvinner","per 100 000, standardisert",14.1,3,16
Østfold,2016-2025,2025-01-01,Kvinner,Alle aldre,Prostatakreft,"per 100 000, standardisert",,3,16
Akershus,2016-2025,2025-01-01,Kjønn samlet,Alle aldre,Totalt alle krefttyper,"per 100 000, standardisert",653.7,1,4
Akershus,2016-2025,2025-01-01,Kjønn samlet,Alle aldre,Tykk- og endetarmskreft,"per 100 000, standardisert",81.2,1,4
Akershus,2016-2025,2025-01-01,Kjønn samlet,Alle aldre,Lungekreft,"per 100 000, standardisert",55.8,1,4
Akershus,2016-2025,2025-01-01,Kjønn samlet,Alle aldre,Hudkreft,"per 100 000, standardisert",106.8,1,4
Akershus,2016-2025,2025-01-01,Kjønn samlet,Alle aldre,Føflekkreft (malignt melanom),"per 100 000, standardisert",52.0,1,4
Akershus,2016-2025,2025-01-01,Kjønn samlet,Alle aldre,Brystkreft,"per 100 000, standardisert",77.3,1,4
Akershus,2016-2025,2025-01-01,Kjønn samlet,Alle aldre,"Livmorhalskreft, kvinner","per 100 000, standardisert",,1,4
Akershus,2016-2025,2025-01-01,Kjønn samlet,Alle aldre,Prostatakreft,"per 100 000, standardisert",,1,4
Akershus,2016-2025,2025-01-01,Menn,Alle aldre,Totalt alle krefttyper,"per 100 000, standardisert",682.1,2,4
Akershus,2016-2025,2025-01-01,Menn,Alle aldre,Tykk- og endetarmskreft,"per 100 000, standardisert",82.5,2,4
Akershus,2016-2025,2025-01-01,Menn,Alle aldre,Lungekreft,"per 100 000, standardisert",55.2,2,4
Akershus,2016-2025,2025-01-01,Menn,Alle aldre,Hudkreft,"per 100 000, standardisert",115.2,2,4
Akershus,2016-2025,2025-01-01,Menn,Alle aldre,Føflekkreft (malignt melanom),"per 100 000, standardisert",55.0,2,4
Akershus,2016-2025,2025-01-01,Menn,Alle aldre,Brystkreft,"per 100 000, standardisert",0.8,2,4
Akershus,2016-2025,2025-01-01,Menn,Alle aldre,"Livmorhalskreft, kvinner","per 100 000, standardisert",,2,4
Akershus,2016-2025,2025-01-01,Menn,Alle aldre,Prostatakreft,"per 100 000, standardisert",192.4,2,4
Akershus,2016-2025,2025-01-01,Kvinner,Alle aldre,Totalt alle krefttyper,"per 100 000, standardisert",624.8,3,4
Akershus,2016-2025,2025-01-01,Kvinner,Alle aldre,Tykk- og endetarmskreft,"per 100 000, standardisert",79.9,3,4
Akershus,2016-2025,2025-01-01,Kvinner,Alle aldre,Lungekreft,"per 100 000, standardisert",56.4,3,4
Akershus,2016-2025,2025-01-01,Kvinner,Alle aldre,Hudkreft,"per 100 000, standardisert",98.3,3,4
Akershus,2016-2025,2025-01-01,Kvinner,Alle aldre,Føflekkreft (malignt melanom),"per 100 000, standardisert",49.1,3,4
Akershus,2016-2025,2025-01-01,Kvinner,Alle aldre,Brystkreft,"per 100 000, standardisert",155.1,3,4
Akershus,2016-2025,2025-01-01,Kvinner,Alle aldre,"Livmorhalskreft, kvinner","per 100 000, standardisert",11.9,3,4
Akershus,2016-2025,2025-01-01,Kvinner,Alle aldre,Prostatakreft,"per 100 000, standardisert",,3,4
Buskerud,2016-2025,2025-01-01,Kjønn samlet,Alle aldre,Totalt alle krefttyper,"per 100 000, standardisert",632.1,1,5
Buskerud,2016-2025,2025-01-01,Kjønn samlet,Alle aldre,Tykk- og endetarmskreft,"per 100 000, standardisert",81.0,1,5
Buskerud,2016-2025,2025-01-01,Kjønn samlet,Alle aldre,Lungekreft,"per 100 000, standardisert",59.5,1,5
Buskerud,2016-2025,2025-01-01,Kjønn samlet,Alle aldre,Hudkreft,"per 100 000, standardisert",96.1,1,5
Buskerud,2016-2025,2025-01-01,Kjønn samlet,Alle aldre,Føflekkreft (malignt melanom),"per 100 000, standardisert",41.5,1,5
Buskerud,2016-2025,2025-01-01,Kjønn samlet,Alle aldre,Brystkreft,"per 100 000, standardisert",73.3,1,5
Buskerud,2016-2025,2025-01-01,Kjønn samlet,Alle aldre,"Livmorhalskreft, kvinner","per 100 000, standardisert",,1,5
Buskerud,2016-2025,2025-01-01,Kjønn samlet,Alle aldre,Prostatakreft,"per 100 000, standardisert",,1,5
Buskerud,2016-2025,2025-01-01,Menn,Alle aldre,Totalt alle krefttyper,"per 100 000, standardisert",658.0,2,5
Buskerud,2016-2025,2025-01-01,Menn,Alle aldre,Tykk- og endetarmskreft,"per 100 000, standardisert",84.0,2,5
Buskerud,2016-2025,2025-01-01,Menn,Alle aldre,Lungekreft,"per 100 000, standardisert",58.0,2,5
Buskerud,2016-2025,2025-01-01,Menn,Alle aldre,Hudkreft,"per 100 000, standardisert",101.6,2,5
Buskerud,2016-2025,2025-01-01,Menn,Alle aldre,Føflekkreft (malignt melanom),"per 100 000, standardisert",42.0,2,5
Buskerud,2016-2025,2025-01-01,Menn,Alle aldre,Brystkreft,"per 100 000, standardisert",,2,5
Buskerud,2016-2025,2025-01-01,Menn,Alle aldre,"Livmorhalskreft, kvinner","per 100 000, standardisert",,2,5
Buskerud,2016-2025,2025-01-01,Menn,Alle aldre,Prostatakreft,"per 100 000, standardisert",176.4,2,5
Buskerud,2016-2025,2025-01-01,Kvinner,Alle aldre,Totalt alle krefttyper,"per 100 000, standardisert",605.8,3,5
Buskerud,2016-2025,2025-01-01,Kvinner,Alle aldre,Tykk- og endetarmskreft,"per 100 000, standardisert",77.9,3,5
Buskerud,2016-2025,2025-01-01,Kvinner,Alle aldre,Lungekreft,"per 100 000, standardisert",61.1,3,5
Buskerud,2016-2025,2025-01-01,Kvinner,Alle aldre,Hudkreft,"per 100 000, standardisert",90.5,3,5
Buskerud,2016-2025,2025-01-01,Kvinner,Alle aldre,Føflekkreft (malignt melanom),"per 100 000, standardisert",41.1,3,5
Buskerud,2016-2025,2025-01-01,Kvinner,Alle aldre,Brystkreft,"per 100 000, standardisert",147.1,3,5
Buskerud,2016-2025,2025-01-01,Kvinner,Alle aldre,"Livmorhalskreft, kvinner","per 100 000, standardisert",12.5,3,5
Buskerud,2016-2025,2025-01-01,Kvinner,Alle aldre,Prostatakreft,"per 100 000, standardisert",,3,5
Innlandet,2016-2025,2025-01-01,Kjønn samlet,Alle aldre,Totalt alle krefttyper,"per 100 000, standardisert",624.7,1,7
Innlandet,2016-2025,2025-01-01,Kjønn samlet,Alle aldre,Tykk- og endetarmskreft,"per 100 000, standardisert",85.8,1,7
Innlandet,2016-2025,2025-01-01,Kjønn samlet,Alle aldre,Lungekreft,"per 100 000, standardisert",61.2,1,7
Innlandet,2016-2025,2025-01-01,Kjønn samlet,Alle aldre,Hudkreft,"per 100 000, standardisert",77.6,1,7
Innlandet,2016-2025,2025-01-01,Kjønn samlet,Alle aldre,Føflekkreft (malignt melanom),"per 100 000, standardisert",40.5,1,7
Innlandet,2016-2025,2025-01-01,Kjønn samlet,Alle aldre,Brystkreft,"per 100 000, standardisert",67.5,1,7
Innlandet,2016-2025,2025-01-01,Kjønn samlet,Alle aldre,"Livmorhalskreft, kvinner","per 100 000, standardisert",,1,7
Innlandet,2016-2025,2025-01-01,Kjønn samlet,Alle aldre,Prostatakreft,"per 100 000, standardisert",,1,7
Innlandet,2016-2025,2025-01-01,Menn,Alle aldre,Totalt alle krefttyper,"per 100 000, standardisert",654.2,2,7
Innlandet,2016-2025,2025-01-01,Menn,Alle aldre,Tykk- og endetarmskreft,"per 100 000, standardisert",89.3,2,7
Innlandet,2016-2025,2025-01-01,Menn,Alle aldre,Lungekreft,"per 100 000, standardisert",60.0,2,7
Innlandet,2016-2025,2025-01-01,Menn,Alle aldre,Hudkreft,"per 100 000, standardisert",84.1,2,7
Innlandet,2016-2025,2025-01-01,Menn,Alle aldre,Føflekkreft (malignt melanom),"per 100 000, standardisert",40.8,2,7
Innlandet,2016-2025,2025-01-01,Menn,Alle aldre,Brystkreft,"per 100 000, standardisert",0.7,2,7
Innlandet,2016-2025,2025-01-01,Menn,Alle aldre,"Livmorhalskreft, kvinner","per 100 000, standardisert",,2,7
Innlandet,2016-2025,2025-01-01,Menn,Alle aldre,Prostatakreft,"per 100 000, standardisert",186.2,2,7
Innlandet,2016-2025,2025-01-01,Kvinner,Alle aldre,Totalt alle krefttyper,"per 100 000, standardisert",594.7,3,7
Innlandet,2016-2025,2025-01-01,Kvinner,Alle aldre,Tykk- og endetarmskreft,"per 100 000, standardisert",82.3,3,7
Innlandet,2016-2025,2025-01-01,Kvinner,Alle aldre,Lungekreft,"per 100 000, standardisert",62.4,3,7
Innlandet,2016-2025,2025-01-01,Kvinner,Alle aldre,Hudkreft,"per 100 000, standardisert",70.9,3,7
Innlandet,2016-2025,2025-01-01,Kvinner,Alle aldre,Føflekkreft (malignt melanom),"per 100 000, standardisert",40.3,3,7
Innlandet,2016-2025,2025-01-01,Kvinner,Alle aldre,Brystkreft,"per 100 000, standardisert",135.5,3,7
Innlandet,2016-2025,2025-01-01,Kvinner,Alle aldre,"Livmorhalskreft, kvinner","per 100 000, standardisert",15.8,3,7
Innlandet,2016-2025,2025-01-01,Kvinner,Alle aldre,Prostatakreft,"per 100 000, standardisert",,3,7
Vestfold,2016-2025,2025-01-01,Kjønn samlet,Alle aldre,Totalt alle krefttyper,"per 100 000, standardisert",687.8,1,14
Vestfold,2016-2025,2025-01-01,Kjønn samlet,Alle aldre,Tykk- og endetarmskreft,"per 100 000, standardisert",92.9,1,14
Vestfold,2016-2025,2025-01-01,Kjønn samlet,Alle aldre,Lungekreft,"per 100 000, standardisert",59.4,1,14
Vestfold,2016-2025,2025-01-01,Kjønn samlet,Alle aldre,Hudkreft,"per 100 000, standardisert",121.6,1,14
Vestfold,2016-2025,2025-01-01,Kjønn samlet,Alle aldre,Føflekkreft (malignt melanom),"per 100 000, standardisert",55.7,1,14
Vestfold,2016-2025,2025-01-01,Kjønn samlet,Alle aldre,Brystkreft,"per 100 000, standardisert",71.1,1,14
Vestfold,2016-2025,2025-01-01,Kjønn samlet,Alle aldre,"Livmorhalskreft, kvinner","per 100 000, standardisert",,1,14
Vestfold,2016-2025,2025-01-01,Kjønn samlet,Alle aldre,Prostatakreft,"per 100 000, standardisert",,1,14
Vestfold,2016-2025,2025-01-01,Menn,Alle aldre,Totalt alle krefttyper,"per 100 000, standardisert",723.5,2,14
Vestfold,2016-2025,2025-01-01,Menn,Alle aldre,Tykk- og endetarmskreft,"per 100 000, standardisert",93.4,2,14
Vestfold,2016-2025,2025-01-01,Menn,Alle aldre,Lungekreft,"per 100 000, standardisert",61.0,2,14
Vestfold,2016-2025,2025-01-01,Menn,Alle aldre,Hudkreft,"per 100 000, standardisert",131.7,2,14
Vestfold,2016-2025,2025-01-01,Menn,Alle aldre,Føflekkreft (malignt melanom),"per 100 000, standardisert",58.0,2,14
Vestfold,2016-2025,2025-01-01,Menn,Alle aldre,Brystkreft,"per 100 000, standardisert",,2,14
Vestfold,2016-2025,2025-01-01,Menn,Alle aldre,"Livmorhalskreft, kvinner","per 100 000, standardisert",,2,14
Vestfold,2016-2025,2025-01-01,Menn,Alle aldre,Prostatakreft,"per 100 000, standardisert",176.3,2,14
Vestfold,2016-2025,2025-01-01,Kvinner,Alle aldre,Totalt alle krefttyper,"per 100 000, standardisert",651.5,3,14
Vestfold,2016-2025,2025-01-01,Kvinner,Alle aldre,Tykk- og endetarmskreft,"per 100 000, standardisert",92.3,3,14
Vestfold,2016-2025,2025-01-01,Kvinner,Alle aldre,Lungekreft,"per 100 000, standardisert",57.7,3,14
Vestfold,2016-2025,2025-01-01,Kvinner,Alle aldre,Hudkreft,"per 100 000, standardisert",111.3,3,14
Vestfold,2016-2025,2025-01-01,Kvinner,Alle aldre,Føflekkreft (malignt melanom),"per 100 000, standardisert",53.2,3,14
Vestfold,2016-2025,2025-01-01,Kvinner,Alle aldre,Brystkreft,"per 100 000, standardisert",142.6,3,14
Vestfold,2016-2025,2025-01-01,Kvinner,Alle aldre,"Livmorhalskreft, kvinner","per 100 000, standardisert",13.0,3,14
Vestfold,2016-2025,2025-01-01,Kvinner,Alle aldre,Prostatakreft,"per 100 000, standardisert",,3,14
Telemark,2016-2025,2025-01-01,Kjønn samlet,Alle aldre,Totalt alle krefttyper,"per 100 000, standardisert",676.0,1,1
Telemark,2016-2025,2025-01-01,Kjønn samlet,Alle aldre,Tykk- og endetarmskreft,"per 100 000, standardisert",81.1,1,1
Telemark,2016-2025,2025-01-01,Kjønn samlet,Alle aldre,Lungekreft,"per 100 000, standardisert",63.9,1,1
Telemark,2016-2025,2025-01-01,Kjønn samlet,Alle aldre,Hudkreft,"per 100 000, standardisert",128.2,1,1
Telemark,2016-2025,2025-01-01,Kjønn samlet,Alle aldre,Føflekkreft (malignt melanom),"per 100 000, standardisert",56.4,1,1
Telemark,2016-2025,2025-01-01,Kjønn samlet,Alle aldre,Brystkreft,"per 100 000, standardisert",70.3,1,1
Telemark,2016-2025,2025-01-01,Kjønn samlet,Alle aldre,"Livmorhalskreft, kvinner","per 100 000, standardisert",,1,1
Telemark,2016-2025,2025-01-01,Kjønn samlet,Alle aldre,Prostatakreft,"per 100 000, standardisert",,1,1
Telemark,2016-2025,2025-01-01,Menn,Alle aldre,Totalt alle krefttyper,"per 100 000, standardisert",701.6,2,1
Telemark,2016-2025,2025-01-01,Menn,Alle aldre,Tykk- og endetarmskreft,"per 100 000, standardisert",79.4,2,1
Telemark,2016-2025,2025-01-01,Menn,Alle aldre,Lungekreft,"per 100 000, standardisert",66.8,2,1
Telemark,2016-2025,2025-01-01,Menn,Alle aldre,Hudkreft,"per 100 000, standardisert",126.9,2,1
Telemark,2016-2025,2025-01-01,Menn,Alle aldre,Føflekkreft (malignt melanom),"per 100 000, standardisert",54.3,2,1
Telemark,2016-2025,2025-01-01,Menn,Alle aldre,Brystkreft,"per 100 000, standardisert",,2,1
Telemark,2016-2025,2025-01-01,Menn,Alle aldre,"Livmorhalskreft, kvinner","per 100 000, standardisert",,2,1
Telemark,2016-2025,2025-01-01,Menn,Alle aldre,Prostatakreft,"per 100 000, standardisert",172.7,2,1
Telemark,2016-2025,2025-01-01,Kvinner,Alle aldre,Totalt alle krefttyper,"per 100 000, standardisert",650.1,3,1
Telemark,2016-2025,2025-01-01,Kvinner,Alle aldre,Tykk- og endetarmskreft,"per 100 000, standardisert",82.7,3,1
Telemark,2016-2025,2025-01-01,Kvinner,Alle aldre,Lungekreft,"per 100 000, standardisert",60.9,3,1
Telemark,2016-2025,2025-01-01,Kvinner,Alle aldre,Hudkreft,"per 100 000, standardisert",129.4,3,1
Telemark,2016-2025,2025-01-01,Kvinner,Alle aldre,Føflekkreft (malignt melanom),"per 100 000, standardisert",58.5,3,1
Telemark,2016-2025,2025-01-01,Kvinner,Alle aldre,Brystkreft,"per 100 000, standardisert",140.9,3,1
Telemark,2016-2025,2025-01-01,Kvinner,Alle aldre,"Livmorhalskreft, kvinner","per 100 000, standardisert",14.9,3,1
Telemark,2016-2025,2025-01-01,Kvinner,Alle aldre,Prostatakreft,"per 100 000, standardisert",,3,1
Agder,2016-2025,2025-01-01,Kjønn samlet,Alle aldre,Totalt alle krefttyper,"per 100 000, standardisert",672.2,1,3
Agder,2016-2025,2025-01-01,Kjønn samlet,Alle aldre,Tykk- og endetarmskreft,"per 100 000, standardisert",79.5,1,3
Agder,2016-2025,2025-01-01,Kjønn samlet,Alle aldre,Lungekreft,"per 100 000, standardisert",72.1,1,3
Agder,2016-2025,2025-01-01,Kjønn samlet,Alle aldre,Hudkreft,"per 100 000, standardisert",130.8,1,3
Agder,2016-2025,2025-01-01,Kjønn samlet,Alle aldre,Føflekkreft (malignt melanom),"per 100 000, standardisert",56.5,1,3
Agder,2016-2025,2025-01-01,Kjønn samlet,Alle aldre,Brystkreft,"per 100 000, standardisert",70.5,1,3
Agder,2016-2025,2025-01-01,Kjønn samlet,Alle aldre,"Livmorhalskreft, kvinner","per 100 000, standardisert",,1,3
Agder,2016-2025,2025-01-01,Kjønn samlet,Alle aldre,Prostatakreft,"per 100 000, standardisert",,1,3
Agder,2016-2025,2025-01-01,Menn,Alle aldre,Totalt alle krefttyper,"per 100 000, standardisert",697.4,2,3
Agder,2016-2025,2025-01-01,Menn,Alle aldre,Tykk- og endetarmskreft,"per 100 000, standardisert",80.1,2,3
Agder,2016-2025,2025-01-01,Menn,Alle aldre,Lungekreft,"per 100 000, standardisert",74.1,2,3
Agder,2016-2025,2025-01-01,Menn,Alle aldre,Hudkreft,"per 100 000, standardisert",131.5,2,3
Agder,2016-2025,2025-01-01,Menn,Alle aldre,Føflekkreft (malignt melanom),"per 100 000, standardisert",54.3,2,3
Agder,2016-2025,2025-01-01,Menn,Alle aldre,Brystkreft,"per 100 000, standardisert",1.6,2,3
Agder,2016-2025,2025-01-01,Menn,Alle aldre,"Livmorhalskreft, kvinner","per 100 000, standardisert",,2,3
Agder,2016-2025,2025-01-01,Menn,Alle aldre,Prostatakreft,"per 100 000, standardisert",171.5,2,3
Agder,2016-2025,2025-01-01,Kvinner,Alle aldre,Totalt alle krefttyper,"per 100 000, standardisert",646.6,3,3
Agder,2016-2025,2025-01-01,Kvinner,Alle aldre,Tykk- og endetarmskreft,"per 100 000, standardisert",78.8,3,3
Agder,2016-2025,2025-01-01,Kvinner,Alle aldre,Lungekreft,"per 100 000, standardisert",70.1,3,3
Agder,2016-2025,2025-01-01,Kvinner,Alle aldre,Hudkreft,"per 100 000, standardisert",130.0,3,3
Agder,2016-2025,2025-01-01,Kvinner,Alle aldre,Føflekkreft (malignt melanom),"per 100 000, standardisert",58.7,3,3
Agder,2016-2025,2025-01-01,Kvinner,Alle aldre,Brystkreft,"per 100 000, standardisert",140.5,3,3
Agder,2016-2025,2025-01-01,Kvinner,Alle aldre,"Livmorhalskreft, kvinner","per 100 000, standardisert",10.9,3,3
Agder,2016-2025,2025-01-01,Kvinner,Alle aldre,Prostatakreft,"per 100 000, standardisert",,3,3
Rogaland,2016-2025,2025-01-01,Kjønn samlet,Alle aldre,Totalt alle krefttyper,"per 100 000, standardisert",701.2,1,11
Rogaland,2016-2025,2025-01-01,Kjønn samlet,Alle aldre,Tykk- og endetarmskreft,"per 100 000, standardisert",90.1,1,11
Rogaland,2016-2025,2025-01-01,Kjønn samlet,Alle aldre,Lungekreft,"per 100 000, standardisert",68.2,1,11
Rogaland,2016-2025,2025-01-01,Kjønn samlet,Alle aldre,Hudkreft,"per 100 000, standardisert",120.1,1,11
Rogaland,2016-2025,2025-01-01,Kjønn samlet,Alle aldre,Føflekkreft (malignt melanom),"per 100 000, standardisert",51.6,1,11
Rogaland,2016-2025,2025-01-01,Kjønn samlet,Alle aldre,Brystkreft,"per 100 000, standardisert",73.6,1,11
Rogaland,2016-2025,2025-01-01,Kjønn samlet,Alle aldre,"Livmorhalskreft, kvinner","per 100 000, standardisert",,1,11
Rogaland,2016-2025,2025-01-01,Kjønn samlet,Alle aldre,Prostatakreft,"per 100 000, standardisert",,1,11
Rogaland,2016-2025,2025-01-01,Menn,Alle aldre,Totalt alle krefttyper,"per 100 000, standardisert",761.4,2,11
Rogaland,2016-2025,2025-01-01,Menn,Alle aldre,Tykk- og endetarmskreft,"per 100 000, standardisert",94.6,2,11
Rogaland,2016-2025,2025-01-01,Menn,Alle aldre,Lungekreft,"per 100 000, standardisert",72.2,2,11
Rogaland,2016-2025,2025-01-01,Menn,Alle aldre,Hudkreft,"per 100 000, standardisert",123.9,2,11
Rogaland,2016-2025,2025-01-01,Menn,Alle aldre,Føflekkreft (malignt melanom),"per 100 000, standardisert",52.7,2,11
Rogaland,2016-2025,2025-01-01,Menn,Alle aldre,Brystkreft,"per 100 000, standardisert",,2,11
Rogaland,2016-2025,2025-01-01,Menn,Alle aldre,"Livmorhalskreft, kvinner","per 100 000, standardisert",,2,11
Rogaland,2016-2025,2025-01-01,Menn,Alle aldre,Prostatakreft,"per 100 000, standardisert",222.1,2,11
Rogaland,2016-2025,2025-01-01,Kvinner,Alle aldre,Totalt alle krefttyper,"per 100 000, standardisert",640.0,3,11
Rogaland,2016-2025,2025-01-01,Kvinner,Alle aldre,Tykk- og endetarmskreft,"per 100 000, standardisert",85.4,3,11
Rogaland,2016-2025,2025-01-01,Kvinner,Alle aldre,Lungekreft,"per 100 000, standardisert",64.0,3,11
Rogaland,2016-2025,2025-01-01,Kvinner,Alle aldre,Hudkreft,"per 100 000, standardisert",116.2,3,11
Rogaland,2016-2025,2025-01-01,Kvinner,Alle aldre,Føflekkreft (malignt melanom),"per 100 000, standardisert",50.5,3,11
Rogaland,2016-2025,2025-01-01,Kvinner,Alle aldre,Brystkreft,"per 100 000, standardisert",147.5,3,11
Rogaland,2016-2025,2025-01-01,Kvinner,Alle aldre,"Livmorhalskreft, kvinner","per 100 000, standardisert",11.7,3,11
Rogaland,2016-2025,2025-01-01,Kvinner,Alle aldre,Prostatakreft,"per 100 000, standardisert",,3,11
Vestland,2016-2025,2025-01-01,Kjønn samlet,Alle aldre,Totalt alle krefttyper,"per 100 000, standardisert",687.5,1,15
Vestland,2016-2025,2025-01-01,Kjønn samlet,Alle aldre,Tykk- og endetarmskreft,"per 100 000, standardisert",95.1,1,15
Vestland,2016-2025,2025-01-01,Kjønn samlet,Alle aldre,Lungekreft,"per 100 000, standardisert",61.6,1,15
Vestland,2016-2025,2025-01-01,Kjønn samlet,Alle aldre,Hudkreft,"per 100 000, standardisert",116.3,1,15
Vestland,2016-2025,2025-01-01,Kjønn samlet,Alle aldre,Føflekkreft (malignt melanom),"per 100 000, standardisert",52.0,1,15
Vestland,2016-2025,2025-01-01,Kjønn samlet,Alle aldre,Brystkreft,"per 100 000, standardisert",68.8,1,15
Vestland,2016-2025,2025-01-01,Kjønn samlet,Alle aldre,"Livmorhalskreft, kvinner","per 100 000, standardisert",,1,15
Vestland,2016-2025,2025-01-01,Kjønn samlet,Alle aldre,Prostatakreft,"per 100 000, standardisert",,1,15
Vestland,2016-2025,2025-01-01,Menn,Alle aldre,Totalt alle krefttyper,"per 100 000, standardisert",736.5,2,15
Vestland,2016-2025,2025-01-01,Menn,Alle aldre,Tykk- og endetarmskreft,"per 100 000, standardisert",100.3,2,15
Vestland,2016-2025,2025-01-01,Menn,Alle aldre,Lungekreft,"per 100 000, standardisert",65.2,2,15
Vestland,2016-2025,2025-01-01,Menn,Alle aldre,Hudkreft,"per 100 000, standardisert",120.8,2,15
Vestland,2016-2025,2025-01-01,Menn,Alle aldre,Føflekkreft (malignt melanom),"per 100 000, standardisert",53.3,2,15
Vestland,2016-2025,2025-01-01,Menn,Alle aldre,Brystkreft,"per 100 000, standardisert",1.0,2,15
Vestland,2016-2025,2025-01-01,Menn,Alle aldre,"Livmorhalskreft, kvinner","per 100 000, standardisert",,2,15
Vestland,2016-2025,2025-01-01,Menn,Alle aldre,Prostatakreft,"per 100 000, standardisert",204.2,2,15
Vestland,2016-2025,2025-01-01,Kvinner,Alle aldre,Totalt alle krefttyper,"per 100 000, standardisert",637.5,3,15
Vestland,2016-2025,2025-01-01,Kvinner,Alle aldre,Tykk- og endetarmskreft,"per 100 000, standardisert",89.8,3,15
Vestland,2016-2025,2025-01-01,Kvinner,Alle aldre,Lungekreft,"per 100 000, standardisert",57.9,3,15
Vestland,2016-2025,2025-01-01,Kvinner,Alle aldre,Hudkreft,"per 100 000, standardisert",111.8,3,15
Vestland,2016-2025,2025-01-01,Kvinner,Alle aldre,Føflekkreft (malignt melanom),"per 100 000, standardisert",50.7,3,15
Vestland,2016-2025,2025-01-01,Kvinner,Alle aldre,Brystkreft,"per 100 000, standardisert",137.6,3,15
Vestland,2016-2025,2025-01-01,Kvinner,Alle aldre,"Livmorhalskreft, kvinner","per 100 000, standardisert",13.5,3,15
Vestland,2016-2025,2025-01-01,Kvinner,Alle aldre,Prostatakreft,"per 100 000, standardisert",,3,15
Møre og Romsdal,2016-2025,2025-01-01,Kjønn samlet,Alle aldre,Totalt alle krefttyper,"per 100 000, standardisert",615.2,1,8
Møre og Romsdal,2016-2025,2025-01-01,Kjønn samlet,Alle aldre,Tykk- og endetarmskreft,"per 100 000, standardisert",96.1,1,8
Møre og Romsdal,2016-2025,2025-01-01,Kjønn samlet,Alle aldre,Lungekreft,"per 100 000, standardisert",62.6,1,8
Møre og Romsdal,2016-2025,2025-01-01,Kjønn samlet,Alle aldre,Hudkreft,"per 100 000, standardisert",64.3,1,8
Møre og Romsdal,2016-2025,2025-01-01,Kjønn samlet,Alle aldre,Føflekkreft (malignt melanom),"per 100 000, standardisert",32.5,1,8
Møre og Romsdal,2016-2025,2025-01-01,Kjønn samlet,Alle aldre,Brystkreft,"per 100 000, standardisert",73.4,1,8
Møre og Romsdal,2016-2025,2025-01-01,Kjønn samlet,Alle aldre,"Livmorhalskreft, kvinner","per 100 000, standardisert",,1,8
Møre og Romsdal,2016-2025,2025-01-01,Kjønn samlet,Alle aldre,Prostatakreft,"per 100 000, standardisert",,1,8
Møre og Romsdal,2016-2025,2025-01-01,Menn,Alle aldre,Totalt alle krefttyper,"per 100 000, standardisert",646.0,2,8
Møre og Romsdal,2016-2025,2025-01-01,Menn,Alle aldre,Tykk- og endetarmskreft,"per 100 000, standardisert",97.1,2,8
Møre og Romsdal,2016-2025,2025-01-01,Menn,Alle aldre,Lungekreft,"per 100 000, standardisert",63.9,2,8
Møre og Romsdal,2016-2025,2025-01-01,Menn,Alle aldre,Hudkreft,"per 100 000, standardisert",67.9,2,8
Møre og Romsdal,2016-2025,2025-01-01,Menn,Alle aldre,Føflekkreft (malignt melanom),"per 100 000, standardisert",32.7,2,8
Møre og Romsdal,2016-2025,2025-01-01,Menn,Alle aldre,Brystkreft,"per 100 000, standardisert",1.3,2,8
Møre og Romsdal,2016-2025,2025-01-01,Menn,Alle aldre,"Livmorhalskreft, kvinner","per 100 000, standardisert",,2,8
Møre og Romsdal,2016-2025,2025-01-01,Menn,Alle aldre,Prostatakreft,"per 100 000, standardisert",175.9,2,8
Møre og Romsdal,2016-2025,2025-01-01,Kvinner,Alle aldre,Totalt alle krefttyper,"per 100 000, standardisert",584.0,3,8
Møre og Romsdal,2016-2025,2025-01-01,Kvinner,Alle aldre,Tykk- og endetarmskreft,"per 100 000, standardisert",95.3,3,8
Møre og Romsdal,2016-2025,2025-01-01,Kvinner,Alle aldre,Lungekreft,"per 100 000, standardisert",61.4,3,8
Møre og Romsdal,2016-2025,2025-01-01,Kvinner,Alle aldre,Hudkreft,"per 100 000, standardisert",60.5,3,8
Møre og Romsdal,2016-2025,2025-01-01,Kvinner,Alle aldre,Føflekkreft (malignt melanom),"per 100 000, standardisert",32.3,3,8
Møre og Romsdal,2016-2025,2025-01-01,Kvinner,Alle aldre,Brystkreft,"per 100 000, standardisert",146.5,3,8
Møre og Romsdal,2016-2025,2025-01-01,Kvinner,Alle aldre,"Livmorhalskreft, kvinner","per 100 000, standardisert",9.9,3,8
Møre og Romsdal,2016-2025,2025-01-01,Kvinner,Alle aldre,Prostatakreft,"per 100 000, standardisert",,3,8
Trøndelag Trööndelage,2016-2025,2025-01-01,Kjønn samlet,Alle aldre,Totalt alle krefttyper,"per 100 000, standardisert",639.8,1,13
Trøndelag Trööndelage,2016-2025,2025-01-01,Kjønn samlet,Alle aldre,Tykk- og endetarmskreft,"per 100 000, standardisert",89.6,1,13
Trøndelag Trööndelage,2016-2025,2025-01-01,Kjønn samlet,Alle aldre,Lungekreft,"per 100 000, standardisert",57.8,1,13
Trøndelag Trööndelage,2016-2025,2025-01-01,Kjønn samlet,Alle aldre,Hudkreft,"per 100 000, standardisert",94.0,1,13
Trøndelag Trööndelage,2016-2025,2025-01-01,Kjønn samlet,Alle aldre,Føflekkreft (malignt melanom),"per 100 000, standardisert",51.3,1,13
Trøndelag Trööndelage,2016-2025,2025-01-01,Kjønn samlet,Alle aldre,Brystkreft,"per 100 000, standardisert",69.9,1,13
Trøndelag Trööndelage,2016-2025,2025-01-01,Kjønn samlet,Alle aldre,"Livmorhalskreft, kvinner","per 100 000, standardisert",,1,13
Trøndelag Trööndelage,2016-2025,2025-01-01,Kjønn samlet,Alle aldre,Prostatakreft,"per 100 000, standardisert",,1,13
Trøndelag Trööndelage,2016-2025,2025-01-01,Menn,Alle aldre,Totalt alle krefttyper,"per 100 000, standardisert",660.7,2,13
Trøndelag Trööndelage,2016-2025,2025-01-01,Menn,Alle aldre,Tykk- og endetarmskreft,"per 100 000, standardisert",91.8,2,13
Trøndelag Trööndelage,2016-2025,2025-01-01,Menn,Alle aldre,Lungekreft,"per 100 000, standardisert",54.1,2,13
Trøndelag Trööndelage,2016-2025,2025-01-01,Menn,Alle aldre,Hudkreft,"per 100 000, standardisert",96.3,2,13
Trøndelag Trööndelage,2016-2025,2025-01-01,Menn,Alle aldre,Føflekkreft (malignt melanom),"per 100 000, standardisert",49.2,2,13
Trøndelag Trööndelage,2016-2025,2025-01-01,Menn,Alle aldre,Brystkreft,"per 100 000, standardisert",0.9,2,13
Trøndelag Trööndelage,2016-2025,2025-01-01,Menn,Alle aldre,"Livmorhalskreft, kvinner","per 100 000, standardisert",,2,13
Trøndelag Trööndelage,2016-2025,2025-01-01,Menn,Alle aldre,Prostatakreft,"per 100 000, standardisert",178.5,2,13
Trøndelag Trööndelage,2016-2025,2025-01-01,Kvinner,Alle aldre,Totalt alle krefttyper,"per 100 000, standardisert",618.8,3,13
Trøndelag Trööndelage,2016-2025,2025-01-01,Kvinner,Alle aldre,Tykk- og endetarmskreft,"per 100 000, standardisert",87.3,3,13
Trøndelag Trööndelage,2016-2025,2025-01-01,Kvinner,Alle aldre,Lungekreft,"per 100 000, standardisert",61.5,3,13
Trøndelag Trööndelage,2016-2025,2025-01-01,Kvinner,Alle aldre,Hudkreft,"per 100 000, standardisert",91.8,3,13
Trøndelag Trööndelage,2016-2025,2025-01-01,Kvinner,Alle aldre,Føflekkreft (malignt melanom),"per 100 000, standardisert",53.5,3,13
Trøndelag Trööndelage,2016-2025,2025-01-01,Kvinner,Alle aldre,Brystkreft,"per 100 000, standardisert",140.1,3,13
Trøndelag Trööndelage,2016-2025,2025-01-01,Kvinner,Alle aldre,"Livmorhalskreft, kvinner","per 100 000, standardisert",12.1,3,13
Trøndelag Trööndelage,2016-2025,2025-01-01,Kvinner,Alle aldre,Prostatakreft,"per 100 000, standardisert",,3,13
Nordland Nordlánnda,2016-2025,2025-01-01,Kjønn samlet,Alle aldre,Totalt alle krefttyper,"per 100 000, standardisert",649.7,1,9
Nordland Nordlánnda,2016-2025,2025-01-01,Kjønn samlet,Alle aldre,Tykk- og endetarmskreft,"per 100 000, standardisert",93.2,1,9
Nordland Nordlánnda,2016-2025,2025-01-01,Kjønn samlet,Alle aldre,Lungekreft,"per 100 000, standardisert",70.6,1,9
Nordland Nordlánnda,2016-2025,2025-01-01,Kjønn samlet,Alle aldre,Hudkreft,"per 100 000, standardisert",66.9,1,9
Nordland Nordlánnda,2016-2025,2025-01-01,Kjønn samlet,Alle aldre,Føflekkreft (malignt melanom),"per 100 000, standardisert",30.8,1,9
Nordland Nordlánnda,2016-2025,2025-01-01,Kjønn samlet,Alle aldre,Brystkreft,"per 100 000, standardisert",68.0,1,9
Nordland Nordlánnda,2016-2025,2025-01-01,Kjønn samlet,Alle aldre,"Livmorhalskreft, kvinner","per 100 000, standardisert",,1,9
Nordland Nordlánnda,2016-2025,2025-01-01,Kjønn samlet,Alle aldre,Prostatakreft,"per 100 000, standardisert",,1,9
Nordland Nordlánnda,2016-2025,2025-01-01,Menn,Alle aldre,Totalt alle krefttyper,"per 100 000, standardisert",685.6,2,9
Nordland Nordlánnda,2016-2025,2025-01-01,Menn,Alle aldre,Tykk- og endetarmskreft,"per 100 000, standardisert",95.2,2,9
Nordland Nordlánnda,2016-2025,2025-01-01,Menn,Alle aldre,Lungekreft,"per 100 000, standardisert",68.3,2,9
Nordland Nordlánnda,2016-2025,2025-01-01,Menn,Alle aldre,Hudkreft,"per 100 000, standardisert",71.8,2,9
Nordland Nordlánnda,2016-2025,2025-01-01,Menn,Alle aldre,Føflekkreft (malignt melanom),"per 100 000, standardisert",31.8,2,9
Nordland Nordlánnda,2016-2025,2025-01-01,Menn,Alle aldre,Brystkreft,"per 100 000, standardisert",,2,9
Nordland Nordlánnda,2016-2025,2025-01-01,Menn,Alle aldre,"Livmorhalskreft, kvinner","per 100 000, standardisert",,2,9
Nordland Nordlánnda,2016-2025,2025-01-01,Menn,Alle aldre,Prostatakreft,"per 100 000, standardisert",199.8,2,9
Nordland Nordlánnda,2016-2025,2025-01-01,Kvinner,Alle aldre,Totalt alle krefttyper,"per 100 000, standardisert",613.1,3,9
Nordland Nordlánnda,2016-2025,2025-01-01,Kvinner,Alle aldre,Tykk- og endetarmskreft,"per 100 000, standardisert",91.2,3,9
Nordland Nordlánnda,2016-2025,2025-01-01,Kvinner,Alle aldre,Lungekreft,"per 100 000, standardisert",73.1,3,9
Nordland Nordlánnda,2016-2025,2025-01-01,Kvinner,Alle aldre,Hudkreft,"per 100 000, standardisert",61.8,3,9
Nordland Nordlánnda,2016-2025,2025-01-01,Kvinner,Alle aldre,Føflekkreft (malignt melanom),"per 100 000, standardisert",29.8,3,9
Nordland Nordlánnda,2016-2025,2025-01-01,Kvinner,Alle aldre,Brystkreft,"per 100 000, standardisert",135.7,3,9
Nordland Nordlánnda,2016-2025,2025-01-01,Kvinner,Alle aldre,"Livmorhalskreft, kvinner","per 100 000, standardisert",11.9,3,9
Nordland Nordlánnda,2016-2025,2025-01-01,Kvinner,Alle aldre,Prostatakreft,"per 100 000, standardisert",,3,9
Troms Romsa Tromssa,2016-2025,2025-01-01,Kjønn samlet,Alle aldre,Totalt alle krefttyper,"per 100 000, standardisert",639.7,1,12
Troms Romsa Tromssa,2016-2025,2025-01-01,Kjønn samlet,Alle aldre,Tykk- og endetarmskreft,"per 100 000, standardisert",88.1,1,12
Troms Romsa Tromssa,2016-2025,2025-01-01,Kjønn samlet,Alle aldre,Lungekreft,"per 100 000, standardisert",71.1,1,12
Troms Romsa Tromssa,2016-2025,2025-01-01,Kjønn samlet,Alle aldre,Hudkreft,"per 100 000, standardisert",72.3,1,12
Troms Romsa Tromssa,2016-2025,2025-01-01,Kjønn samlet,Alle aldre,Føflekkreft (malignt melanom),"per 100 000, standardisert",36.1,1,12
Troms Romsa Tromssa,2016-2025,2025-01-01,Kjønn samlet,Alle aldre,Brystkreft,"per 100 000, standardisert",,1,12
Troms Romsa Tromssa,2016-2025,2025-01-01,Kjønn samlet,Alle aldre,"Livmorhalskreft, kvinner","per 100 000, standardisert",,1,12
Troms Romsa Tromssa,2016-2025,2025-01-01,Kjønn samlet,Alle aldre,Prostatakreft,"per 100 000, standardisert",,1,12
Troms Romsa Tromssa,2016-2025,2025-01-01,Menn,Alle aldre,Totalt alle krefttyper,"per 100 000, standardisert",664.4,2,12
Troms Romsa Tromssa,2016-2025,2025-01-01,Menn,Alle aldre,Tykk- og endetarmskreft,"per 100 000, standardisert",86.2,2,12
Troms Romsa Tromssa,2016-2025,2025-01-01,Menn,Alle aldre,Lungekreft,"per 100 000, standardisert",70.9,2,12
Troms Romsa Tromssa,2016-2025,2025-01-01,Menn,Alle aldre,Hudkreft,"per 100 000, standardisert",74.5,2,12
Troms Romsa Tromssa,2016-2025,2025-01-01,Menn,Alle aldre,Føflekkreft (malignt melanom),"per 100 000, standardisert",36.1,2,12
Troms Romsa Tromssa,2016-2025,2025-01-01,Menn,Alle aldre,Brystkreft,"per 100 000, standardisert",,2,12
Troms Romsa Tromssa,2016-2025,2025-01-01,Menn,Alle aldre,"Livmorhalskreft, kvinner","per 100 000, standardisert",,2,12
Troms Romsa Tromssa,2016-2025,2025-01-01,Menn,Alle aldre,Prostatakreft,"per 100 000, standardisert",166.9,2,12
Troms Romsa Tromssa,2016-2025,2025-01-01,Kvinner,Alle aldre,Totalt alle krefttyper,"per 100 000, standardisert",615.0,3,12
Troms Romsa Tromssa,2016-2025,2025-01-01,Kvinner,Alle aldre,Tykk- og endetarmskreft,"per 100 000, standardisert",90.2,3,12
Troms Romsa Tromssa,2016-2025,2025-01-01,Kvinner,Alle aldre,Lungekreft,"per 100 000, standardisert",71.3,3,12
Troms Romsa Tromssa,2016-2025,2025-01-01,Kvinner,Alle aldre,Hudkreft,"per 100 000, standardisert",70.1,3,12
Troms Romsa Tromssa,2016-2025,2025-01-01,Kvinner,Alle aldre,Føflekkreft (malignt melanom),"per 100 000, standardisert",36.1,3,12
Troms Romsa Tromssa,2016-2025,2025-01-01,Kvinner,Alle aldre,Brystkreft,"per 100 000, standardisert",131.6,3,12
Troms Romsa Tromssa,2016-2025,2025-01-01,Kvinner,Alle aldre,"Livmorhalskreft, kvinner","per 100 000, standardisert",11.0,3,12
Troms Romsa Tromssa,2016-2025,2025-01-01,Kvinner,Alle aldre,Prostatakreft,"per 100 000, standardisert",,3,12
Finnmark Finnmárku Finmarkku,2016-2025,2025-01-01,Kjønn samlet,Alle aldre,Totalt alle krefttyper,"per 100 000, standardisert",607.5,1,6
Finnmark Finnmárku Finmarkku,2016-2025,2025-01-01,Kjønn samlet,Alle aldre,Tykk- og endetarmskreft,"per 100 000, standardisert",76.6,1,6
Finnmark Finnmárku Finmarkku,2016-2025,2025-01-01,Kjønn samlet,Alle aldre,Lungekreft,"per 100 000, standardisert",81.4,1,6
Finnmark Finnmárku Finmarkku,2016-2025,2025-01-01,Kjønn samlet,Alle aldre,Hudkreft,"per 100 000, standardisert",48.1,1,6
Finnmark Finnmárku Finmarkku,2016-2025,2025-01-01,Kjønn samlet,Alle aldre,Føflekkreft (malignt melanom),"per 100 000, standardisert",23.6,1,6
Finnmark Finnmárku Finmarkku,2016-2025,2025-01-01,Kjønn samlet,Alle aldre,Brystkreft,"per 100 000, standardisert",,1,6
Finnmark Finnmárku Finmarkku,2016-2025,2025-01-01,Kjønn samlet,Alle aldre,"Livmorhalskreft, kvinner","per 100 000, standardisert",,1,6
Finnmark Finnmárku Finmarkku,2016-2025,2025-01-01,Kjønn samlet,Alle aldre,Prostatakreft,"per 100 000, standardisert",,1,6
Finnmark Finnmárku Finmarkku,2016-2025,2025-01-01,Menn,Alle aldre,Totalt alle krefttyper,"per 100 000, standardisert",651.5,2,6
Finnmark Finnmárku Finmarkku,2016-2025,2025-01-01,Menn,Alle aldre,Tykk- og endetarmskreft,"per 100 000, standardisert",85.4,2,6
Finnmark Finnmárku Finmarkku,2016-2025,2025-01-01,Menn,Alle aldre,Lungekreft,"per 100 000, standardisert",87.7,2,6
Finnmark Finnmárku Finmarkku,2016-2025,2025-01-01,Menn,Alle aldre,Hudkreft,"per 100 000, standardisert",48.8,2,6
Finnmark Finnmárku Finmarkku,2016-2025,2025-01-01,Menn,Alle aldre,Føflekkreft (malignt melanom),"per 100 000, standardisert",23.3,2,6
Finnmark Finnmárku Finmarkku,2016-2025,2025-01-01,Menn,Alle aldre,Brystkreft,"per 100 000, standardisert",,2,6
Finnmark Finnmárku Finmarkku,2016-2025,2025-01-01,Menn,Alle aldre,"Livmorhalskreft, kvinner","per 100 000, standardisert",,2,6
Finnmark Finnmárku Finmarkku,2016-2025,2025-01-01,Menn,Alle aldre,Prostatakreft,"per 100 000, standardisert",170.0,2,6
Finnmark Finnmárku Finmarkku,2016-2025,2025-01-01,Kvinner,Alle aldre,Totalt alle krefttyper,"per 100 000, standardisert",562.0,3,6
Finnmark Finnmárku Finmarkku,2016-2025,2025-01-01,Kvinner,Alle aldre,Tykk- og endetarmskreft,"per 100 000, standardisert",67.1,3,6
Finnmark Finnmárku Finmarkku,2016-2025,2025-01-01,Kvinner,Alle aldre,Lungekreft,"per 100 000, standardisert",74.6,3,6
Finnmark Finnmárku Finmarkku,2016-2025,2025-01-01,Kvinner,Alle aldre,Hudkreft,"per 100 000, standardisert",47.5,3,6
Finnmark Finnmárku Finmarkku,2016-2025,2025-01-01,Kvinner,Alle aldre,Føflekkreft (malignt melanom),"per 100 000, standardisert",23.9,3,6
Finnmark Finnmárku Finmarkku,2016-2025,2025-01-01,Kvinner,Alle aldre,Brystkreft,"per 100 000, standardisert",124.1,3,6
Finnmark Finnmárku Finmarkku,2016-2025,2025-01-01,Kvinner,Alle aldre,"Livmorhalskreft, kvinner","per 100 000, standardisert",13.7,3,6
Finnmark Finnmárku Finmarkku,2016-2025,2025-01-01,Kvinner,Alle aldre,Prostatakreft,"per 100 000, standardisert",,3,6
