Fylke,År,Kjønn,Alder,Sykdomsgruppe,Måltall,Antall,SortKjonn,SortAlder,SortFylke
Hele landet,2024-01-01,Kjønn samlet,0-74 år,Muskel og skjelett (ekskl. brudd og skader),"per 1000, standardisert",319.6,1,1,2
Hele landet,2024-01-01,Kjønn samlet,0-44 år,Muskel og skjelett (ekskl. brudd og skader),"per 1000, standardisert",247.1,1,2,2
Hele landet,2024-01-01,Kjønn samlet,45-74 år,Muskel og skjelett (ekskl. brudd og skader),"per 1000, standardisert",430.8,1,3,2
Hele landet,2024-01-01,Kjønn samlet,75-79 år,Muskel og skjelett (ekskl. brudd og skader),"per 1000, standardisert",457.5,1,4,2
Hele landet,2024-01-01,Menn,0-74 år,Muskel og skjelett (ekskl. brudd og skader),"per 1000, standardisert",288.4,2,1,2
Hele landet,2024-01-01,Menn,0-44 år,Muskel og skjelett (ekskl. brudd og skader),"per 1000, standardisert",230.9,2,2,2
Hele landet,2024-01-01,Menn,45-74 år,Muskel og skjelett (ekskl. brudd og skader),"per 1000, standardisert",378.3,2,3,2
Hele landet,2024-01-01,Menn,75-79 år,Muskel og skjelett (ekskl. brudd og skader),"per 1000, standardisert",391.8,2,4,2
Hele landet,2024-01-01,Kvinner,0-74 år,Muskel og skjelett (ekskl. brudd og skader),"per 1000, standardisert",351.9,3,1,2
Hele landet,2024-01-01,Kvinner,0-44 år,Muskel og skjelett (ekskl. brudd og skader),"per 1000, standardisert",264.3,3,2,2
Hele landet,2024-01-01,Kvinner,45-74 år,Muskel og skjelett (ekskl. brudd og skader),"per 1000, standardisert",484.5,3,3,2
Hele landet,2024-01-01,Kvinner,75-79 år,Muskel og skjelett (ekskl. brudd og skader),"per 1000, standardisert",518.4,3,4,2
Oslo (fylke),2024-01-01,Kjønn samlet,0-74 år,Muskel og skjelett (ekskl. brudd og skader),"per 1000, standardisert",280.3,1,1,10
Oslo (fylke),2024-01-01,Kjønn samlet,0-44 år,Muskel og skjelett (ekskl. brudd og skader),"per 1000, standardisert",207.7,1,2,10
Oslo (fylke),2024-01-01,Kjønn samlet,45-74 år,Muskel og skjelett (ekskl. brudd og skader),"per 1000, standardisert",397.8,1,3,10
Oslo (fylke),2024-01-01,Kjønn samlet,75-79 år,Muskel og skjelett (ekskl. brudd og skader),"per 1000, standardisert",440.9,1,4,10
Oslo (fylke),2024-01-01,Menn,0-74 år,Muskel og skjelett (ekskl. brudd og skader),"per 1000, standardisert",249.2,2,1,10
Oslo (fylke),2024-01-01,Menn,0-44 år,Muskel og skjelett (ekskl. brudd og skader),"per 1000, standardisert",193.5,2,2,10
Oslo (fylke),2024-01-01,Menn,45-74 år,Muskel og skjelett (ekskl. brudd og skader),"per 1000, standardisert",339.6,2,3,10
Oslo (fylke),2024-01-01,Menn,75-79 år,Muskel og skjelett (ekskl. brudd og skader),"per 1000, standardisert",370.2,2,4,10
Oslo (fylke),2024-01-01,Kvinner,0-74 år,Muskel og skjelett (ekskl. brudd og skader),"per 1000, standardisert",312.6,3,1,10
Oslo (fylke),2024-01-01,Kvinner,0-44 år,Muskel og skjelett (ekskl. brudd og skader),"per 1000, standardisert",222.7,3,2,10
Oslo (fylke),2024-01-01,Kvinner,45-74 år,Muskel og skjelett (ekskl. brudd og skader),"per 1000, standardisert",457.1,3,3,10
Oslo (fylke),2024-01-01,Kvinner,75-79 år,Muskel og skjelett (ekskl. brudd og skader),"per 1000, standardisert",506.3,3,4,10
Østfold,2024-01-01,Kjønn samlet,0-74 år,Muskel og skjelett (ekskl. brudd og skader),"per 1000, standardisert",337.9,1,1,16
Østfold,2024-01-01,Kjønn samlet,0-44 år,Muskel og skjelett (ekskl. brudd og skader),"per 1000, standardisert",268.9,1,2,16
Østfold,2024-01-01,Kjønn samlet,45-74 år,Muskel og skjelett (ekskl. brudd og skader),"per 1000, standardisert",445.5,1,3,16
Østfold,2024-01-01,Kjønn samlet,75-79 år,Muskel og skjelett (ekskl. brudd og skader),"per 1000, standardisert",452.4,1,4,16
Østfold,2024-01-01,Menn,0-74 år,Muskel og skjelett (ekskl. brudd og skader),"per 1000, standardisert",310.2,2,1,16
Østfold,2024-01-01,Menn,0-44 år,Muskel og skjelett (ekskl. brudd og skader),"per 1000, standardisert",253.7,2,2,16
Østfold,2024-01-01,Menn,45-74 år,Muskel og skjelett (ekskl. brudd og skader),"per 1000, standardisert",399.4,2,3,16
Østfold,2024-01-01,Menn,75-79 år,Muskel og skjelett (ekskl. brudd og skader),"per 1000, standardisert",402.6,2,4,16
Østfold,2024-01-01,Kvinner,0-74 år,Muskel og skjelett (ekskl. brudd og skader),"per 1000, standardisert",366.7,3,1,16
Østfold,2024-01-01,Kvinner,0-44 år,Muskel og skjelett (ekskl. brudd og skader),"per 1000, standardisert",284.9,3,2,16
Østfold,2024-01-01,Kvinner,45-74 år,Muskel og skjelett (ekskl. brudd og skader),"per 1000, standardisert",492.6,3,3,16
Østfold,2024-01-01,Kvinner,75-79 år,Muskel og skjelett (ekskl. brudd og skader),"per 1000, standardisert",499.0,3,4,16
Akershus,2024-01-01,Kjønn samlet,0-74 år,Muskel og skjelett (ekskl. brudd og skader),"per 1000, standardisert",321.8,1,1,4
Akershus,2024-01-01,Kjønn samlet,0-44 år,Muskel og skjelett (ekskl. brudd og skader),"per 1000, standardisert",250.4,1,2,4
Akershus,2024-01-01,Kjønn samlet,45-74 år,Muskel og skjelett (ekskl. brudd og skader),"per 1000, standardisert",431.6,1,3,4
Akershus,2024-01-01,Kjønn samlet,75-79 år,Muskel og skjelett (ekskl. brudd og skader),"per 1000, standardisert",459.4,1,4,4
Akershus,2024-01-01,Menn,0-74 år,Muskel og skjelett (ekskl. brudd og skader),"per 1000, standardisert",291.3,2,1,4
Akershus,2024-01-01,Menn,0-44 år,Muskel og skjelett (ekskl. brudd og skader),"per 1000, standardisert",236.4,2,2,4
Akershus,2024-01-01,Menn,45-74 år,Muskel og skjelett (ekskl. brudd og skader),"per 1000, standardisert",377.0,2,3,4
Akershus,2024-01-01,Menn,75-79 år,Muskel og skjelett (ekskl. brudd og skader),"per 1000, standardisert",388.2,2,4,4
Akershus,2024-01-01,Kvinner,0-74 år,Muskel og skjelett (ekskl. brudd og skader),"per 1000, standardisert",353.5,3,1,4
Akershus,2024-01-01,Kvinner,0-44 år,Muskel og skjelett (ekskl. brudd og skader),"per 1000, standardisert",265.0,3,2,4
Akershus,2024-01-01,Kvinner,45-74 år,Muskel og skjelett (ekskl. brudd og skader),"per 1000, standardisert",487.4,3,3,4
Akershus,2024-01-01,Kvinner,75-79 år,Muskel og skjelett (ekskl. brudd og skader),"per 1000, standardisert",525.4,3,4,4
Buskerud,2024-01-01,Kjønn samlet,0-74 år,Muskel og skjelett (ekskl. brudd og skader),"per 1000, standardisert",327.6,1,1,5
Buskerud,2024-01-01,Kjønn samlet,0-44 år,Muskel og skjelett (ekskl. brudd og skader),"per 1000, standardisert",256.3,1,2,5
Buskerud,2024-01-01,Kjønn samlet,45-74 år,Muskel og skjelett (ekskl. brudd og skader),"per 1000, standardisert",437.5,1,3,5
Buskerud,2024-01-01,Kjønn samlet,75-79 år,Muskel og skjelett (ekskl. brudd og skader),"per 1000, standardisert",459.7,1,4,5
Buskerud,2024-01-01,Menn,0-74 år,Muskel og skjelett (ekskl. brudd og skader),"per 1000, standardisert",296.5,2,1,5
Buskerud,2024-01-01,Menn,0-44 år,Muskel og skjelett (ekskl. brudd og skader),"per 1000, standardisert",240.8,2,2,5
Buskerud,2024-01-01,Menn,45-74 år,Muskel og skjelett (ekskl. brudd og skader),"per 1000, standardisert",383.9,2,3,5
Buskerud,2024-01-01,Menn,75-79 år,Muskel og skjelett (ekskl. brudd og skader),"per 1000, standardisert",404.1,2,4,5
Buskerud,2024-01-01,Kvinner,0-74 år,Muskel og skjelett (ekskl. brudd og skader),"per 1000, standardisert",359.8,3,1,5
Buskerud,2024-01-01,Kvinner,0-44 år,Muskel og skjelett (ekskl. brudd og skader),"per 1000, standardisert",272.6,3,2,5
Buskerud,2024-01-01,Kvinner,45-74 år,Muskel og skjelett (ekskl. brudd og skader),"per 1000, standardisert",492.1,3,3,5
Buskerud,2024-01-01,Kvinner,75-79 år,Muskel og skjelett (ekskl. brudd og skader),"per 1000, standardisert",511.8,3,4,5
Innlandet,2024-01-01,Kjønn samlet,0-74 år,Muskel og skjelett (ekskl. brudd og skader),"per 1000, standardisert",350.0,1,1,7
Innlandet,2024-01-01,Kjønn samlet,0-44 år,Muskel og skjelett (ekskl. brudd og skader),"per 1000, standardisert",278.3,1,2,7
Innlandet,2024-01-01,Kjønn samlet,45-74 år,Muskel og skjelett (ekskl. brudd og skader),"per 1000, standardisert",462.8,1,3,7
Innlandet,2024-01-01,Kjønn samlet,75-79 år,Muskel og skjelett (ekskl. brudd og skader),"per 1000, standardisert",476.9,1,4,7
Innlandet,2024-01-01,Menn,0-74 år,Muskel og skjelett (ekskl. brudd og skader),"per 1000, standardisert",318.8,2,1,7
Innlandet,2024-01-01,Menn,0-44 år,Muskel og skjelett (ekskl. brudd og skader),"per 1000, standardisert",258.0,2,2,7
Innlandet,2024-01-01,Menn,45-74 år,Muskel og skjelett (ekskl. brudd og skader),"per 1000, standardisert",414.4,2,3,7
Innlandet,2024-01-01,Menn,75-79 år,Muskel og skjelett (ekskl. brudd og skader),"per 1000, standardisert",413.6,2,4,7
Innlandet,2024-01-01,Kvinner,0-74 år,Muskel og skjelett (ekskl. brudd og skader),"per 1000, standardisert",382.6,3,1,7
Innlandet,2024-01-01,Kvinner,0-44 år,Muskel og skjelett (ekskl. brudd og skader),"per 1000, standardisert",299.7,3,2,7
Innlandet,2024-01-01,Kvinner,45-74 år,Muskel og skjelett (ekskl. brudd og skader),"per 1000, standardisert",512.2,3,3,7
Innlandet,2024-01-01,Kvinner,75-79 år,Muskel og skjelett (ekskl. brudd og skader),"per 1000, standardisert",535.6,3,4,7
Vestfold,2024-01-01,Kjønn samlet,0-74 år,Muskel og skjelett (ekskl. brudd og skader),"per 1000, standardisert",319.2,1,1,14
Vestfold,2024-01-01,Kjønn samlet,0-44 år,Muskel og skjelett (ekskl. brudd og skader),"per 1000, standardisert",250.1,1,2,14
Vestfold,2024-01-01,Kjønn samlet,45-74 år,Muskel og skjelett (ekskl. brudd og skader),"per 1000, standardisert",426.1,1,3,14
Vestfold,2024-01-01,Kjønn samlet,75-79 år,Muskel og skjelett (ekskl. brudd og skader),"per 1000, standardisert",464.3,1,4,14
Vestfold,2024-01-01,Menn,0-74 år,Muskel og skjelett (ekskl. brudd og skader),"per 1000, standardisert",291.5,2,1,14
Vestfold,2024-01-01,Menn,0-44 år,Muskel og skjelett (ekskl. brudd og skader),"per 1000, standardisert",235.6,2,2,14
Vestfold,2024-01-01,Menn,45-74 år,Muskel og skjelett (ekskl. brudd og skader),"per 1000, standardisert",379.1,2,3,14
Vestfold,2024-01-01,Menn,75-79 år,Muskel og skjelett (ekskl. brudd og skader),"per 1000, standardisert",397.0,2,4,14
Vestfold,2024-01-01,Kvinner,0-74 år,Muskel og skjelett (ekskl. brudd og skader),"per 1000, standardisert",348.1,3,1,14
Vestfold,2024-01-01,Kvinner,0-44 år,Muskel og skjelett (ekskl. brudd og skader),"per 1000, standardisert",265.4,3,2,14
Vestfold,2024-01-01,Kvinner,45-74 år,Muskel og skjelett (ekskl. brudd og skader),"per 1000, standardisert",474.3,3,3,14
Vestfold,2024-01-01,Kvinner,75-79 år,Muskel og skjelett (ekskl. brudd og skader),"per 1000, standardisert",526.7,3,4,14
Telemark,2024-01-01,Kjønn samlet,0-74 år,Muskel og skjelett (ekskl. brudd og skader),"per 1000, standardisert",322.8,1,1,1
Telemark,2024-01-01,Kjønn samlet,0-44 år,Muskel og skjelett (ekskl. brudd og skader),"per 1000, standardisert",255.4,1,2,1
Telemark,2024-01-01,Kjønn samlet,45-74 år,Muskel og skjelett (ekskl. brudd og skader),"per 1000, standardisert",427.9,1,3,1
Telemark,2024-01-01,Kjønn samlet,75-79 år,Muskel og skjelett (ekskl. brudd og skader),"per 1000, standardisert",453.4,1,4,1
Telemark,2024-01-01,Menn,0-74 år,Muskel og skjelett (ekskl. brudd og skader),"per 1000, standardisert",294.5,2,1,1
Telemark,2024-01-01,Menn,0-44 år,Muskel og skjelett (ekskl. brudd og skader),"per 1000, standardisert",240.4,2,2,1
Telemark,2024-01-01,Menn,45-74 år,Muskel og skjelett (ekskl. brudd og skader),"per 1000, standardisert",380.1,2,3,1
Telemark,2024-01-01,Menn,75-79 år,Muskel og skjelett (ekskl. brudd og skader),"per 1000, standardisert",387.8,2,4,1
Telemark,2024-01-01,Kvinner,0-74 år,Muskel og skjelett (ekskl. brudd og skader),"per 1000, standardisert",352.3,3,1,1
Telemark,2024-01-01,Kvinner,0-44 år,Muskel og skjelett (ekskl. brudd og skader),"per 1000, standardisert",271.1,3,2,1
Telemark,2024-01-01,Kvinner,45-74 år,Muskel og skjelett (ekskl. brudd og skader),"per 1000, standardisert",476.9,3,3,1
Telemark,2024-01-01,Kvinner,75-79 år,Muskel og skjelett (ekskl. brudd og skader),"per 1000, standardisert",514.3,3,4,1
Agder,2024-01-01,Kjønn samlet,0-74 år,Muskel og skjelett (ekskl. brudd og skader),"per 1000, standardisert",328.2,1,1,3
Agder,2024-01-01,Kjønn samlet,0-44 år,Muskel og skjelett (ekskl. brudd og skader),"per 1000, standardisert",260.7,1,2,3
Agder,2024-01-01,Kjønn samlet,45-74 år,Muskel og skjelett (ekskl. brudd og skader),"per 1000, standardisert",432.2,1,3,3
Agder,2024-01-01,Kjønn samlet,75-79 år,Muskel og skjelett (ekskl. brudd og skader),"per 1000, standardisert",457.0,1,4,3
Agder,2024-01-01,Menn,0-74 år,Muskel og skjelett (ekskl. brudd og skader),"per 1000, standardisert",302.6,2,1,3
Agder,2024-01-01,Menn,0-44 år,Muskel og skjelett (ekskl. brudd og skader),"per 1000, standardisert",249.7,2,2,3
Agder,2024-01-01,Menn,45-74 år,Muskel og skjelett (ekskl. brudd og skader),"per 1000, standardisert",385.4,2,3,3
Agder,2024-01-01,Menn,75-79 år,Muskel og skjelett (ekskl. brudd og skader),"per 1000, standardisert",392.3,2,4,3
Agder,2024-01-01,Kvinner,0-74 år,Muskel og skjelett (ekskl. brudd og skader),"per 1000, standardisert",354.8,3,1,3
Agder,2024-01-01,Kvinner,0-44 år,Muskel og skjelett (ekskl. brudd og skader),"per 1000, standardisert",272.3,3,2,3
Agder,2024-01-01,Kvinner,45-74 år,Muskel og skjelett (ekskl. brudd og skader),"per 1000, standardisert",479.9,3,3,3
Agder,2024-01-01,Kvinner,75-79 år,Muskel og skjelett (ekskl. brudd og skader),"per 1000, standardisert",517.1,3,4,3
Rogaland,2024-01-01,Kjønn samlet,0-74 år,Muskel og skjelett (ekskl. brudd og skader),"per 1000, standardisert",325.0,1,1,11
Rogaland,2024-01-01,Kjønn samlet,0-44 år,Muskel og skjelett (ekskl. brudd og skader),"per 1000, standardisert",255.8,1,2,11
Rogaland,2024-01-01,Kjønn samlet,45-74 år,Muskel og skjelett (ekskl. brudd og skader),"per 1000, standardisert",430.7,1,3,11
Rogaland,2024-01-01,Kjønn samlet,75-79 år,Muskel og skjelett (ekskl. brudd og skader),"per 1000, standardisert",459.0,1,4,11
Rogaland,2024-01-01,Menn,0-74 år,Muskel og skjelett (ekskl. brudd og skader),"per 1000, standardisert",294.7,2,1,11
Rogaland,2024-01-01,Menn,0-44 år,Muskel og skjelett (ekskl. brudd og skader),"per 1000, standardisert",240.2,2,2,11
Rogaland,2024-01-01,Menn,45-74 år,Muskel og skjelett (ekskl. brudd og skader),"per 1000, standardisert",379.2,2,3,11
Rogaland,2024-01-01,Menn,75-79 år,Muskel og skjelett (ekskl. brudd og skader),"per 1000, standardisert",390.7,2,4,11
Rogaland,2024-01-01,Kvinner,0-74 år,Muskel og skjelett (ekskl. brudd og skader),"per 1000, standardisert",356.5,3,1,11
Rogaland,2024-01-01,Kvinner,0-44 år,Muskel og skjelett (ekskl. brudd og skader),"per 1000, standardisert",272.3,3,2,11
Rogaland,2024-01-01,Kvinner,45-74 år,Muskel og skjelett (ekskl. brudd og skader),"per 1000, standardisert",483.2,3,3,11
Rogaland,2024-01-01,Kvinner,75-79 år,Muskel og skjelett (ekskl. brudd og skader),"per 1000, standardisert",522.5,3,4,11
Vestland,2024-01-01,Kjønn samlet,0-74 år,Muskel og skjelett (ekskl. brudd og skader),"per 1000, standardisert",300.6,1,1,15
Vestland,2024-01-01,Kjønn samlet,0-44 år,Muskel og skjelett (ekskl. brudd og skader),"per 1000, standardisert",228.2,1,2,15
Vestland,2024-01-01,Kjønn samlet,45-74 år,Muskel og skjelett (ekskl. brudd og skader),"per 1000, standardisert",412.0,1,3,15
Vestland,2024-01-01,Kjønn samlet,75-79 år,Muskel og skjelett (ekskl. brudd og skader),"per 1000, standardisert",449.9,1,4,15
Vestland,2024-01-01,Menn,0-74 år,Muskel og skjelett (ekskl. brudd og skader),"per 1000, standardisert",267.5,2,1,15
Vestland,2024-01-01,Menn,0-44 år,Muskel og skjelett (ekskl. brudd og skader),"per 1000, standardisert",210.0,2,2,15
Vestland,2024-01-01,Menn,45-74 år,Muskel og skjelett (ekskl. brudd og skader),"per 1000, standardisert",357.4,2,3,15
Vestland,2024-01-01,Menn,75-79 år,Muskel og skjelett (ekskl. brudd og skader),"per 1000, standardisert",380.9,2,4,15
Vestland,2024-01-01,Kvinner,0-74 år,Muskel og skjelett (ekskl. brudd og skader),"per 1000, standardisert",335.1,3,1,15
Vestland,2024-01-01,Kvinner,0-44 år,Muskel og skjelett (ekskl. brudd og skader),"per 1000, standardisert",247.4,3,2,15
Vestland,2024-01-01,Kvinner,45-74 år,Muskel og skjelett (ekskl. brudd og skader),"per 1000, standardisert",467.9,3,3,15
Vestland,2024-01-01,Kvinner,75-79 år,Muskel og skjelett (ekskl. brudd og skader),"per 1000, standardisert",514.2,3,4,15
Møre og Romsdal,2024-01-01,Kjønn samlet,0-74 år,Muskel og skjelett (ekskl. brudd og skader),"per 1000, standardisert",337.8,1,1,8
Møre og Romsdal,2024-01-01,Kjønn samlet,0-44 år,Muskel og skjelett (ekskl. brudd og skader),"per 1000, standardisert",264.8,1,2,8
Møre og Romsdal,2024-01-01,Kjønn samlet,45-74 år,Muskel og skjelett (ekskl. brudd og skader),"per 1000, standardisert",450.4,1,3,8
Møre og Romsdal,2024-01-01,Kjønn samlet,75-79 år,Muskel og skjelett (ekskl. brudd og skader),"per 1000, standardisert",470.4,1,4,8
Møre og Romsdal,2024-01-01,Menn,0-74 år,Muskel og skjelett (ekskl. brudd og skader),"per 1000, standardisert",302.9,2,1,8
Møre og Romsdal,2024-01-01,Menn,0-44 år,Muskel og skjelett (ekskl. brudd og skader),"per 1000, standardisert",243.0,2,2,8
Møre og Romsdal,2024-01-01,Menn,45-74 år,Muskel og skjelett (ekskl. brudd og skader),"per 1000, standardisert",396.4,2,3,8
Møre og Romsdal,2024-01-01,Menn,75-79 år,Muskel og skjelett (ekskl. brudd og skader),"per 1000, standardisert",412.8,2,4,8
Møre og Romsdal,2024-01-01,Kvinner,0-74 år,Muskel og skjelett (ekskl. brudd og skader),"per 1000, standardisert",374.0,3,1,8
Møre og Romsdal,2024-01-01,Kvinner,0-44 år,Muskel og skjelett (ekskl. brudd og skader),"per 1000, standardisert",287.7,3,2,8
Møre og Romsdal,2024-01-01,Kvinner,45-74 år,Muskel og skjelett (ekskl. brudd og skader),"per 1000, standardisert",505.4,3,3,8
Møre og Romsdal,2024-01-01,Kvinner,75-79 år,Muskel og skjelett (ekskl. brudd og skader),"per 1000, standardisert",523.2,3,4,8
Trøndelag Trööndelage,2024-01-01,Kjønn samlet,0-74 år,Muskel og skjelett (ekskl. brudd og skader),"per 1000, standardisert",321.7,1,1,13
Trøndelag Trööndelage,2024-01-01,Kjønn samlet,0-44 år,Muskel og skjelett (ekskl. brudd og skader),"per 1000, standardisert",249.5,1,2,13
Trøndelag Trööndelage,2024-01-01,Kjønn samlet,45-74 år,Muskel og skjelett (ekskl. brudd og skader),"per 1000, standardisert",432.8,1,3,13
Trøndelag Trööndelage,2024-01-01,Kjønn samlet,75-79 år,Muskel og skjelett (ekskl. brudd og skader),"per 1000, standardisert",454.4,1,4,13
Trøndelag Trööndelage,2024-01-01,Menn,0-74 år,Muskel og skjelett (ekskl. brudd og skader),"per 1000, standardisert",287.1,2,1,13
Trøndelag Trööndelage,2024-01-01,Menn,0-44 år,Muskel og skjelett (ekskl. brudd og skader),"per 1000, standardisert",230.3,2,2,13
Trøndelag Trööndelage,2024-01-01,Menn,45-74 år,Muskel og skjelett (ekskl. brudd og skader),"per 1000, standardisert",375.8,2,3,13
Trøndelag Trööndelage,2024-01-01,Menn,75-79 år,Muskel og skjelett (ekskl. brudd og skader),"per 1000, standardisert",384.8,2,4,13
Trøndelag Trööndelage,2024-01-01,Kvinner,0-74 år,Muskel og skjelett (ekskl. brudd og skader),"per 1000, standardisert",357.7,3,1,13
Trøndelag Trööndelage,2024-01-01,Kvinner,0-44 år,Muskel og skjelett (ekskl. brudd og skader),"per 1000, standardisert",269.7,3,2,13
Trøndelag Trööndelage,2024-01-01,Kvinner,45-74 år,Muskel og skjelett (ekskl. brudd og skader),"per 1000, standardisert",490.8,3,3,13
Trøndelag Trööndelage,2024-01-01,Kvinner,75-79 år,Muskel og skjelett (ekskl. brudd og skader),"per 1000, standardisert",519.1,3,4,13
Nordland Nordlánnda,2024-01-01,Kjønn samlet,0-74 år,Muskel og skjelett (ekskl. brudd og skader),"per 1000, standardisert",338.3,1,1,9
Nordland Nordlánnda,2024-01-01,Kjønn samlet,0-44 år,Muskel og skjelett (ekskl. brudd og skader),"per 1000, standardisert",266.2,1,2,9
Nordland Nordlánnda,2024-01-01,Kjønn samlet,45-74 år,Muskel og skjelett (ekskl. brudd og skader),"per 1000, standardisert",450.1,1,3,9
Nordland Nordlánnda,2024-01-01,Kjønn samlet,75-79 år,Muskel og skjelett (ekskl. brudd og skader),"per 1000, standardisert",469.4,1,4,9
Nordland Nordlánnda,2024-01-01,Menn,0-74 år,Muskel og skjelett (ekskl. brudd og skader),"per 1000, standardisert",304.2,2,1,9
Nordland Nordlánnda,2024-01-01,Menn,0-44 år,Muskel og skjelett (ekskl. brudd og skader),"per 1000, standardisert",243.6,2,2,9
Nordland Nordlánnda,2024-01-01,Menn,45-74 år,Muskel og skjelett (ekskl. brudd og skader),"per 1000, standardisert",398.8,2,3,9
Nordland Nordlánnda,2024-01-01,Menn,75-79 år,Muskel og skjelett (ekskl. brudd og skader),"per 1000, standardisert",401.3,2,4,9
Nordland Nordlánnda,2024-01-01,Kvinner,0-74 år,Muskel og skjelett (ekskl. brudd og skader),"per 1000, standardisert",373.8,3,1,9
Nordland Nordlánnda,2024-01-01,Kvinner,0-44 år,Muskel og skjelett (ekskl. brudd og skader),"per 1000, standardisert",290.1,3,2,9
Nordland Nordlánnda,2024-01-01,Kvinner,45-74 år,Muskel og skjelett (ekskl. brudd og skader),"per 1000, standardisert",502.3,3,3,9
Nordland Nordlánnda,2024-01-01,Kvinner,75-79 år,Muskel og skjelett (ekskl. brudd og skader),"per 1000, standardisert",532.8,3,4,9
Troms Romsa Tromssa,2024-01-01,Kjønn samlet,0-74 år,Muskel og skjelett (ekskl. brudd og skader),"per 1000, standardisert",334.4,1,1,12
Troms Romsa Tromssa,2024-01-01,Kjønn samlet,0-44 år,Muskel og skjelett (ekskl. brudd og skader),"per 1000, standardisert",265.7,1,2,12
Troms Romsa Tromssa,2024-01-01,Kjønn samlet,45-74 år,Muskel og skjelett (ekskl. brudd og skader),"per 1000, standardisert",440.4,1,3,12
Troms Romsa Tromssa,2024-01-01,Kjønn samlet,75-79 år,Muskel og skjelett (ekskl. brudd og skader),"per 1000, standardisert",449.9,1,4,12
Troms Romsa Tromssa,2024-01-01,Menn,0-74 år,Muskel og skjelett (ekskl. brudd og skader),"per 1000, standardisert",301.6,2,1,12
Troms Romsa Tromssa,2024-01-01,Menn,0-44 år,Muskel og skjelett (ekskl. brudd og skader),"per 1000, standardisert",246.5,2,2,12
Troms Romsa Tromssa,2024-01-01,Menn,45-74 år,Muskel og skjelett (ekskl. brudd og skader),"per 1000, standardisert",387.8,2,3,12
Troms Romsa Tromssa,2024-01-01,Menn,75-79 år,Muskel og skjelett (ekskl. brudd og skader),"per 1000, standardisert",386.3,2,4,12
Troms Romsa Tromssa,2024-01-01,Kvinner,0-74 år,Muskel og skjelett (ekskl. brudd og skader),"per 1000, standardisert",368.5,3,1,12
Troms Romsa Tromssa,2024-01-01,Kvinner,0-44 år,Muskel og skjelett (ekskl. brudd og skader),"per 1000, standardisert",285.9,3,2,12
Troms Romsa Tromssa,2024-01-01,Kvinner,45-74 år,Muskel og skjelett (ekskl. brudd og skader),"per 1000, standardisert",494.1,3,3,12
Troms Romsa Tromssa,2024-01-01,Kvinner,75-79 år,Muskel og skjelett (ekskl. brudd og skader),"per 1000, standardisert",509.0,3,4,12
Finnmark Finnmárku Finmarkku,2024-01-01,Kjønn samlet,0-74 år,Muskel og skjelett (ekskl. brudd og skader),"per 1000, standardisert",328.9,1,1,6
Finnmark Finnmárku Finmarkku,2024-01-01,Kjønn samlet,0-44 år,Muskel og skjelett (ekskl. brudd og skader),"per 1000, standardisert",265.3,1,2,6
Finnmark Finnmárku Finmarkku,2024-01-01,Kjønn samlet,45-74 år,Muskel og skjelett (ekskl. brudd og skader),"per 1000, standardisert",428.4,1,3,6
Finnmark Finnmárku Finmarkku,2024-01-01,Kjønn samlet,75-79 år,Muskel og skjelett (ekskl. brudd og skader),"per 1000, standardisert",425.8,1,4,6
Finnmark Finnmárku Finmarkku,2024-01-01,Menn,0-74 år,Muskel og skjelett (ekskl. brudd og skader),"per 1000, standardisert",296.0,2,1,6
Finnmark Finnmárku Finmarkku,2024-01-01,Menn,0-44 år,Muskel og skjelett (ekskl. brudd og skader),"per 1000, standardisert",243.8,2,2,6
Finnmark Finnmárku Finmarkku,2024-01-01,Menn,45-74 år,Muskel og skjelett (ekskl. brudd og skader),"per 1000, standardisert",378.5,2,3,6
Finnmark Finnmárku Finmarkku,2024-01-01,Menn,75-79 år,Muskel og skjelett (ekskl. brudd og skader),"per 1000, standardisert",352.3,2,4,6
Finnmark Finnmárku Finmarkku,2024-01-01,Kvinner,0-74 år,Muskel og skjelett (ekskl. brudd og skader),"per 1000, standardisert",363.1,3,1,6
Finnmark Finnmárku Finmarkku,2024-01-01,Kvinner,0-44 år,Muskel og skjelett (ekskl. brudd og skader),"per 1000, standardisert",288.0,3,2,6
Finnmark Finnmárku Finmarkku,2024-01-01,Kvinner,45-74 år,Muskel og skjelett (ekskl. brudd og skader),"per 1000, standardisert",479.3,3,3,6
Finnmark Finnmárku Finmarkku,2024-01-01,Kvinner,75-79 år,Muskel og skjelett (ekskl. brudd og skader),"per 1000, standardisert",495.1,3,4,6
