Fylke,År (intervall),År,Alder,Innvandringsbakgrunn,Lavinntektsgrense,Måltall,Andel,SortAlder,SortFylke
Hele landet,2021-2023,2023-01-01,Alle aldre,total,EU60,andel (prosent),0.095,1,2
Hele landet,2021-2023,2023-01-01,Alle aldre,innvandrere,EU60,andel (prosent),0.237,1,2
Hele landet,2021-2023,2023-01-01,Alle aldre,norskfødt med innvandrerforeldre,EU60,andel (prosent),0.252,1,2
Hele landet,2021-2023,2023-01-01,Alle aldre,øvrig befolkning,EU60,andel (prosent),0.062,1,2
Hele landet,2021-2023,2023-01-01,0-17 år,total,EU60,andel (prosent),0.102,2,2
Hele landet,2021-2023,2023-01-01,0-17 år,innvandrere,EU60,andel (prosent),0.431,2,2
Hele landet,2021-2023,2023-01-01,0-17 år,norskfødt med innvandrerforeldre,EU60,andel (prosent),0.276,2,2
Hele landet,2021-2023,2023-01-01,0-17 år,øvrig befolkning,EU60,andel (prosent),0.05,2,2
Oslo (fylke),2021-2023,2023-01-01,Alle aldre,total,EU60,andel (prosent),0.145,1,10
Oslo (fylke),2021-2023,2023-01-01,Alle aldre,innvandrere,EU60,andel (prosent),0.268,1,10
Oslo (fylke),2021-2023,2023-01-01,Alle aldre,norskfødt med innvandrerforeldre,EU60,andel (prosent),0.3,1,10
Oslo (fylke),2021-2023,2023-01-01,Alle aldre,øvrig befolkning,EU60,andel (prosent),0.08,1,10
Oslo (fylke),2021-2023,2023-01-01,0-17 år,total,EU60,andel (prosent),0.159,2,10
Oslo (fylke),2021-2023,2023-01-01,0-17 år,innvandrere,EU60,andel (prosent),0.431,2,10
Oslo (fylke),2021-2023,2023-01-01,0-17 år,norskfødt med innvandrerforeldre,EU60,andel (prosent),0.366,2,10
Oslo (fylke),2021-2023,2023-01-01,0-17 år,øvrig befolkning,EU60,andel (prosent),0.055,2,10
Østfold,2021-2023,2023-01-01,Alle aldre,total,EU60,andel (prosent),0.087,1,16
Østfold,2021-2023,2023-01-01,Alle aldre,innvandrere,EU60,andel (prosent),0.223,1,16
Østfold,2021-2023,2023-01-01,Alle aldre,norskfødt med innvandrerforeldre,EU60,andel (prosent),0.25,1,16
Østfold,2021-2023,2023-01-01,Alle aldre,øvrig befolkning,EU60,andel (prosent),0.051,1,16
Østfold,2021-2023,2023-01-01,0-17 år,total,EU60,andel (prosent),0.11599999999999999,2,16
Østfold,2021-2023,2023-01-01,0-17 år,innvandrere,EU60,andel (prosent),0.45399999999999996,2,16
Østfold,2021-2023,2023-01-01,0-17 år,norskfødt med innvandrerforeldre,EU60,andel (prosent),0.27399999999999997,2,16
Østfold,2021-2023,2023-01-01,0-17 år,øvrig befolkning,EU60,andel (prosent),0.048,2,16
Akershus,2021-2023,2023-01-01,Alle aldre,total,EU60,andel (prosent),0.10099999999999999,1,4
Akershus,2021-2023,2023-01-01,Alle aldre,innvandrere,EU60,andel (prosent),0.217,1,4
Akershus,2021-2023,2023-01-01,Alle aldre,norskfødt med innvandrerforeldre,EU60,andel (prosent),0.20800000000000002,1,4
Akershus,2021-2023,2023-01-01,Alle aldre,øvrig befolkning,EU60,andel (prosent),0.065,1,4
Akershus,2021-2023,2023-01-01,0-17 år,total,EU60,andel (prosent),0.105,2,4
Akershus,2021-2023,2023-01-01,0-17 år,innvandrere,EU60,andel (prosent),0.41,2,4
Akershus,2021-2023,2023-01-01,0-17 år,norskfødt med innvandrerforeldre,EU60,andel (prosent),0.23600000000000002,2,4
Akershus,2021-2023,2023-01-01,0-17 år,øvrig befolkning,EU60,andel (prosent),0.052000000000000005,2,4
Buskerud,2021-2023,2023-01-01,Alle aldre,total,EU60,andel (prosent),0.091,1,5
Buskerud,2021-2023,2023-01-01,Alle aldre,innvandrere,EU60,andel (prosent),0.203,1,5
Buskerud,2021-2023,2023-01-01,Alle aldre,norskfødt med innvandrerforeldre,EU60,andel (prosent),0.212,1,5
Buskerud,2021-2023,2023-01-01,Alle aldre,øvrig befolkning,EU60,andel (prosent),0.059000000000000004,1,5
Buskerud,2021-2023,2023-01-01,0-17 år,total,EU60,andel (prosent),0.10800000000000001,2,5
Buskerud,2021-2023,2023-01-01,0-17 år,innvandrere,EU60,andel (prosent),0.366,2,5
Buskerud,2021-2023,2023-01-01,0-17 år,norskfødt med innvandrerforeldre,EU60,andel (prosent),0.24,2,5
Buskerud,2021-2023,2023-01-01,0-17 år,øvrig befolkning,EU60,andel (prosent),0.053,2,5
Innlandet,2021-2023,2023-01-01,Alle aldre,total,EU60,andel (prosent),0.078,1,7
Innlandet,2021-2023,2023-01-01,Alle aldre,innvandrere,EU60,andel (prosent),0.245,1,7
Innlandet,2021-2023,2023-01-01,Alle aldre,norskfødt med innvandrerforeldre,EU60,andel (prosent),0.258,1,7
Innlandet,2021-2023,2023-01-01,Alle aldre,øvrig befolkning,EU60,andel (prosent),0.055,1,7
Innlandet,2021-2023,2023-01-01,0-17 år,total,EU60,andel (prosent),0.09300000000000001,2,7
Innlandet,2021-2023,2023-01-01,0-17 år,innvandrere,EU60,andel (prosent),0.465,2,7
Innlandet,2021-2023,2023-01-01,0-17 år,norskfødt med innvandrerforeldre,EU60,andel (prosent),0.27,2,7
Innlandet,2021-2023,2023-01-01,0-17 år,øvrig befolkning,EU60,andel (prosent),0.049,2,7
Vestfold,2021-2023,2023-01-01,Alle aldre,total,EU60,andel (prosent),0.08800000000000001,1,14
Vestfold,2021-2023,2023-01-01,Alle aldre,innvandrere,EU60,andel (prosent),0.22399999999999998,1,14
Vestfold,2021-2023,2023-01-01,Alle aldre,norskfødt med innvandrerforeldre,EU60,andel (prosent),0.244,1,14
Vestfold,2021-2023,2023-01-01,Alle aldre,øvrig befolkning,EU60,andel (prosent),0.061,1,14
Vestfold,2021-2023,2023-01-01,0-17 år,total,EU60,andel (prosent),0.102,2,14
Vestfold,2021-2023,2023-01-01,0-17 år,innvandrere,EU60,andel (prosent),0.415,2,14
Vestfold,2021-2023,2023-01-01,0-17 år,norskfødt med innvandrerforeldre,EU60,andel (prosent),0.258,2,14
Vestfold,2021-2023,2023-01-01,0-17 år,øvrig befolkning,EU60,andel (prosent),0.055999999999999994,2,14
Telemark,2021-2023,2023-01-01,Alle aldre,total,EU60,andel (prosent),0.091,1,1
Telemark,2021-2023,2023-01-01,Alle aldre,innvandrere,EU60,andel (prosent),0.278,1,1
Telemark,2021-2023,2023-01-01,Alle aldre,norskfødt med innvandrerforeldre,EU60,andel (prosent),0.299,1,1
Telemark,2021-2023,2023-01-01,Alle aldre,øvrig befolkning,EU60,andel (prosent),0.059000000000000004,1,1
Telemark,2021-2023,2023-01-01,0-17 år,total,EU60,andel (prosent),0.122,2,1
Telemark,2021-2023,2023-01-01,0-17 år,innvandrere,EU60,andel (prosent),0.542,2,1
Telemark,2021-2023,2023-01-01,0-17 år,norskfødt med innvandrerforeldre,EU60,andel (prosent),0.319,2,1
Telemark,2021-2023,2023-01-01,0-17 år,øvrig befolkning,EU60,andel (prosent),0.06,2,1
Agder,2021-2023,2023-01-01,Alle aldre,total,EU60,andel (prosent),0.084,1,3
Agder,2021-2023,2023-01-01,Alle aldre,innvandrere,EU60,andel (prosent),0.25,1,3
Agder,2021-2023,2023-01-01,Alle aldre,norskfødt med innvandrerforeldre,EU60,andel (prosent),0.242,1,3
Agder,2021-2023,2023-01-01,Alle aldre,øvrig befolkning,EU60,andel (prosent),0.055,1,3
Agder,2021-2023,2023-01-01,0-17 år,total,EU60,andel (prosent),0.098,2,3
Agder,2021-2023,2023-01-01,0-17 år,innvandrere,EU60,andel (prosent),0.498,2,3
Agder,2021-2023,2023-01-01,0-17 år,norskfødt med innvandrerforeldre,EU60,andel (prosent),0.259,2,3
Agder,2021-2023,2023-01-01,0-17 år,øvrig befolkning,EU60,andel (prosent),0.051,2,3
Rogaland,2021-2023,2023-01-01,Alle aldre,total,EU60,andel (prosent),0.092,1,11
Rogaland,2021-2023,2023-01-01,Alle aldre,innvandrere,EU60,andel (prosent),0.226,1,11
Rogaland,2021-2023,2023-01-01,Alle aldre,norskfødt med innvandrerforeldre,EU60,andel (prosent),0.247,1,11
Rogaland,2021-2023,2023-01-01,Alle aldre,øvrig befolkning,EU60,andel (prosent),0.061,1,11
Rogaland,2021-2023,2023-01-01,0-17 år,total,EU60,andel (prosent),0.096,2,11
Rogaland,2021-2023,2023-01-01,0-17 år,innvandrere,EU60,andel (prosent),0.385,2,11
Rogaland,2021-2023,2023-01-01,0-17 år,norskfødt med innvandrerforeldre,EU60,andel (prosent),0.256,2,11
Rogaland,2021-2023,2023-01-01,0-17 år,øvrig befolkning,EU60,andel (prosent),0.05,2,11
Vestland,2021-2023,2023-01-01,Alle aldre,total,EU60,andel (prosent),0.09,1,15
Vestland,2021-2023,2023-01-01,Alle aldre,innvandrere,EU60,andel (prosent),0.24100000000000002,1,15
Vestland,2021-2023,2023-01-01,Alle aldre,norskfødt med innvandrerforeldre,EU60,andel (prosent),0.262,1,15
Vestland,2021-2023,2023-01-01,Alle aldre,øvrig befolkning,EU60,andel (prosent),0.064,1,15
Vestland,2021-2023,2023-01-01,0-17 år,total,EU60,andel (prosent),0.09,2,15
Vestland,2021-2023,2023-01-01,0-17 år,innvandrere,EU60,andel (prosent),0.426,2,15
Vestland,2021-2023,2023-01-01,0-17 år,norskfødt med innvandrerforeldre,EU60,andel (prosent),0.267,2,15
Vestland,2021-2023,2023-01-01,0-17 år,øvrig befolkning,EU60,andel (prosent),0.05,2,15
Møre og Romsdal,2021-2023,2023-01-01,Alle aldre,total,EU60,andel (prosent),0.08,1,8
Møre og Romsdal,2021-2023,2023-01-01,Alle aldre,innvandrere,EU60,andel (prosent),0.223,1,8
Møre og Romsdal,2021-2023,2023-01-01,Alle aldre,norskfødt med innvandrerforeldre,EU60,andel (prosent),0.205,1,8
Møre og Romsdal,2021-2023,2023-01-01,Alle aldre,øvrig befolkning,EU60,andel (prosent),0.059000000000000004,1,8
Møre og Romsdal,2021-2023,2023-01-01,0-17 år,total,EU60,andel (prosent),0.08,2,8
Møre og Romsdal,2021-2023,2023-01-01,0-17 år,innvandrere,EU60,andel (prosent),0.433,2,8
Møre og Romsdal,2021-2023,2023-01-01,0-17 år,norskfødt med innvandrerforeldre,EU60,andel (prosent),0.21,2,8
Møre og Romsdal,2021-2023,2023-01-01,0-17 år,øvrig befolkning,EU60,andel (prosent),0.046,2,8
Trøndelag Trööndelage,2021-2023,2023-01-01,Alle aldre,total,EU60,andel (prosent),0.08199999999999999,1,13
Trøndelag Trööndelage,2021-2023,2023-01-01,Alle aldre,innvandrere,EU60,andel (prosent),0.244,1,13
Trøndelag Trööndelage,2021-2023,2023-01-01,Alle aldre,norskfødt med innvandrerforeldre,EU60,andel (prosent),0.223,1,13
Trøndelag Trööndelage,2021-2023,2023-01-01,Alle aldre,øvrig befolkning,EU60,andel (prosent),0.06,1,13
Trøndelag Trööndelage,2021-2023,2023-01-01,0-17 år,total,EU60,andel (prosent),0.076,2,13
Trøndelag Trööndelage,2021-2023,2023-01-01,0-17 år,innvandrere,EU60,andel (prosent),0.447,2,13
Trøndelag Trööndelage,2021-2023,2023-01-01,0-17 år,norskfødt med innvandrerforeldre,EU60,andel (prosent),0.23,2,13
Trøndelag Trööndelage,2021-2023,2023-01-01,0-17 år,øvrig befolkning,EU60,andel (prosent),0.040999999999999995,2,13
Nordland Nordlánnda,2021-2023,2023-01-01,Alle aldre,total,EU60,andel (prosent),0.073,1,9
Nordland Nordlánnda,2021-2023,2023-01-01,Alle aldre,innvandrere,EU60,andel (prosent),0.22699999999999998,1,9
Nordland Nordlánnda,2021-2023,2023-01-01,Alle aldre,norskfødt med innvandrerforeldre,EU60,andel (prosent),0.23199999999999998,1,9
Nordland Nordlánnda,2021-2023,2023-01-01,Alle aldre,øvrig befolkning,EU60,andel (prosent),0.057,1,9
Nordland Nordlánnda,2021-2023,2023-01-01,0-17 år,total,EU60,andel (prosent),0.077,2,9
Nordland Nordlánnda,2021-2023,2023-01-01,0-17 år,innvandrere,EU60,andel (prosent),0.446,2,9
Nordland Nordlánnda,2021-2023,2023-01-01,0-17 år,norskfødt med innvandrerforeldre,EU60,andel (prosent),0.242,2,9
Nordland Nordlánnda,2021-2023,2023-01-01,0-17 år,øvrig befolkning,EU60,andel (prosent),0.046,2,9
Troms Romsa Tromssa,2021-2023,2023-01-01,Alle aldre,total,EU60,andel (prosent),0.08,1,12
Troms Romsa Tromssa,2021-2023,2023-01-01,Alle aldre,innvandrere,EU60,andel (prosent),0.22699999999999998,1,12
Troms Romsa Tromssa,2021-2023,2023-01-01,Alle aldre,norskfødt med innvandrerforeldre,EU60,andel (prosent),0.218,1,12
Troms Romsa Tromssa,2021-2023,2023-01-01,Alle aldre,øvrig befolkning,EU60,andel (prosent),0.061,1,12
Troms Romsa Tromssa,2021-2023,2023-01-01,0-17 år,total,EU60,andel (prosent),0.079,2,12
Troms Romsa Tromssa,2021-2023,2023-01-01,0-17 år,innvandrere,EU60,andel (prosent),0.41700000000000004,2,12
Troms Romsa Tromssa,2021-2023,2023-01-01,0-17 år,norskfødt med innvandrerforeldre,EU60,andel (prosent),0.223,2,12
Troms Romsa Tromssa,2021-2023,2023-01-01,0-17 år,øvrig befolkning,EU60,andel (prosent),0.049,2,12
Finnmark Finnmárku Finmarkku,2021-2023,2023-01-01,Alle aldre,total,EU60,andel (prosent),0.084,1,6
Finnmark Finnmárku Finmarkku,2021-2023,2023-01-01,Alle aldre,innvandrere,EU60,andel (prosent),0.213,1,6
Finnmark Finnmárku Finmarkku,2021-2023,2023-01-01,Alle aldre,norskfødt med innvandrerforeldre,EU60,andel (prosent),0.21,1,6
Finnmark Finnmárku Finmarkku,2021-2023,2023-01-01,Alle aldre,øvrig befolkning,EU60,andel (prosent),0.064,1,6
Finnmark Finnmárku Finmarkku,2021-2023,2023-01-01,0-17 år,total,EU60,andel (prosent),0.087,2,6
Finnmark Finnmárku Finmarkku,2021-2023,2023-01-01,0-17 år,innvandrere,EU60,andel (prosent),0.41700000000000004,2,6
Finnmark Finnmárku Finmarkku,2021-2023,2023-01-01,0-17 år,norskfødt med innvandrerforeldre,EU60,andel (prosent),0.217,2,6
Finnmark Finnmárku Finmarkku,2021-2023,2023-01-01,0-17 år,øvrig befolkning,EU60,andel (prosent),0.055,2,6
