3800_Arealregnskap[Kommune],3800_Arealregnskap[Arealformålsgruppe],3800_Arealregnskap[Arealtype],[Dekar]
Bamble,01 Bolig eller sentrumsformål,Ferskvann,1.4106886509906846
Bamble,01 Bolig eller sentrumsformål,Fulldyrka jord,56.72261559715476
Bamble,01 Bolig eller sentrumsformål,Hav,0.7833191066407501
Bamble,01 Bolig eller sentrumsformål,Innmarksbeite,7.603658773315657
Bamble,01 Bolig eller sentrumsformål,Myr,0.04035409754715297
Bamble,01 Bolig eller sentrumsformål,Skog,1762.1029837287583
Bamble,01 Bolig eller sentrumsformål,Åpen fastmark,45.514662598351514
Bamble,02 Fritidsbebyggelse,Ferskvann,0.14611079174606278
Bamble,02 Fritidsbebyggelse,Fulldyrka jord,9.189665428686943
Bamble,02 Fritidsbebyggelse,Hav,3.53096140089099
Bamble,02 Fritidsbebyggelse,Myr,0.47533969647452795
Bamble,02 Fritidsbebyggelse,Skog,455.50922783511567
Bamble,02 Fritidsbebyggelse,Åpen fastmark,45.272055163660355
Bamble,03 Tjenesteyting,Bebygd,0.05075943839791098
Bamble,03 Tjenesteyting,Fulldyrka jord,8.898912894481871
Bamble,03 Tjenesteyting,Hav,0.14499660730746894
Bamble,03 Tjenesteyting,Skog,84.23715152397119
Bamble,03 Tjenesteyting,Åpen fastmark,11.30543219488466
Bamble,04 Handel,Bebygd,0.005731073424044565
Bamble,04 Handel,Ferskvann,0.14713610735661387
Bamble,04 Handel,Fulldyrka jord,5.10213737390263
Bamble,04 Handel,Skog,41.22704362346676
Bamble,04 Handel,Åpen fastmark,0.10882327506870507
Bamble,06 Næringsvirksomhet,Bebygd,1.2418311939704245
Bamble,06 Næringsvirksomhet,Ferskvann,0.5155561903678934
Bamble,06 Næringsvirksomhet,Fulldyrka jord,26.973010845918775
Bamble,06 Næringsvirksomhet,Hav,274.3131967467476
Bamble,06 Næringsvirksomhet,Myr,8.3761389629029
Bamble,06 Næringsvirksomhet,Skog,2601.9161205990695
Bamble,06 Næringsvirksomhet,Åpen fastmark,84.15487462801339
Bamble,07 Råstoffutvinning,Skog,1.1434618752752157
Bamble,07 Råstoffutvinning,Åpen fastmark,0.47619791322402477
Bamble,08 Kombinerte formål,Ferskvann,0.2705588564551005
Bamble,08 Kombinerte formål,Fulldyrka jord,3.5189765569969715
Bamble,08 Kombinerte formål,Hav,2.1835825439319247
Bamble,08 Kombinerte formål,Skog,231.8773735406503
Bamble,08 Kombinerte formål,Åpen fastmark,8.047588436865047
Bamble,09 Idrettsanlegg,Ferskvann,0.87749937444708
Bamble,09 Idrettsanlegg,Fulldyrka jord,14.502537087706168
Bamble,09 Idrettsanlegg,Skog,36.41586627080864
Bamble,09 Idrettsanlegg,Åpen fastmark,13.093036606516392
Bamble,11 Samferdselsanlegg,Ferskvann,0.15899536819360574
Bamble,11 Samferdselsanlegg,Fulldyrka jord,23.970059912414023
Bamble,11 Samferdselsanlegg,Hav,2.8732326019807175
Bamble,11 Samferdselsanlegg,Innmarksbeite,0.6802644719592581
Bamble,11 Samferdselsanlegg,Myr,0.23814411562812576
Bamble,11 Samferdselsanlegg,Skog,464.1003593646799
Bamble,11 Samferdselsanlegg,Åpen fastmark,42.30402048726963
Drangedal,01 Bolig eller sentrumsformål,Bebygd,4.853757919835073
Drangedal,01 Bolig eller sentrumsformål,Ferskvann,0.6590130599377122
Drangedal,01 Bolig eller sentrumsformål,Fulldyrka jord,74.4596817323962
Drangedal,01 Bolig eller sentrumsformål,Innmarksbeite,10.247826539018096
Drangedal,01 Bolig eller sentrumsformål,Myr,10.976795983512645
Drangedal,01 Bolig eller sentrumsformål,Overflatedyrka jord,2.550784608279162
Drangedal,01 Bolig eller sentrumsformål,Samferdsel,0.18385642181286624
Drangedal,01 Bolig eller sentrumsformål,Skog,2142.053401776018
Drangedal,01 Bolig eller sentrumsformål,Åpen fastmark,34.496006750508045
Drangedal,02 Fritidsbebyggelse,Bebygd,45.825920814146684
Drangedal,02 Fritidsbebyggelse,Ferskvann,15.639822484116172
Drangedal,02 Fritidsbebyggelse,Fulldyrka jord,25.95667420136686
Drangedal,02 Fritidsbebyggelse,Innmarksbeite,4.974841816110923
Drangedal,02 Fritidsbebyggelse,Myr,346.29605542806326
Drangedal,02 Fritidsbebyggelse,Samferdsel,8.07317922779577
Drangedal,02 Fritidsbebyggelse,Skog,8517.959837342562
Drangedal,02 Fritidsbebyggelse,Åpen fastmark,1211.4866407199386
Drangedal,03 Tjenesteyting,Bebygd,0.30333924464761713
Drangedal,03 Tjenesteyting,Ferskvann,0.321573839467952
Drangedal,03 Tjenesteyting,Fulldyrka jord,3.003327651790259
Drangedal,03 Tjenesteyting,Myr,4.827807369789157
Drangedal,03 Tjenesteyting,Skog,60.024083123652254
Drangedal,03 Tjenesteyting,Åpen fastmark,2.1777226297211563
Drangedal,04 Handel,Bebygd,1.561127404290082
Drangedal,04 Handel,Fulldyrka jord,1.349933607875507
Drangedal,04 Handel,Myr,1.378239668398091
Drangedal,04 Handel,Skog,10.018893306726772
Drangedal,04 Handel,Åpen fastmark,1.7668895747266355
Drangedal,06 Næringsvirksomhet,Bebygd,19.890670736186674
Drangedal,06 Næringsvirksomhet,Ferskvann,0.6579358939519047
Drangedal,06 Næringsvirksomhet,Fulldyrka jord,53.07862955263587
Drangedal,06 Næringsvirksomhet,Innmarksbeite,1.3195676669580998
Drangedal,06 Næringsvirksomhet,Myr,28.026298316316378
Drangedal,06 Næringsvirksomhet,Skog,383.5872765292454
Drangedal,06 Næringsvirksomhet,Åpen fastmark,5.151388777634576
Drangedal,07 Råstoffutvinning,Bebygd,0.030345538836578045
Drangedal,07 Råstoffutvinning,Ferskvann,0.5736605439596281
Drangedal,07 Råstoffutvinning,Fulldyrka jord,1.802449129996106
Drangedal,07 Råstoffutvinning,Innmarksbeite,3.2036769930805673
Drangedal,07 Råstoffutvinning,Myr,43.04455955088971
Drangedal,07 Råstoffutvinning,Overflatedyrka jord,2.8273251945367175
Drangedal,07 Råstoffutvinning,Skog,642.1791532802948
Drangedal,07 Råstoffutvinning,Åpen fastmark,24.49375169262442
Drangedal,08 Kombinerte formål,Bebygd,0.4513883722234477
Drangedal,08 Kombinerte formål,Myr,0.6320676323881205
Drangedal,08 Kombinerte formål,Skog,11.926788761838107
Drangedal,08 Kombinerte formål,Åpen fastmark,5.6625960688192905
Drangedal,09 Idrettsanlegg,Bebygd,3.1671846196813593
Drangedal,09 Idrettsanlegg,Ferskvann,8.416764043770282
Drangedal,09 Idrettsanlegg,Fulldyrka jord,0.2847254119638959
Drangedal,09 Idrettsanlegg,Myr,324.834139257982
Drangedal,09 Idrettsanlegg,Skog,2132.9627381184046
Drangedal,09 Idrettsanlegg,Åpen fastmark,392.4903969740801
Drangedal,11 Samferdselsanlegg,Bebygd,9.534883995073539
Drangedal,11 Samferdselsanlegg,Ferskvann,0.224225008557423
Drangedal,11 Samferdselsanlegg,Fulldyrka jord,1.2617152797889573
Drangedal,11 Samferdselsanlegg,Innmarksbeite,0.38437402527274894
Drangedal,11 Samferdselsanlegg,Myr,9.48368851235928
Drangedal,11 Samferdselsanlegg,Overflatedyrka jord,0.5389302054044741
Drangedal,11 Samferdselsanlegg,Samferdsel,0.014796239473495575
Drangedal,11 Samferdselsanlegg,Skog,253.4670018684361
Drangedal,11 Samferdselsanlegg,Åpen fastmark,20.19540945782275
Hjartdal,01 Bolig eller sentrumsformål,Fulldyrka jord,8.213747129337046
Hjartdal,01 Bolig eller sentrumsformål,Innmarksbeite,0.013889786085185948
Hjartdal,01 Bolig eller sentrumsformål,Skog,22.25489904389706
Hjartdal,01 Bolig eller sentrumsformål,Åpen fastmark,1.4285604793908389
Hjartdal,02 Fritidsbebyggelse,Ferskvann,0.4942064201077953
Hjartdal,02 Fritidsbebyggelse,Fulldyrka jord,1.4306956321932969
Hjartdal,02 Fritidsbebyggelse,Innmarksbeite,4.004278312421628
Hjartdal,02 Fritidsbebyggelse,Myr,91.48265173122931
Hjartdal,02 Fritidsbebyggelse,Overflatedyrka jord,0.8499108492129565
Hjartdal,02 Fritidsbebyggelse,Skog,2524.4611318073507
Hjartdal,02 Fritidsbebyggelse,Åpen fastmark,54.854248065828486
Hjartdal,03 Tjenesteyting,Fulldyrka jord,0.801650101508369
Hjartdal,03 Tjenesteyting,Innmarksbeite,0.24913707941212884
Hjartdal,03 Tjenesteyting,Skog,6.818385363038361
Hjartdal,04 Handel,Ferskvann,0.04541460000182407
Hjartdal,04 Handel,Innmarksbeite,1.0833306604195507
Hjartdal,04 Handel,Skog,95.66899172313158
Hjartdal,04 Handel,Åpen fastmark,56.50952953829041
Hjartdal,06 Næringsvirksomhet,Ferskvann,0.10755747519206615
Hjartdal,06 Næringsvirksomhet,Fulldyrka jord,8.706727743650852
Hjartdal,06 Næringsvirksomhet,Innmarksbeite,0.3113624114703534
Hjartdal,06 Næringsvirksomhet,Myr,22.33864148090985
Hjartdal,06 Næringsvirksomhet,Skog,98.46346394638822
Hjartdal,06 Næringsvirksomhet,Åpen fastmark,4.8544791914674
Hjartdal,07 Råstoffutvinning,Skog,28.200740303636096
Hjartdal,07 Råstoffutvinning,Åpen fastmark,5.4835989216006515
Hjartdal,08 Kombinerte formål,Fulldyrka jord,0.3582145754426492
Hjartdal,08 Kombinerte formål,Skog,1.2636637885169757
Hjartdal,09 Idrettsanlegg,Myr,5.303074553589362
Hjartdal,09 Idrettsanlegg,Skog,173.68215619950456
Hjartdal,09 Idrettsanlegg,Åpen fastmark,106.78528017292494
Hjartdal,11 Samferdselsanlegg,Ferskvann,0.37721881768653903
Hjartdal,11 Samferdselsanlegg,Fulldyrka jord,3.3762180050751813
Hjartdal,11 Samferdselsanlegg,Innmarksbeite,0.38306519174573295
Hjartdal,11 Samferdselsanlegg,Myr,27.37690791525295
Hjartdal,11 Samferdselsanlegg,Skog,358.3908770704599
Hjartdal,11 Samferdselsanlegg,Åpen fastmark,40.26157035502857
Kragerø,01 Bolig eller sentrumsformål,Bebygd,0.011575443443013088
Kragerø,01 Bolig eller sentrumsformål,Ferskvann,1.137754855708728
Kragerø,01 Bolig eller sentrumsformål,Fulldyrka jord,92.91021920107944
Kragerø,01 Bolig eller sentrumsformål,Hav,1.1934642772011883
Kragerø,01 Bolig eller sentrumsformål,Innmarksbeite,17.240527245634606
Kragerø,01 Bolig eller sentrumsformål,Myr,1.4662628823486155
Kragerø,01 Bolig eller sentrumsformål,Overflatedyrka jord,3.7304365113393296
Kragerø,01 Bolig eller sentrumsformål,Skog,1853.2435417434326
Kragerø,01 Bolig eller sentrumsformål,Åpen fastmark,97.21180580675967
Kragerø,02 Fritidsbebyggelse,Ferskvann,0.41079827223448456
Kragerø,02 Fritidsbebyggelse,Fulldyrka jord,18.501379197570852
Kragerø,02 Fritidsbebyggelse,Hav,24.62810836922743
Kragerø,02 Fritidsbebyggelse,Innmarksbeite,5.783060610295909
Kragerø,02 Fritidsbebyggelse,Myr,17.90247677079278
Kragerø,02 Fritidsbebyggelse,Overflatedyrka jord,4.29575376046039
Kragerø,02 Fritidsbebyggelse,Skog,2151.0817965102424
Kragerø,02 Fritidsbebyggelse,Åpen fastmark,442.1932714524036
Kragerø,03 Tjenesteyting,Ferskvann,0.13703660976205395
Kragerø,03 Tjenesteyting,Fulldyrka jord,4.00930337922232
Kragerø,03 Tjenesteyting,Innmarksbeite,1.9091240934162088
Kragerø,03 Tjenesteyting,Skog,70.46549337724362
Kragerø,03 Tjenesteyting,Åpen fastmark,5.950543513062905
Kragerø,04 Handel,Fulldyrka jord,5.94970198083464
Kragerø,04 Handel,Myr,0.7641762680306108
Kragerø,04 Handel,Skog,45.29406145991529
Kragerø,04 Handel,Åpen fastmark,5.599513695980071
Kragerø,06 Næringsvirksomhet,Bebygd,0.011146579203809955
Kragerø,06 Næringsvirksomhet,Ferskvann,3.33324492633511
Kragerø,06 Næringsvirksomhet,Fulldyrka jord,31.186513988259023
Kragerø,06 Næringsvirksomhet,Hav,7.841031216786105
Kragerø,06 Næringsvirksomhet,Innmarksbeite,0.6579622499066218
Kragerø,06 Næringsvirksomhet,Myr,45.16721842593877
Kragerø,06 Næringsvirksomhet,Overflatedyrka jord,4.549989819441087
Kragerø,06 Næringsvirksomhet,Skog,2128.146089167734
Kragerø,06 Næringsvirksomhet,Åpen fastmark,80.11760244867838
Kragerø,07 Råstoffutvinning,Ferskvann,0.21192464725938492
Kragerø,07 Råstoffutvinning,Hav,1.5336052142495415
Kragerø,07 Råstoffutvinning,Myr,9.312691651594982
Kragerø,07 Råstoffutvinning,Skog,626.181287595194
Kragerø,07 Råstoffutvinning,Åpen fastmark,17.538034583949536
Kragerø,08 Kombinerte formål,Fulldyrka jord,5.984394705762162
Kragerø,08 Kombinerte formål,Hav,25.773208063522716
Kragerø,08 Kombinerte formål,Skog,57.89765562435628
Kragerø,08 Kombinerte formål,Åpen fastmark,6.567206991887902
Kragerø,09 Idrettsanlegg,Ferskvann,2.510674714869474
Kragerø,09 Idrettsanlegg,Fulldyrka jord,72.38099363348995
Kragerø,09 Idrettsanlegg,Hav,0.00916560072244616
Kragerø,09 Idrettsanlegg,Innmarksbeite,0.1701699091962151
Kragerø,09 Idrettsanlegg,Myr,99.98401887820344
Kragerø,09 Idrettsanlegg,Skog,1280.0832225990584
Kragerø,09 Idrettsanlegg,Åpen fastmark,40.61458495648018
Kragerø,11 Samferdselsanlegg,Ferskvann,0.08336124123774125
Kragerø,11 Samferdselsanlegg,Fulldyrka jord,5.222611827513259
Kragerø,11 Samferdselsanlegg,Hav,2.9776425803532542
Kragerø,11 Samferdselsanlegg,Innmarksbeite,1.0860521934218192
Kragerø,11 Samferdselsanlegg,Myr,0.34303007522073314
Kragerø,11 Samferdselsanlegg,Overflatedyrka jord,0.011699355805297816
Kragerø,11 Samferdselsanlegg,Skog,154.15681339922307
Kragerø,11 Samferdselsanlegg,Åpen fastmark,22.34358227379783
Kviteseid,01 Bolig eller sentrumsformål,Fulldyrka jord,28.3626676806634
Kviteseid,01 Bolig eller sentrumsformål,Innmarksbeite,0.049433490135843895
Kviteseid,01 Bolig eller sentrumsformål,Overflatedyrka jord,3.115024659864373
Kviteseid,01 Bolig eller sentrumsformål,Skog,407.3281889681436
Kviteseid,01 Bolig eller sentrumsformål,Åpen fastmark,19.728878042574866
Kviteseid,02 Fritidsbebyggelse,Bebygd,0.024298760854673147
Kviteseid,02 Fritidsbebyggelse,Ferskvann,2.335412136580899
Kviteseid,02 Fritidsbebyggelse,Fulldyrka jord,5.272752448202302
Kviteseid,02 Fritidsbebyggelse,Innmarksbeite,0.8540870770493452
Kviteseid,02 Fritidsbebyggelse,Myr,8.010126280228498
Kviteseid,02 Fritidsbebyggelse,Overflatedyrka jord,0.3027905779717905
Kviteseid,02 Fritidsbebyggelse,Skog,1532.2475508621205
Kviteseid,02 Fritidsbebyggelse,Åpen fastmark,543.9055669476428
Kviteseid,03 Tjenesteyting,Bebygd,0.03406811198198015
Kviteseid,03 Tjenesteyting,Ferskvann,0.025640694748215596
Kviteseid,03 Tjenesteyting,Fulldyrka jord,6.989618855025112
Kviteseid,03 Tjenesteyting,Skog,18.87759659530026
Kviteseid,03 Tjenesteyting,Åpen fastmark,11.481686853929425
Kviteseid,04 Handel,Skog,6.177759958125381
Kviteseid,06 Næringsvirksomhet,Ferskvann,0.297292865080376
Kviteseid,06 Næringsvirksomhet,Fulldyrka jord,10.930256759140182
Kviteseid,06 Næringsvirksomhet,Overflatedyrka jord,0.8346932974575955
Kviteseid,06 Næringsvirksomhet,Skog,153.29911232649417
Kviteseid,06 Næringsvirksomhet,Åpen fastmark,4.484224896145481
Kviteseid,07 Råstoffutvinning,Fulldyrka jord,0.14966219764424846
Kviteseid,07 Råstoffutvinning,Myr,6.949480329628456
Kviteseid,07 Råstoffutvinning,Skog,483.18630347827195
Kviteseid,07 Råstoffutvinning,Åpen fastmark,21.9224927148372
Kviteseid,08 Kombinerte formål,Skog,0.525385650000688
Kviteseid,08 Kombinerte formål,Åpen fastmark,3.114720245660767
Kviteseid,09 Idrettsanlegg,Ferskvann,0.10537868052967934
Kviteseid,09 Idrettsanlegg,Innmarksbeite,0.9730543997389183
Kviteseid,09 Idrettsanlegg,Myr,0.03010404211552966
Kviteseid,09 Idrettsanlegg,Skog,216.94666924045515
Kviteseid,09 Idrettsanlegg,Åpen fastmark,97.82292035010244
Kviteseid,11 Samferdselsanlegg,Ferskvann,0.37115899506191463
Kviteseid,11 Samferdselsanlegg,Fulldyrka jord,11.528389724423967
Kviteseid,11 Samferdselsanlegg,Innmarksbeite,0.10397117749370739
Kviteseid,11 Samferdselsanlegg,Myr,0.9577508345375569
Kviteseid,11 Samferdselsanlegg,Overflatedyrka jord,0.4030927289612544
Kviteseid,11 Samferdselsanlegg,Skog,165.32120560015898
Kviteseid,11 Samferdselsanlegg,Åpen fastmark,31.448898817659227
Midt-Telemark,01 Bolig eller sentrumsformål,Ferskvann,1.0030917813130427
Midt-Telemark,01 Bolig eller sentrumsformål,Fulldyrka jord,90.64804930176206
Midt-Telemark,01 Bolig eller sentrumsformål,Innmarksbeite,7.443279565745112
Midt-Telemark,01 Bolig eller sentrumsformål,Myr,4.785206308303126
Midt-Telemark,01 Bolig eller sentrumsformål,Skog,1121.6899816758996
Midt-Telemark,01 Bolig eller sentrumsformål,Åpen fastmark,101.30710718257562
Midt-Telemark,02 Fritidsbebyggelse,Ferskvann,0.10185433748138374
Midt-Telemark,02 Fritidsbebyggelse,Fulldyrka jord,0.8095564288029092
Midt-Telemark,02 Fritidsbebyggelse,Innmarksbeite,1.1239325983874442
Midt-Telemark,02 Fritidsbebyggelse,Myr,40.62520415400376
Midt-Telemark,02 Fritidsbebyggelse,Skog,1248.767128998343
Midt-Telemark,02 Fritidsbebyggelse,Åpen fastmark,179.1528347297732
Midt-Telemark,03 Tjenesteyting,Ferskvann,0.02017075120359172
Midt-Telemark,03 Tjenesteyting,Fulldyrka jord,17.844278500264974
Midt-Telemark,03 Tjenesteyting,Innmarksbeite,0.054323623537033384
Midt-Telemark,03 Tjenesteyting,Myr,0.9564648282749247
Midt-Telemark,03 Tjenesteyting,Skog,64.34217847312098
Midt-Telemark,03 Tjenesteyting,Åpen fastmark,18.29952466688484
Midt-Telemark,04 Handel,Fulldyrka jord,16.348207726873042
Midt-Telemark,04 Handel,Skog,1.4290909256931235
Midt-Telemark,04 Handel,Åpen fastmark,22.76362907699823
Midt-Telemark,06 Næringsvirksomhet,Ferskvann,0.028463140104528915
Midt-Telemark,06 Næringsvirksomhet,Fulldyrka jord,47.83831505663712
Midt-Telemark,06 Næringsvirksomhet,Innmarksbeite,1.3257538976521894
Midt-Telemark,06 Næringsvirksomhet,Skog,223.90824103916518
Midt-Telemark,06 Næringsvirksomhet,Åpen fastmark,39.85924358816832
Midt-Telemark,07 Råstoffutvinning,Ferskvann,0.48130807526844266
Midt-Telemark,07 Råstoffutvinning,Fulldyrka jord,7.745384512594896
Midt-Telemark,07 Råstoffutvinning,Myr,4.078155192690648
Midt-Telemark,07 Råstoffutvinning,Skog,1561.7104061895702
Midt-Telemark,07 Råstoffutvinning,Åpen fastmark,25.558468603285373
Midt-Telemark,08 Kombinerte formål,Ferskvann,0.16420552760029408
Midt-Telemark,08 Kombinerte formål,Fulldyrka jord,5.38763689535792
Midt-Telemark,08 Kombinerte formål,Skog,13.168043910960945
Midt-Telemark,08 Kombinerte formål,Åpen fastmark,8.764921561708887
Midt-Telemark,09 Idrettsanlegg,Ferskvann,0.478487198864422
Midt-Telemark,09 Idrettsanlegg,Fulldyrka jord,17.429582580376273
Midt-Telemark,09 Idrettsanlegg,Innmarksbeite,0.1465735714360579
Midt-Telemark,09 Idrettsanlegg,Myr,13.84822402184537
Midt-Telemark,09 Idrettsanlegg,Skog,611.6366758827603
Midt-Telemark,09 Idrettsanlegg,Åpen fastmark,359.0915900852052
Midt-Telemark,11 Samferdselsanlegg,Ferskvann,0.40599485702712473
Midt-Telemark,11 Samferdselsanlegg,Fulldyrka jord,32.52151140539663
Midt-Telemark,11 Samferdselsanlegg,Innmarksbeite,3.7730916892280217
Midt-Telemark,11 Samferdselsanlegg,Myr,8.867510594696215
Midt-Telemark,11 Samferdselsanlegg,Overflatedyrka jord,1.1882016363599606
Midt-Telemark,11 Samferdselsanlegg,Skog,278.49491081415425
Midt-Telemark,11 Samferdselsanlegg,Åpen fastmark,70.67688352504581
Nissedal,01 Bolig eller sentrumsformål,Fulldyrka jord,57.809871078914874
Nissedal,01 Bolig eller sentrumsformål,Innmarksbeite,13.863955479118264
Nissedal,01 Bolig eller sentrumsformål,Myr,1.5796454313553925
Nissedal,01 Bolig eller sentrumsformål,Overflatedyrka jord,17.298416365496323
Nissedal,01 Bolig eller sentrumsformål,Skog,731.8814037146764
Nissedal,01 Bolig eller sentrumsformål,Åpen fastmark,30.70023704721136
Nissedal,02 Fritidsbebyggelse,Ferskvann,2.109752347579363
Nissedal,02 Fritidsbebyggelse,Fulldyrka jord,4.359015469311857
Nissedal,02 Fritidsbebyggelse,Myr,244.57635174423757
Nissedal,02 Fritidsbebyggelse,Skog,7723.297447282467
Nissedal,02 Fritidsbebyggelse,Åpen fastmark,1155.7621129009854
Nissedal,03 Tjenesteyting,Fulldyrka jord,1.5495538959056727
Nissedal,03 Tjenesteyting,Skog,21.052513121765593
Nissedal,04 Handel,Fulldyrka jord,9.817154492642915
Nissedal,04 Handel,Skog,48.264812110824366
Nissedal,04 Handel,Åpen fastmark,1.2179438258858846
Nissedal,06 Næringsvirksomhet,Ferskvann,1.18256640161591
Nissedal,06 Næringsvirksomhet,Fulldyrka jord,0.6833024226899276
Nissedal,06 Næringsvirksomhet,Myr,93.96329024891256
Nissedal,06 Næringsvirksomhet,Skog,208.26465211570468
Nissedal,06 Næringsvirksomhet,Åpen fastmark,11.49683140201829
Nissedal,07 Råstoffutvinning,Ferskvann,0.10603095000393607
Nissedal,07 Råstoffutvinning,Myr,0.9117338354133989
Nissedal,07 Råstoffutvinning,Skog,277.5087207213753
Nissedal,07 Råstoffutvinning,Åpen fastmark,13.558031917943556
Nissedal,08 Kombinerte formål,Fulldyrka jord,9.069830902035063
Nissedal,08 Kombinerte formål,Skog,66.69967753976425
Nissedal,08 Kombinerte formål,Åpen fastmark,6.728472098655442
Nissedal,09 Idrettsanlegg,Fulldyrka jord,1.346308224045971
Nissedal,09 Idrettsanlegg,Innmarksbeite,0.09486071733905554
Nissedal,09 Idrettsanlegg,Myr,13.756056497410796
Nissedal,09 Idrettsanlegg,Overflatedyrka jord,4.292677312082374
Nissedal,09 Idrettsanlegg,Skog,633.8210064232478
Nissedal,09 Idrettsanlegg,Åpen fastmark,29.743384996809638
Nissedal,11 Samferdselsanlegg,Bebygd,0.019434464200035802
Nissedal,11 Samferdselsanlegg,Ferskvann,0.42541359519505495
Nissedal,11 Samferdselsanlegg,Fulldyrka jord,4.647052972420363
Nissedal,11 Samferdselsanlegg,Innmarksbeite,2.0440537027726826
Nissedal,11 Samferdselsanlegg,Myr,18.199962012269175
Nissedal,11 Samferdselsanlegg,Overflatedyrka jord,0.8263537721545412
Nissedal,11 Samferdselsanlegg,Skog,432.397758248325
Nissedal,11 Samferdselsanlegg,Åpen fastmark,63.351478881924955
Nome,01 Bolig eller sentrumsformål,Bebygd,4.915756846791133
Nome,01 Bolig eller sentrumsformål,Ferskvann,0.4052846310626264
Nome,01 Bolig eller sentrumsformål,Fulldyrka jord,78.52327944114548
Nome,01 Bolig eller sentrumsformål,Innmarksbeite,20.070623384561927
Nome,01 Bolig eller sentrumsformål,Myr,2.699236121616995
Nome,01 Bolig eller sentrumsformål,Skog,671.8423393307779
Nome,01 Bolig eller sentrumsformål,Åpen fastmark,37.43722571396564
Nome,02 Fritidsbebyggelse,Bebygd,0.8134531648069446
Nome,02 Fritidsbebyggelse,Fulldyrka jord,4.062152382691919
Nome,02 Fritidsbebyggelse,Myr,24.661887662696053
Nome,02 Fritidsbebyggelse,Skog,302.6933850028926
Nome,02 Fritidsbebyggelse,Åpen fastmark,6.387079346275846
Nome,03 Tjenesteyting,Bebygd,1.6537042665233264
Nome,03 Tjenesteyting,Fulldyrka jord,14.588417824672565
Nome,03 Tjenesteyting,Innmarksbeite,4.660116144259695
Nome,03 Tjenesteyting,Skog,41.50943616404816
Nome,03 Tjenesteyting,Åpen fastmark,9.042338844824645
Nome,04 Handel,Bebygd,0.14864771284923975
Nome,04 Handel,Skog,5.229205206790764
Nome,04 Handel,Åpen fastmark,5.462006273136884
Nome,06 Næringsvirksomhet,Bebygd,3.18254769708772
Nome,06 Næringsvirksomhet,Ferskvann,0.4315163762710145
Nome,06 Næringsvirksomhet,Fulldyrka jord,3.0092603054007663
Nome,06 Næringsvirksomhet,Innmarksbeite,6.3367600793844705
Nome,06 Næringsvirksomhet,Myr,3.405239506021118
Nome,06 Næringsvirksomhet,Skog,358.42482962365466
Nome,06 Næringsvirksomhet,Åpen fastmark,35.349967334317775
Nome,07 Råstoffutvinning,Bebygd,0.434953415526567
Nome,07 Råstoffutvinning,Ferskvann,0.2359306003099764
Nome,07 Råstoffutvinning,Fulldyrka jord,537.3093432195612
Nome,07 Råstoffutvinning,Innmarksbeite,15.451636510186066
Nome,07 Råstoffutvinning,Skog,368.0802808705923
Nome,07 Råstoffutvinning,Åpen fastmark,20.821627521517403
Nome,08 Kombinerte formål,Skog,475.39967398373875
Nome,08 Kombinerte formål,Åpen fastmark,21.076695139408802
Nome,09 Idrettsanlegg,Bebygd,0.5699714619079052
Nome,09 Idrettsanlegg,Ferskvann,0.12933537295443173
Nome,09 Idrettsanlegg,Fulldyrka jord,4.480517637791731
Nome,09 Idrettsanlegg,Myr,10.197570405867697
Nome,09 Idrettsanlegg,Skog,218.95823347452685
Nome,09 Idrettsanlegg,Åpen fastmark,23.348692617110654
Nome,11 Samferdselsanlegg,Bebygd,1.6378182943616717
Nome,11 Samferdselsanlegg,Ferskvann,0.24527142915111624
Nome,11 Samferdselsanlegg,Fulldyrka jord,18.796169167525143
Nome,11 Samferdselsanlegg,Innmarksbeite,5.70908108253602
Nome,11 Samferdselsanlegg,Myr,0.8109591526564002
Nome,11 Samferdselsanlegg,Skog,156.21653811030836
Nome,11 Samferdselsanlegg,Åpen fastmark,31.778264407504444
Notodden,01 Bolig eller sentrumsformål,Ferskvann,0.26168310061732863
Notodden,01 Bolig eller sentrumsformål,Fulldyrka jord,39.07556707939718
Notodden,01 Bolig eller sentrumsformål,Innmarksbeite,12.035458475981466
Notodden,01 Bolig eller sentrumsformål,Overflatedyrka jord,0.9730310430941214
Notodden,01 Bolig eller sentrumsformål,Skog,547.2735690278886
Notodden,01 Bolig eller sentrumsformål,Åpen fastmark,24.17116266695284
Notodden,02 Fritidsbebyggelse,Ferskvann,2.0536778075316118
Notodden,02 Fritidsbebyggelse,Myr,278.29334148091914
Notodden,02 Fritidsbebyggelse,Skog,6157.838652021006
Notodden,02 Fritidsbebyggelse,Åpen fastmark,259.3592448304681
Notodden,03 Tjenesteyting,Fulldyrka jord,3.126470252889436
Notodden,03 Tjenesteyting,Innmarksbeite,2.2706138464938275
Notodden,03 Tjenesteyting,Skog,65.2839773286273
Notodden,03 Tjenesteyting,Åpen fastmark,6.832906233727545
Notodden,04 Handel,Ferskvann,0.6088727784293155
Notodden,04 Handel,Myr,13.657568566768624
Notodden,04 Handel,Skog,301.9380306100673
Notodden,04 Handel,Åpen fastmark,5.635940764106381
Notodden,06 Næringsvirksomhet,Ferskvann,0.8580835568569417
Notodden,06 Næringsvirksomhet,Fulldyrka jord,0.39750335302857903
Notodden,06 Næringsvirksomhet,Myr,10.24399178628945
Notodden,06 Næringsvirksomhet,Skog,549.1061130890652
Notodden,06 Næringsvirksomhet,Åpen fastmark,20.751813450156376
Notodden,07 Råstoffutvinning,Ferskvann,0.5265760714643811
Notodden,07 Råstoffutvinning,Fulldyrka jord,0.08804246534055754
Notodden,07 Råstoffutvinning,Skog,579.5793647966847
Notodden,07 Råstoffutvinning,Åpen fastmark,30.184961439812867
Notodden,08 Kombinerte formål,Fulldyrka jord,7.422482836681533
Notodden,08 Kombinerte formål,Skog,22.128086385420712
Notodden,08 Kombinerte formål,Åpen fastmark,2.8887557843814102
Notodden,09 Idrettsanlegg,Bebygd,0.07170869600100968
Notodden,09 Idrettsanlegg,Ferskvann,0.8672557021176645
Notodden,09 Idrettsanlegg,Fulldyrka jord,7.687521531836586
Notodden,09 Idrettsanlegg,Innmarksbeite,0.025303820945945486
Notodden,09 Idrettsanlegg,Myr,64.4189339624747
Notodden,09 Idrettsanlegg,Skog,1528.5680776010718
Notodden,09 Idrettsanlegg,Åpen fastmark,151.62794487558745
Notodden,11 Samferdselsanlegg,Ferskvann,0.35883207845392856
Notodden,11 Samferdselsanlegg,Fulldyrka jord,31.53955534502239
Notodden,11 Samferdselsanlegg,Innmarksbeite,2.4777525282778914
Notodden,11 Samferdselsanlegg,Myr,19.866122025562863
Notodden,11 Samferdselsanlegg,Overflatedyrka jord,0.1667240007779653
Notodden,11 Samferdselsanlegg,Skog,622.4409960005697
Notodden,11 Samferdselsanlegg,Åpen fastmark,28.198758600944164
Porsgrunn,01 Bolig eller sentrumsformål,Bebygd,12.48143966782055
Porsgrunn,01 Bolig eller sentrumsformål,Ferskvann,0.008987602156560685
Porsgrunn,01 Bolig eller sentrumsformål,Fulldyrka jord,41.19357989433503
Porsgrunn,01 Bolig eller sentrumsformål,Hav,0.17949529243558415
Porsgrunn,01 Bolig eller sentrumsformål,Innmarksbeite,6.169182809673142
Porsgrunn,01 Bolig eller sentrumsformål,Skog,423.95785045459627
Porsgrunn,01 Bolig eller sentrumsformål,Åpen fastmark,34.011269840481084
Porsgrunn,02 Fritidsbebyggelse,Hav,0.24258929041590305
Porsgrunn,02 Fritidsbebyggelse,Skog,61.060013546513
Porsgrunn,02 Fritidsbebyggelse,Åpen fastmark,3.6696503030025283
Porsgrunn,03 Tjenesteyting,Innmarksbeite,2.4114091823237556
Porsgrunn,03 Tjenesteyting,Skog,42.71183659739814
Porsgrunn,03 Tjenesteyting,Åpen fastmark,12.02736862305155
Porsgrunn,04 Handel,Skog,8.582659104771
Porsgrunn,06 Næringsvirksomhet,Ferskvann,0.7316038309982298
Porsgrunn,06 Næringsvirksomhet,Fulldyrka jord,12.015228884009787
Porsgrunn,06 Næringsvirksomhet,Hav,205.04826111734525
Porsgrunn,06 Næringsvirksomhet,Skog,104.85238248738656
Porsgrunn,06 Næringsvirksomhet,Åpen fastmark,25.214919820756656
Porsgrunn,07 Råstoffutvinning,Ferskvann,0.08987929347102694
Porsgrunn,07 Råstoffutvinning,Myr,1.4201076868922513
Porsgrunn,07 Råstoffutvinning,Skog,473.37597181596254
Porsgrunn,07 Råstoffutvinning,Åpen fastmark,38.60325518642129
Porsgrunn,08 Kombinerte formål,Ferskvann,0.48729562923435576
Porsgrunn,08 Kombinerte formål,Fulldyrka jord,21.571686689262975
Porsgrunn,08 Kombinerte formål,Hav,4.515022680668254
Porsgrunn,08 Kombinerte formål,Innmarksbeite,47.44257027176062
Porsgrunn,08 Kombinerte formål,Myr,31.792490502460378
Porsgrunn,08 Kombinerte formål,Skog,513.5049800353903
Porsgrunn,08 Kombinerte formål,Åpen fastmark,123.60107846591303
Porsgrunn,09 Idrettsanlegg,Ferskvann,0.08855372652625265
Porsgrunn,09 Idrettsanlegg,Innmarksbeite,0.8025385236137034
Porsgrunn,09 Idrettsanlegg,Skog,58.53576064562218
Porsgrunn,09 Idrettsanlegg,Åpen fastmark,6.508618635191958
Porsgrunn,11 Samferdselsanlegg,Bebygd,3.8284621909203502
Porsgrunn,11 Samferdselsanlegg,Ferskvann,1.2298561274043707
Porsgrunn,11 Samferdselsanlegg,Fulldyrka jord,63.09026095397289
Porsgrunn,11 Samferdselsanlegg,Hav,26.316015118813883
Porsgrunn,11 Samferdselsanlegg,Innmarksbeite,10.757864801493119
Porsgrunn,11 Samferdselsanlegg,Myr,10.816398912892339
Porsgrunn,11 Samferdselsanlegg,Overflatedyrka jord,4.655829101802349
Porsgrunn,11 Samferdselsanlegg,Skog,764.2260460886608
Porsgrunn,11 Samferdselsanlegg,Åpen fastmark,170.48328885766014
Seljord,01 Bolig eller sentrumsformål,Ferskvann,0.2219652443487735
Seljord,01 Bolig eller sentrumsformål,Fulldyrka jord,95.36047818715302
Seljord,01 Bolig eller sentrumsformål,Innmarksbeite,10.808035239155586
Seljord,01 Bolig eller sentrumsformål,Overflatedyrka jord,5.5238697005710105
Seljord,01 Bolig eller sentrumsformål,Skog,528.3035815370248
Seljord,01 Bolig eller sentrumsformål,Åpen fastmark,41.39329611146117
Seljord,02 Fritidsbebyggelse,Ferskvann,2.05238234305281
Seljord,02 Fritidsbebyggelse,Fulldyrka jord,59.058204701798786
Seljord,02 Fritidsbebyggelse,Innmarksbeite,39.33532313030676
Seljord,02 Fritidsbebyggelse,Myr,192.2340769600112
Seljord,02 Fritidsbebyggelse,Overflatedyrka jord,3.5455111164040165
Seljord,02 Fritidsbebyggelse,Skog,1801.745284062991
Seljord,02 Fritidsbebyggelse,Åpen fastmark,291.0943572738649
Seljord,03 Tjenesteyting,Ferskvann,0.08769715413016044
Seljord,03 Tjenesteyting,Fulldyrka jord,10.70055097392002
Seljord,03 Tjenesteyting,Innmarksbeite,0.9429508577095884
Seljord,03 Tjenesteyting,Overflatedyrka jord,4.2945495028239815
Seljord,03 Tjenesteyting,Skog,116.70921015099572
Seljord,03 Tjenesteyting,Åpen fastmark,2.3902631481863548
Seljord,04 Handel,Skog,3.3685211859106414
Seljord,04 Handel,Åpen fastmark,4.3183520604026135
Seljord,06 Næringsvirksomhet,Fulldyrka jord,58.89127948528156
Seljord,06 Næringsvirksomhet,Skog,89.90266925094244
Seljord,06 Næringsvirksomhet,Åpen fastmark,39.28785184131438
Seljord,07 Råstoffutvinning,Ferskvann,0.09243179463956538
Seljord,07 Råstoffutvinning,Fulldyrka jord,7.490952818612259
Seljord,07 Råstoffutvinning,Innmarksbeite,0.27011586104976854
Seljord,07 Råstoffutvinning,Skog,57.1818935953846
Seljord,07 Råstoffutvinning,Åpen fastmark,16.518447623710614
Seljord,08 Kombinerte formål,Bebygd,35.975215412725504
Seljord,08 Kombinerte formål,Fulldyrka jord,0.31469869195392
Seljord,08 Kombinerte formål,Skog,20.787083449241205
Seljord,08 Kombinerte formål,Åpen fastmark,1.566922018872524
Seljord,09 Idrettsanlegg,Myr,3.048432889636112
Seljord,09 Idrettsanlegg,Skog,65.90303380946789
Seljord,09 Idrettsanlegg,Åpen fastmark,18.623534937908193
Seljord,11 Samferdselsanlegg,Bebygd,0.13816332499434172
Seljord,11 Samferdselsanlegg,Ferskvann,0.2360978214477012
Seljord,11 Samferdselsanlegg,Fulldyrka jord,4.55862172647037
Seljord,11 Samferdselsanlegg,Innmarksbeite,0.3897388166357989
Seljord,11 Samferdselsanlegg,Myr,2.649155044811236
Seljord,11 Samferdselsanlegg,Skog,79.43446088992052
Seljord,11 Samferdselsanlegg,Åpen fastmark,13.719109762491437
Siljan,01 Bolig eller sentrumsformål,Bebygd,0.984587029913784
Siljan,01 Bolig eller sentrumsformål,Fulldyrka jord,16.658943036569962
Siljan,01 Bolig eller sentrumsformål,Overflatedyrka jord,0.16174554285646156
Siljan,01 Bolig eller sentrumsformål,Skog,57.23852736933733
Siljan,01 Bolig eller sentrumsformål,Åpen fastmark,23.701539627598535
Siljan,02 Fritidsbebyggelse,Fulldyrka jord,8.687285483350292
Siljan,02 Fritidsbebyggelse,Skog,64.47687058331326
Siljan,02 Fritidsbebyggelse,Åpen fastmark,0.2301706971806808
Siljan,03 Tjenesteyting,Bebygd,2.2885320881944438
Siljan,03 Tjenesteyting,Fulldyrka jord,9.04453519182125
Siljan,03 Tjenesteyting,Skog,9.104164123567521
Siljan,03 Tjenesteyting,Åpen fastmark,0.685773672649231
Siljan,06 Næringsvirksomhet,Bebygd,3.172141072867723
Siljan,06 Næringsvirksomhet,Fulldyrka jord,6.916862636076169
Siljan,06 Næringsvirksomhet,Skog,47.14542398538894
Siljan,06 Næringsvirksomhet,Åpen fastmark,17.341742184838136
Siljan,07 Råstoffutvinning,Ferskvann,0.04842901464372922
Siljan,07 Råstoffutvinning,Myr,13.211312434858517
Siljan,07 Råstoffutvinning,Skog,449.2785000295778
Siljan,07 Råstoffutvinning,Åpen fastmark,1.6767199831709825
Siljan,08 Kombinerte formål,Bebygd,0.09920200059482236
Siljan,08 Kombinerte formål,Fulldyrka jord,4.4657950767238
Siljan,08 Kombinerte formål,Skog,155.74724199695098
Siljan,08 Kombinerte formål,Åpen fastmark,1.1620743130950346
Siljan,09 Idrettsanlegg,Bebygd,6.406610725602513
Siljan,09 Idrettsanlegg,Ferskvann,0.10129738542606276
Siljan,09 Idrettsanlegg,Fulldyrka jord,6.010948997606426
Siljan,09 Idrettsanlegg,Myr,5.984735762477001
Siljan,09 Idrettsanlegg,Overflatedyrka jord,0.577174535797115
Siljan,09 Idrettsanlegg,Skog,835.576359060762
Siljan,09 Idrettsanlegg,Åpen fastmark,12.537681957680897
Siljan,11 Samferdselsanlegg,Bebygd,0.18232048313490404
Siljan,11 Samferdselsanlegg,Fulldyrka jord,1.9699444112084272
Siljan,11 Samferdselsanlegg,Skog,33.509302256690276
Siljan,11 Samferdselsanlegg,Åpen fastmark,4.950926133672433
Tokke,01 Bolig eller sentrumsformål,Ferskvann,0.04039989998807989
Tokke,01 Bolig eller sentrumsformål,Fulldyrka jord,42.1436060851555
Tokke,01 Bolig eller sentrumsformål,Innmarksbeite,6.064430465138661
Tokke,01 Bolig eller sentrumsformål,Myr,0.2418256655432221
Tokke,01 Bolig eller sentrumsformål,Overflatedyrka jord,2.872561822607841
Tokke,01 Bolig eller sentrumsformål,Skog,157.22893165350186
Tokke,01 Bolig eller sentrumsformål,Åpen fastmark,14.23689185445318
Tokke,02 Fritidsbebyggelse,Ferskvann,136.70687699410428
Tokke,02 Fritidsbebyggelse,Innmarksbeite,8.179278198211946
Tokke,02 Fritidsbebyggelse,Myr,2436.454289140689
Tokke,02 Fritidsbebyggelse,Skog,16149.805259982111
Tokke,02 Fritidsbebyggelse,Åpen fastmark,2397.1021635913107
Tokke,03 Tjenesteyting,Ferskvann,0.7742831598384005
Tokke,03 Tjenesteyting,Fulldyrka jord,9.089517759817575
Tokke,03 Tjenesteyting,Myr,23.94134778601101
Tokke,03 Tjenesteyting,Overflatedyrka jord,4.641556260931131
Tokke,03 Tjenesteyting,Skog,64.35473266567185
Tokke,06 Næringsvirksomhet,Ferskvann,0.31914433492648475
Tokke,06 Næringsvirksomhet,Fulldyrka jord,1.6924445322099153
Tokke,06 Næringsvirksomhet,Myr,2.564611705490276
Tokke,06 Næringsvirksomhet,Skog,53.5429457495559
Tokke,06 Næringsvirksomhet,Åpen fastmark,2.2823780612577202
Tokke,07 Råstoffutvinning,Ferskvann,0.7766562706036655
Tokke,07 Råstoffutvinning,Myr,28.96283170065789
Tokke,07 Råstoffutvinning,Overflatedyrka jord,0.09842749311192887
Tokke,07 Råstoffutvinning,Skog,387.9405391048223
Tokke,07 Råstoffutvinning,Åpen fastmark,24.368624441764737
Tokke,08 Kombinerte formål,Fulldyrka jord,5.437697713689247
Tokke,08 Kombinerte formål,Myr,0.6534629116461879
Tokke,08 Kombinerte formål,Skog,21.519511859493207
Tokke,08 Kombinerte formål,Åpen fastmark,3.69545329476814
Tokke,09 Idrettsanlegg,Ferskvann,0.7984082979022178
Tokke,09 Idrettsanlegg,Fulldyrka jord,6.030024680450854
Tokke,09 Idrettsanlegg,Myr,0.9685033978133801
Tokke,09 Idrettsanlegg,Skog,28.08720817381884
Tokke,09 Idrettsanlegg,Åpen fastmark,23.79976511072448
Tokke,11 Samferdselsanlegg,Ferskvann,0.15236874541881473
Tokke,11 Samferdselsanlegg,Fulldyrka jord,0.0764700627968768
Tokke,11 Samferdselsanlegg,Myr,3.584739612232093
Tokke,11 Samferdselsanlegg,Overflatedyrka jord,0.35518682556727593
Tokke,11 Samferdselsanlegg,Skog,53.433341867796244
Tokke,11 Samferdselsanlegg,Åpen fastmark,18.201771161839588
Vinje,01 Bolig eller sentrumsformål,Bebygd,0.1579336988233908
Vinje,01 Bolig eller sentrumsformål,Ferskvann,0.08198561907701402
Vinje,01 Bolig eller sentrumsformål,Fulldyrka jord,27.06837085038609
Vinje,01 Bolig eller sentrumsformål,Innmarksbeite,2.6461400894625253
Vinje,01 Bolig eller sentrumsformål,Myr,14.319330753744149
Vinje,01 Bolig eller sentrumsformål,Overflatedyrka jord,11.300503832054297
Vinje,01 Bolig eller sentrumsformål,Skog,666.6677080680251
Vinje,01 Bolig eller sentrumsformål,Åpen fastmark,17.722609147961176
Vinje,02 Fritidsbebyggelse,Bebygd,0.2678389018169366
Vinje,02 Fritidsbebyggelse,Ferskvann,25.591080427571836
Vinje,02 Fritidsbebyggelse,Fulldyrka jord,5.162934450247203
Vinje,02 Fritidsbebyggelse,Innmarksbeite,68.33691957107092
Vinje,02 Fritidsbebyggelse,Myr,342.65799995745704
Vinje,02 Fritidsbebyggelse,Overflatedyrka jord,9.365822066479836
Vinje,02 Fritidsbebyggelse,Skog,3317.329105883041
Vinje,02 Fritidsbebyggelse,Åpen fastmark,1986.5481130751173
Vinje,03 Tjenesteyting,Innmarksbeite,0.459181421919293
Vinje,03 Tjenesteyting,Myr,3.067599878844688
Vinje,03 Tjenesteyting,Overflatedyrka jord,0.7087999386337442
Vinje,03 Tjenesteyting,Skog,18.62778148050282
Vinje,03 Tjenesteyting,Åpen fastmark,11.348471638704
Vinje,04 Handel,Fulldyrka jord,1.2200573164737727
Vinje,04 Handel,Myr,13.336309832271652
Vinje,04 Handel,Skog,25.626536141496473
Vinje,04 Handel,Åpen fastmark,6.796166483943379
Vinje,06 Næringsvirksomhet,Ferskvann,0.16646057420023136
Vinje,06 Næringsvirksomhet,Fulldyrka jord,0.4066840833019959
Vinje,06 Næringsvirksomhet,Myr,38.73948684495823
Vinje,06 Næringsvirksomhet,Overflatedyrka jord,1.293424500107205
Vinje,06 Næringsvirksomhet,Skog,430.6406262122963
Vinje,06 Næringsvirksomhet,Åpen fastmark,49.334216038351215
Vinje,07 Råstoffutvinning,Ferskvann,0.22444010069455206
Vinje,07 Råstoffutvinning,Fulldyrka jord,0.14309035246035012
Vinje,07 Råstoffutvinning,Myr,3.656673572651172
Vinje,07 Råstoffutvinning,Overflatedyrka jord,0.060748430140500936
Vinje,07 Råstoffutvinning,Skog,459.0529746450206
Vinje,07 Råstoffutvinning,Åpen fastmark,27.932113672070795
Vinje,08 Kombinerte formål,Bebygd,0.006230055940070041
Vinje,08 Kombinerte formål,Ferskvann,0.4844618212528985
Vinje,08 Kombinerte formål,Fulldyrka jord,12.87556320747344
Vinje,08 Kombinerte formål,Innmarksbeite,8.489085361066214
Vinje,08 Kombinerte formål,Myr,14.27462195533769
Vinje,08 Kombinerte formål,Overflatedyrka jord,3.092159562040623
Vinje,08 Kombinerte formål,Skog,225.13963114652634
Vinje,08 Kombinerte formål,Åpen fastmark,102.84692718877164
Vinje,09 Idrettsanlegg,Ferskvann,17.376285985676027
Vinje,09 Idrettsanlegg,Fulldyrka jord,32.312007140391
Vinje,09 Idrettsanlegg,Innmarksbeite,6.488852870031177
Vinje,09 Idrettsanlegg,Myr,594.4489290900876
Vinje,09 Idrettsanlegg,Overflatedyrka jord,3.0167954782134077
Vinje,09 Idrettsanlegg,Skog,1741.1229609202146
Vinje,09 Idrettsanlegg,Åpen fastmark,3411.3172407949664
Vinje,11 Samferdselsanlegg,Bebygd,0.54857443530523
Vinje,11 Samferdselsanlegg,Ferskvann,0.7564583322136451
Vinje,11 Samferdselsanlegg,Fulldyrka jord,5.354635049578317
Vinje,11 Samferdselsanlegg,Innmarksbeite,1.7741172903463027
Vinje,11 Samferdselsanlegg,Myr,35.29925403642798
Vinje,11 Samferdselsanlegg,Overflatedyrka jord,1.4197180317651
Vinje,11 Samferdselsanlegg,Samferdsel,0.9286486293094924
Vinje,11 Samferdselsanlegg,Skog,170.40876728051882
Vinje,11 Samferdselsanlegg,Åpen fastmark,105.38377146489424
