Kommune,År (intervall),År,Kjønn,Alder,Sykdomsgruppe,Måltall,Antall,SortKommune
Hele landet,2013-2015,2015-01-01,Kjønn samlet,75 år+,Hoftebrudd (S72.0-72.2),"per 1000, standardisert",16.3,2
Hele landet,2014-2016,2016-01-01,Kjønn samlet,75 år+,Hoftebrudd (S72.0-72.2),"per 1000, standardisert",16.1,2
Hele landet,2015-2017,2017-01-01,Kjønn samlet,75 år+,Hoftebrudd (S72.0-72.2),"per 1000, standardisert",15.7,2
Hele landet,2016-2018,2018-01-01,Kjønn samlet,75 år+,Hoftebrudd (S72.0-72.2),"per 1000, standardisert",15.4,2
Hele landet,2017-2019,2019-01-01,Kjønn samlet,75 år+,Hoftebrudd (S72.0-72.2),"per 1000, standardisert",15.0,2
Hele landet,2018-2020,2020-01-01,Kjønn samlet,75 år+,Hoftebrudd (S72.0-72.2),"per 1000, standardisert",14.5,2
Hele landet,2019-2021,2021-01-01,Kjønn samlet,75 år+,Hoftebrudd (S72.0-72.2),"per 1000, standardisert",14.2,2
Hele landet,2020-2022,2022-01-01,Kjønn samlet,75 år+,Hoftebrudd (S72.0-72.2),"per 1000, standardisert",14.0,2
Hele landet,2021-2023,2023-01-01,Kjønn samlet,75 år+,Hoftebrudd (S72.0-72.2),"per 1000, standardisert",14.1,2
Hele landet,2022-2024,2024-01-01,Kjønn samlet,75 år+,Hoftebrudd (S72.0-72.2),"per 1000, standardisert",14.0,2
Telemark,2013-2015,2015-01-01,Kjønn samlet,75 år+,Hoftebrudd (S72.0-72.2),"per 1000, standardisert",16.0,1
Telemark,2014-2016,2016-01-01,Kjønn samlet,75 år+,Hoftebrudd (S72.0-72.2),"per 1000, standardisert",16.3,1
Telemark,2015-2017,2017-01-01,Kjønn samlet,75 år+,Hoftebrudd (S72.0-72.2),"per 1000, standardisert",16.3,1
Telemark,2016-2018,2018-01-01,Kjønn samlet,75 år+,Hoftebrudd (S72.0-72.2),"per 1000, standardisert",15.6,1
Telemark,2017-2019,2019-01-01,Kjønn samlet,75 år+,Hoftebrudd (S72.0-72.2),"per 1000, standardisert",15.4,1
Telemark,2018-2020,2020-01-01,Kjønn samlet,75 år+,Hoftebrudd (S72.0-72.2),"per 1000, standardisert",14.7,1
Telemark,2019-2021,2021-01-01,Kjønn samlet,75 år+,Hoftebrudd (S72.0-72.2),"per 1000, standardisert",15.1,1
Telemark,2020-2022,2022-01-01,Kjønn samlet,75 år+,Hoftebrudd (S72.0-72.2),"per 1000, standardisert",15.5,1
Telemark,2021-2023,2023-01-01,Kjønn samlet,75 år+,Hoftebrudd (S72.0-72.2),"per 1000, standardisert",16.0,1
Telemark,2022-2024,2024-01-01,Kjønn samlet,75 år+,Hoftebrudd (S72.0-72.2),"per 1000, standardisert",15.7,1
Porsgrunn,2013-2015,2015-01-01,Kjønn samlet,75 år+,Hoftebrudd (S72.0-72.2),"per 1000, standardisert",17.3,13
Porsgrunn,2014-2016,2016-01-01,Kjønn samlet,75 år+,Hoftebrudd (S72.0-72.2),"per 1000, standardisert",16.9,13
Porsgrunn,2015-2017,2017-01-01,Kjønn samlet,75 år+,Hoftebrudd (S72.0-72.2),"per 1000, standardisert",17.3,13
Porsgrunn,2016-2018,2018-01-01,Kjønn samlet,75 år+,Hoftebrudd (S72.0-72.2),"per 1000, standardisert",16.8,13
Porsgrunn,2017-2019,2019-01-01,Kjønn samlet,75 år+,Hoftebrudd (S72.0-72.2),"per 1000, standardisert",16.6,13
Porsgrunn,2018-2020,2020-01-01,Kjønn samlet,75 år+,Hoftebrudd (S72.0-72.2),"per 1000, standardisert",14.9,13
Porsgrunn,2019-2021,2021-01-01,Kjønn samlet,75 år+,Hoftebrudd (S72.0-72.2),"per 1000, standardisert",14.9,13
Porsgrunn,2020-2022,2022-01-01,Kjønn samlet,75 år+,Hoftebrudd (S72.0-72.2),"per 1000, standardisert",15.4,13
Porsgrunn,2021-2023,2023-01-01,Kjønn samlet,75 år+,Hoftebrudd (S72.0-72.2),"per 1000, standardisert",16.4,13
Porsgrunn,2022-2024,2024-01-01,Kjønn samlet,75 år+,Hoftebrudd (S72.0-72.2),"per 1000, standardisert",15.7,13
Skien,2013-2015,2015-01-01,Kjønn samlet,75 år+,Hoftebrudd (S72.0-72.2),"per 1000, standardisert",16.0,16
Skien,2014-2016,2016-01-01,Kjønn samlet,75 år+,Hoftebrudd (S72.0-72.2),"per 1000, standardisert",16.8,16
Skien,2015-2017,2017-01-01,Kjønn samlet,75 år+,Hoftebrudd (S72.0-72.2),"per 1000, standardisert",16.3,16
Skien,2016-2018,2018-01-01,Kjønn samlet,75 år+,Hoftebrudd (S72.0-72.2),"per 1000, standardisert",16.0,16
Skien,2017-2019,2019-01-01,Kjønn samlet,75 år+,Hoftebrudd (S72.0-72.2),"per 1000, standardisert",15.6,16
Skien,2018-2020,2020-01-01,Kjønn samlet,75 år+,Hoftebrudd (S72.0-72.2),"per 1000, standardisert",15.8,16
Skien,2019-2021,2021-01-01,Kjønn samlet,75 år+,Hoftebrudd (S72.0-72.2),"per 1000, standardisert",15.7,16
Skien,2020-2022,2022-01-01,Kjønn samlet,75 år+,Hoftebrudd (S72.0-72.2),"per 1000, standardisert",15.5,16
Skien,2021-2023,2023-01-01,Kjønn samlet,75 år+,Hoftebrudd (S72.0-72.2),"per 1000, standardisert",16.3,16
Skien,2022-2024,2024-01-01,Kjønn samlet,75 år+,Hoftebrudd (S72.0-72.2),"per 1000, standardisert",15.6,16
Notodden,2013-2015,2015-01-01,Kjønn samlet,75 år+,Hoftebrudd (S72.0-72.2),"per 1000, standardisert",17.1,12
Notodden,2014-2016,2016-01-01,Kjønn samlet,75 år+,Hoftebrudd (S72.0-72.2),"per 1000, standardisert",16.3,12
Notodden,2015-2017,2017-01-01,Kjønn samlet,75 år+,Hoftebrudd (S72.0-72.2),"per 1000, standardisert",17.1,12
Notodden,2016-2018,2018-01-01,Kjønn samlet,75 år+,Hoftebrudd (S72.0-72.2),"per 1000, standardisert",14.5,12
Notodden,2017-2019,2019-01-01,Kjønn samlet,75 år+,Hoftebrudd (S72.0-72.2),"per 1000, standardisert",16.0,12
Notodden,2018-2020,2020-01-01,Kjønn samlet,75 år+,Hoftebrudd (S72.0-72.2),"per 1000, standardisert",15.1,12
Notodden,2019-2021,2021-01-01,Kjønn samlet,75 år+,Hoftebrudd (S72.0-72.2),"per 1000, standardisert",16.8,12
Notodden,2020-2022,2022-01-01,Kjønn samlet,75 år+,Hoftebrudd (S72.0-72.2),"per 1000, standardisert",15.2,12
Notodden,2021-2023,2023-01-01,Kjønn samlet,75 år+,Hoftebrudd (S72.0-72.2),"per 1000, standardisert",16.5,12
Notodden,2022-2024,2024-01-01,Kjønn samlet,75 år+,Hoftebrudd (S72.0-72.2),"per 1000, standardisert",15.3,12
Siljan,2013-2015,2015-01-01,Kjønn samlet,75 år+,Hoftebrudd (S72.0-72.2),"per 1000, standardisert",,15
Siljan,2014-2016,2016-01-01,Kjønn samlet,75 år+,Hoftebrudd (S72.0-72.2),"per 1000, standardisert",,15
Siljan,2015-2017,2017-01-01,Kjønn samlet,75 år+,Hoftebrudd (S72.0-72.2),"per 1000, standardisert",,15
Siljan,2016-2018,2018-01-01,Kjønn samlet,75 år+,Hoftebrudd (S72.0-72.2),"per 1000, standardisert",,15
Siljan,2017-2019,2019-01-01,Kjønn samlet,75 år+,Hoftebrudd (S72.0-72.2),"per 1000, standardisert",,15
Siljan,2018-2020,2020-01-01,Kjønn samlet,75 år+,Hoftebrudd (S72.0-72.2),"per 1000, standardisert",,15
Siljan,2019-2021,2021-01-01,Kjønn samlet,75 år+,Hoftebrudd (S72.0-72.2),"per 1000, standardisert",,15
Siljan,2020-2022,2022-01-01,Kjønn samlet,75 år+,Hoftebrudd (S72.0-72.2),"per 1000, standardisert",,15
Siljan,2021-2023,2023-01-01,Kjønn samlet,75 år+,Hoftebrudd (S72.0-72.2),"per 1000, standardisert",,15
Siljan,2022-2024,2024-01-01,Kjønn samlet,75 år+,Hoftebrudd (S72.0-72.2),"per 1000, standardisert",,15
Bamble,2013-2015,2015-01-01,Kjønn samlet,75 år+,Hoftebrudd (S72.0-72.2),"per 1000, standardisert",13.7,3
Bamble,2014-2016,2016-01-01,Kjønn samlet,75 år+,Hoftebrudd (S72.0-72.2),"per 1000, standardisert",12.9,3
Bamble,2015-2017,2017-01-01,Kjønn samlet,75 år+,Hoftebrudd (S72.0-72.2),"per 1000, standardisert",13.1,3
Bamble,2016-2018,2018-01-01,Kjønn samlet,75 år+,Hoftebrudd (S72.0-72.2),"per 1000, standardisert",13.3,3
Bamble,2017-2019,2019-01-01,Kjønn samlet,75 år+,Hoftebrudd (S72.0-72.2),"per 1000, standardisert",14.0,3
Bamble,2018-2020,2020-01-01,Kjønn samlet,75 år+,Hoftebrudd (S72.0-72.2),"per 1000, standardisert",16.7,3
Bamble,2019-2021,2021-01-01,Kjønn samlet,75 år+,Hoftebrudd (S72.0-72.2),"per 1000, standardisert",18.1,3
Bamble,2020-2022,2022-01-01,Kjønn samlet,75 år+,Hoftebrudd (S72.0-72.2),"per 1000, standardisert",17.7,3
Bamble,2021-2023,2023-01-01,Kjønn samlet,75 år+,Hoftebrudd (S72.0-72.2),"per 1000, standardisert",16.3,3
Bamble,2022-2024,2024-01-01,Kjønn samlet,75 år+,Hoftebrudd (S72.0-72.2),"per 1000, standardisert",17.6,3
Kragerø,2013-2015,2015-01-01,Kjønn samlet,75 år+,Hoftebrudd (S72.0-72.2),"per 1000, standardisert",,7
Kragerø,2014-2016,2016-01-01,Kjønn samlet,75 år+,Hoftebrudd (S72.0-72.2),"per 1000, standardisert",,7
Kragerø,2015-2017,2017-01-01,Kjønn samlet,75 år+,Hoftebrudd (S72.0-72.2),"per 1000, standardisert",,7
Kragerø,2016-2018,2018-01-01,Kjønn samlet,75 år+,Hoftebrudd (S72.0-72.2),"per 1000, standardisert",,7
Kragerø,2017-2019,2019-01-01,Kjønn samlet,75 år+,Hoftebrudd (S72.0-72.2),"per 1000, standardisert",17.3,7
Kragerø,2018-2020,2020-01-01,Kjønn samlet,75 år+,Hoftebrudd (S72.0-72.2),"per 1000, standardisert",15.1,7
Kragerø,2019-2021,2021-01-01,Kjønn samlet,75 år+,Hoftebrudd (S72.0-72.2),"per 1000, standardisert",14.3,7
Kragerø,2020-2022,2022-01-01,Kjønn samlet,75 år+,Hoftebrudd (S72.0-72.2),"per 1000, standardisert",14.3,7
Kragerø,2021-2023,2023-01-01,Kjønn samlet,75 år+,Hoftebrudd (S72.0-72.2),"per 1000, standardisert",15.4,7
Kragerø,2022-2024,2024-01-01,Kjønn samlet,75 år+,Hoftebrudd (S72.0-72.2),"per 1000, standardisert",14.8,7
Drangedal,2013-2015,2015-01-01,Kjønn samlet,75 år+,Hoftebrudd (S72.0-72.2),"per 1000, standardisert",,4
Drangedal,2014-2016,2016-01-01,Kjønn samlet,75 år+,Hoftebrudd (S72.0-72.2),"per 1000, standardisert",,4
Drangedal,2015-2017,2017-01-01,Kjønn samlet,75 år+,Hoftebrudd (S72.0-72.2),"per 1000, standardisert",,4
Drangedal,2016-2018,2018-01-01,Kjønn samlet,75 år+,Hoftebrudd (S72.0-72.2),"per 1000, standardisert",,4
Drangedal,2017-2019,2019-01-01,Kjønn samlet,75 år+,Hoftebrudd (S72.0-72.2),"per 1000, standardisert",,4
Drangedal,2018-2020,2020-01-01,Kjønn samlet,75 år+,Hoftebrudd (S72.0-72.2),"per 1000, standardisert",,4
Drangedal,2019-2021,2021-01-01,Kjønn samlet,75 år+,Hoftebrudd (S72.0-72.2),"per 1000, standardisert",,4
Drangedal,2020-2022,2022-01-01,Kjønn samlet,75 år+,Hoftebrudd (S72.0-72.2),"per 1000, standardisert",,4
Drangedal,2021-2023,2023-01-01,Kjønn samlet,75 år+,Hoftebrudd (S72.0-72.2),"per 1000, standardisert",,4
Drangedal,2022-2024,2024-01-01,Kjønn samlet,75 år+,Hoftebrudd (S72.0-72.2),"per 1000, standardisert",,4
Nome,2013-2015,2015-01-01,Kjønn samlet,75 år+,Hoftebrudd (S72.0-72.2),"per 1000, standardisert",,11
Nome,2014-2016,2016-01-01,Kjønn samlet,75 år+,Hoftebrudd (S72.0-72.2),"per 1000, standardisert",,11
Nome,2015-2017,2017-01-01,Kjønn samlet,75 år+,Hoftebrudd (S72.0-72.2),"per 1000, standardisert",14.2,11
Nome,2016-2018,2018-01-01,Kjønn samlet,75 år+,Hoftebrudd (S72.0-72.2),"per 1000, standardisert",13.1,11
Nome,2017-2019,2019-01-01,Kjønn samlet,75 år+,Hoftebrudd (S72.0-72.2),"per 1000, standardisert",12.7,11
Nome,2018-2020,2020-01-01,Kjønn samlet,75 år+,Hoftebrudd (S72.0-72.2),"per 1000, standardisert",12.2,11
Nome,2019-2021,2021-01-01,Kjønn samlet,75 år+,Hoftebrudd (S72.0-72.2),"per 1000, standardisert",13.3,11
Nome,2020-2022,2022-01-01,Kjønn samlet,75 år+,Hoftebrudd (S72.0-72.2),"per 1000, standardisert",,11
Nome,2021-2023,2023-01-01,Kjønn samlet,75 år+,Hoftebrudd (S72.0-72.2),"per 1000, standardisert",,11
Nome,2022-2024,2024-01-01,Kjønn samlet,75 år+,Hoftebrudd (S72.0-72.2),"per 1000, standardisert",,11
Midt-Telemark,2013-2015,2015-01-01,Kjønn samlet,75 år+,Hoftebrudd (S72.0-72.2),"per 1000, standardisert",,9
Midt-Telemark,2014-2016,2016-01-01,Kjønn samlet,75 år+,Hoftebrudd (S72.0-72.2),"per 1000, standardisert",19.4,9
Midt-Telemark,2015-2017,2017-01-01,Kjønn samlet,75 år+,Hoftebrudd (S72.0-72.2),"per 1000, standardisert",17.9,9
Midt-Telemark,2016-2018,2018-01-01,Kjønn samlet,75 år+,Hoftebrudd (S72.0-72.2),"per 1000, standardisert",17.1,9
Midt-Telemark,2017-2019,2019-01-01,Kjønn samlet,75 år+,Hoftebrudd (S72.0-72.2),"per 1000, standardisert",,9
Midt-Telemark,2018-2020,2020-01-01,Kjønn samlet,75 år+,Hoftebrudd (S72.0-72.2),"per 1000, standardisert",,9
Midt-Telemark,2019-2021,2021-01-01,Kjønn samlet,75 år+,Hoftebrudd (S72.0-72.2),"per 1000, standardisert",,9
Midt-Telemark,2020-2022,2022-01-01,Kjønn samlet,75 år+,Hoftebrudd (S72.0-72.2),"per 1000, standardisert",16.1,9
Midt-Telemark,2021-2023,2023-01-01,Kjønn samlet,75 år+,Hoftebrudd (S72.0-72.2),"per 1000, standardisert",15.3,9
Midt-Telemark,2022-2024,2024-01-01,Kjønn samlet,75 år+,Hoftebrudd (S72.0-72.2),"per 1000, standardisert",16.2,9
Seljord,2013-2015,2015-01-01,Kjønn samlet,75 år+,Hoftebrudd (S72.0-72.2),"per 1000, standardisert",,14
Seljord,2014-2016,2016-01-01,Kjønn samlet,75 år+,Hoftebrudd (S72.0-72.2),"per 1000, standardisert",,14
Seljord,2015-2017,2017-01-01,Kjønn samlet,75 år+,Hoftebrudd (S72.0-72.2),"per 1000, standardisert",,14
Seljord,2016-2018,2018-01-01,Kjønn samlet,75 år+,Hoftebrudd (S72.0-72.2),"per 1000, standardisert",,14
Seljord,2017-2019,2019-01-01,Kjønn samlet,75 år+,Hoftebrudd (S72.0-72.2),"per 1000, standardisert",,14
Seljord,2018-2020,2020-01-01,Kjønn samlet,75 år+,Hoftebrudd (S72.0-72.2),"per 1000, standardisert",,14
Seljord,2019-2021,2021-01-01,Kjønn samlet,75 år+,Hoftebrudd (S72.0-72.2),"per 1000, standardisert",,14
Seljord,2020-2022,2022-01-01,Kjønn samlet,75 år+,Hoftebrudd (S72.0-72.2),"per 1000, standardisert",,14
Seljord,2021-2023,2023-01-01,Kjønn samlet,75 år+,Hoftebrudd (S72.0-72.2),"per 1000, standardisert",,14
Seljord,2022-2024,2024-01-01,Kjønn samlet,75 år+,Hoftebrudd (S72.0-72.2),"per 1000, standardisert",,14
Hjartdal,2013-2015,2015-01-01,Kjønn samlet,75 år+,Hoftebrudd (S72.0-72.2),"per 1000, standardisert",,6
Hjartdal,2014-2016,2016-01-01,Kjønn samlet,75 år+,Hoftebrudd (S72.0-72.2),"per 1000, standardisert",,6
Hjartdal,2015-2017,2017-01-01,Kjønn samlet,75 år+,Hoftebrudd (S72.0-72.2),"per 1000, standardisert",,6
Hjartdal,2016-2018,2018-01-01,Kjønn samlet,75 år+,Hoftebrudd (S72.0-72.2),"per 1000, standardisert",,6
Hjartdal,2017-2019,2019-01-01,Kjønn samlet,75 år+,Hoftebrudd (S72.0-72.2),"per 1000, standardisert",,6
Hjartdal,2018-2020,2020-01-01,Kjønn samlet,75 år+,Hoftebrudd (S72.0-72.2),"per 1000, standardisert",,6
Hjartdal,2019-2021,2021-01-01,Kjønn samlet,75 år+,Hoftebrudd (S72.0-72.2),"per 1000, standardisert",,6
Hjartdal,2020-2022,2022-01-01,Kjønn samlet,75 år+,Hoftebrudd (S72.0-72.2),"per 1000, standardisert",,6
Hjartdal,2021-2023,2023-01-01,Kjønn samlet,75 år+,Hoftebrudd (S72.0-72.2),"per 1000, standardisert",,6
Hjartdal,2022-2024,2024-01-01,Kjønn samlet,75 år+,Hoftebrudd (S72.0-72.2),"per 1000, standardisert",,6
Tinn,2013-2015,2015-01-01,Kjønn samlet,75 år+,Hoftebrudd (S72.0-72.2),"per 1000, standardisert",,17
Tinn,2014-2016,2016-01-01,Kjønn samlet,75 år+,Hoftebrudd (S72.0-72.2),"per 1000, standardisert",,17
Tinn,2015-2017,2017-01-01,Kjønn samlet,75 år+,Hoftebrudd (S72.0-72.2),"per 1000, standardisert",,17
Tinn,2016-2018,2018-01-01,Kjønn samlet,75 år+,Hoftebrudd (S72.0-72.2),"per 1000, standardisert",,17
Tinn,2017-2019,2019-01-01,Kjønn samlet,75 år+,Hoftebrudd (S72.0-72.2),"per 1000, standardisert",,17
Tinn,2018-2020,2020-01-01,Kjønn samlet,75 år+,Hoftebrudd (S72.0-72.2),"per 1000, standardisert",,17
Tinn,2019-2021,2021-01-01,Kjønn samlet,75 år+,Hoftebrudd (S72.0-72.2),"per 1000, standardisert",,17
Tinn,2020-2022,2022-01-01,Kjønn samlet,75 år+,Hoftebrudd (S72.0-72.2),"per 1000, standardisert",,17
Tinn,2021-2023,2023-01-01,Kjønn samlet,75 år+,Hoftebrudd (S72.0-72.2),"per 1000, standardisert",,17
Tinn,2022-2024,2024-01-01,Kjønn samlet,75 år+,Hoftebrudd (S72.0-72.2),"per 1000, standardisert",,17
Kviteseid,2013-2015,2015-01-01,Kjønn samlet,75 år+,Hoftebrudd (S72.0-72.2),"per 1000, standardisert",,8
Kviteseid,2014-2016,2016-01-01,Kjønn samlet,75 år+,Hoftebrudd (S72.0-72.2),"per 1000, standardisert",,8
Kviteseid,2015-2017,2017-01-01,Kjønn samlet,75 år+,Hoftebrudd (S72.0-72.2),"per 1000, standardisert",,8
Kviteseid,2016-2018,2018-01-01,Kjønn samlet,75 år+,Hoftebrudd (S72.0-72.2),"per 1000, standardisert",,8
Kviteseid,2017-2019,2019-01-01,Kjønn samlet,75 år+,Hoftebrudd (S72.0-72.2),"per 1000, standardisert",,8
Kviteseid,2018-2020,2020-01-01,Kjønn samlet,75 år+,Hoftebrudd (S72.0-72.2),"per 1000, standardisert",,8
Kviteseid,2019-2021,2021-01-01,Kjønn samlet,75 år+,Hoftebrudd (S72.0-72.2),"per 1000, standardisert",,8
Kviteseid,2020-2022,2022-01-01,Kjønn samlet,75 år+,Hoftebrudd (S72.0-72.2),"per 1000, standardisert",,8
Kviteseid,2021-2023,2023-01-01,Kjønn samlet,75 år+,Hoftebrudd (S72.0-72.2),"per 1000, standardisert",,8
Kviteseid,2022-2024,2024-01-01,Kjønn samlet,75 år+,Hoftebrudd (S72.0-72.2),"per 1000, standardisert",,8
Nissedal,2013-2015,2015-01-01,Kjønn samlet,75 år+,Hoftebrudd (S72.0-72.2),"per 1000, standardisert",,10
Nissedal,2014-2016,2016-01-01,Kjønn samlet,75 år+,Hoftebrudd (S72.0-72.2),"per 1000, standardisert",,10
Nissedal,2015-2017,2017-01-01,Kjønn samlet,75 år+,Hoftebrudd (S72.0-72.2),"per 1000, standardisert",,10
Nissedal,2016-2018,2018-01-01,Kjønn samlet,75 år+,Hoftebrudd (S72.0-72.2),"per 1000, standardisert",,10
Nissedal,2017-2019,2019-01-01,Kjønn samlet,75 år+,Hoftebrudd (S72.0-72.2),"per 1000, standardisert",,10
Nissedal,2018-2020,2020-01-01,Kjønn samlet,75 år+,Hoftebrudd (S72.0-72.2),"per 1000, standardisert",,10
Nissedal,2019-2021,2021-01-01,Kjønn samlet,75 år+,Hoftebrudd (S72.0-72.2),"per 1000, standardisert",,10
Nissedal,2020-2022,2022-01-01,Kjønn samlet,75 år+,Hoftebrudd (S72.0-72.2),"per 1000, standardisert",,10
Nissedal,2021-2023,2023-01-01,Kjønn samlet,75 år+,Hoftebrudd (S72.0-72.2),"per 1000, standardisert",,10
Nissedal,2022-2024,2024-01-01,Kjønn samlet,75 år+,Hoftebrudd (S72.0-72.2),"per 1000, standardisert",,10
Fyresdal,2013-2015,2015-01-01,Kjønn samlet,75 år+,Hoftebrudd (S72.0-72.2),"per 1000, standardisert",,5
Fyresdal,2014-2016,2016-01-01,Kjønn samlet,75 år+,Hoftebrudd (S72.0-72.2),"per 1000, standardisert",,5
Fyresdal,2015-2017,2017-01-01,Kjønn samlet,75 år+,Hoftebrudd (S72.0-72.2),"per 1000, standardisert",,5
Fyresdal,2016-2018,2018-01-01,Kjønn samlet,75 år+,Hoftebrudd (S72.0-72.2),"per 1000, standardisert",,5
Fyresdal,2017-2019,2019-01-01,Kjønn samlet,75 år+,Hoftebrudd (S72.0-72.2),"per 1000, standardisert",,5
Fyresdal,2018-2020,2020-01-01,Kjønn samlet,75 år+,Hoftebrudd (S72.0-72.2),"per 1000, standardisert",,5
Fyresdal,2019-2021,2021-01-01,Kjønn samlet,75 år+,Hoftebrudd (S72.0-72.2),"per 1000, standardisert",,5
Fyresdal,2020-2022,2022-01-01,Kjønn samlet,75 år+,Hoftebrudd (S72.0-72.2),"per 1000, standardisert",,5
Fyresdal,2021-2023,2023-01-01,Kjønn samlet,75 år+,Hoftebrudd (S72.0-72.2),"per 1000, standardisert",,5
Fyresdal,2022-2024,2024-01-01,Kjønn samlet,75 år+,Hoftebrudd (S72.0-72.2),"per 1000, standardisert",,5
Tokke,2013-2015,2015-01-01,Kjønn samlet,75 år+,Hoftebrudd (S72.0-72.2),"per 1000, standardisert",,18
Tokke,2014-2016,2016-01-01,Kjønn samlet,75 år+,Hoftebrudd (S72.0-72.2),"per 1000, standardisert",,18
Tokke,2015-2017,2017-01-01,Kjønn samlet,75 år+,Hoftebrudd (S72.0-72.2),"per 1000, standardisert",,18
Tokke,2016-2018,2018-01-01,Kjønn samlet,75 år+,Hoftebrudd (S72.0-72.2),"per 1000, standardisert",,18
Tokke,2017-2019,2019-01-01,Kjønn samlet,75 år+,Hoftebrudd (S72.0-72.2),"per 1000, standardisert",,18
Tokke,2018-2020,2020-01-01,Kjønn samlet,75 år+,Hoftebrudd (S72.0-72.2),"per 1000, standardisert",,18
Tokke,2019-2021,2021-01-01,Kjønn samlet,75 år+,Hoftebrudd (S72.0-72.2),"per 1000, standardisert",,18
Tokke,2020-2022,2022-01-01,Kjønn samlet,75 år+,Hoftebrudd (S72.0-72.2),"per 1000, standardisert",,18
Tokke,2021-2023,2023-01-01,Kjønn samlet,75 år+,Hoftebrudd (S72.0-72.2),"per 1000, standardisert",,18
Tokke,2022-2024,2024-01-01,Kjønn samlet,75 år+,Hoftebrudd (S72.0-72.2),"per 1000, standardisert",,18
Vinje,2013-2015,2015-01-01,Kjønn samlet,75 år+,Hoftebrudd (S72.0-72.2),"per 1000, standardisert",,19
Vinje,2014-2016,2016-01-01,Kjønn samlet,75 år+,Hoftebrudd (S72.0-72.2),"per 1000, standardisert",,19
Vinje,2015-2017,2017-01-01,Kjønn samlet,75 år+,Hoftebrudd (S72.0-72.2),"per 1000, standardisert",,19
Vinje,2016-2018,2018-01-01,Kjønn samlet,75 år+,Hoftebrudd (S72.0-72.2),"per 1000, standardisert",,19
Vinje,2017-2019,2019-01-01,Kjønn samlet,75 år+,Hoftebrudd (S72.0-72.2),"per 1000, standardisert",,19
Vinje,2018-2020,2020-01-01,Kjønn samlet,75 år+,Hoftebrudd (S72.0-72.2),"per 1000, standardisert",,19
Vinje,2019-2021,2021-01-01,Kjønn samlet,75 år+,Hoftebrudd (S72.0-72.2),"per 1000, standardisert",,19
Vinje,2020-2022,2022-01-01,Kjønn samlet,75 år+,Hoftebrudd (S72.0-72.2),"per 1000, standardisert",,19
Vinje,2021-2023,2023-01-01,Kjønn samlet,75 år+,Hoftebrudd (S72.0-72.2),"per 1000, standardisert",,19
Vinje,2022-2024,2024-01-01,Kjønn samlet,75 år+,Hoftebrudd (S72.0-72.2),"per 1000, standardisert",,19
