Kommunenummer,Geografi,År,Alder,Innvandringsbakgrunn,Andel
00,Hele landet,2015-01-01,alle aldre,innvandrere,24.3105059734042
00,Hele landet,2015-01-01,alle aldre,totalt,10.3350755704193
00,Hele landet,2016-01-01,alle aldre,innvandrere,24.1713925459367
00,Hele landet,2016-01-01,alle aldre,totalt,10.310784623679
00,Hele landet,2017-01-01,alle aldre,innvandrere,24.0808658455407
00,Hele landet,2017-01-01,alle aldre,totalt,10.3404184223259
00,Hele landet,2018-01-01,alle aldre,innvandrere,24.0764186828254
00,Hele landet,2018-01-01,alle aldre,totalt,10.3504730030655
00,Hele landet,2019-01-01,alle aldre,innvandrere,23.8425461223291
00,Hele landet,2019-01-01,alle aldre,totalt,10.2831577617169
00,Hele landet,2020-01-01,alle aldre,innvandrere,23.3587208266524
00,Hele landet,2020-01-01,alle aldre,totalt,10.1787874663521
00,Hele landet,2021-01-01,alle aldre,innvandrere,22.3991819551376
00,Hele landet,2021-01-01,alle aldre,totalt,9.84612673822532
00,Hele landet,2022-01-01,alle aldre,innvandrere,21.908753055988
00,Hele landet,2022-01-01,alle aldre,totalt,9.72421540460922
00,Hele landet,2023-01-01,alle aldre,innvandrere,21.6769724218703
00,Hele landet,2023-01-01,alle aldre,totalt,9.70936422360377
00,Hele landet,2024-01-01,alle aldre,innvandrere,21.3418336369156
00,Hele landet,2024-01-01,alle aldre,totalt,9.66853619544995
40,Telemark,2015-01-01,alle aldre,innvandrere,22.1065302437556
40,Telemark,2015-01-01,alle aldre,totalt,7.43556945234035
40,Telemark,2016-01-01,alle aldre,innvandrere,21.875896906033
40,Telemark,2016-01-01,alle aldre,totalt,7.28418913250264
40,Telemark,2017-01-01,alle aldre,innvandrere,22.0445709905273
40,Telemark,2017-01-01,alle aldre,totalt,7.34608442058597
40,Telemark,2018-01-01,alle aldre,innvandrere,22.1935007385524
40,Telemark,2018-01-01,alle aldre,totalt,7.35474553684124
40,Telemark,2019-01-01,alle aldre,innvandrere,21.7454621105737
40,Telemark,2019-01-01,alle aldre,totalt,7.40640722324306
40,Telemark,2020-01-01,alle aldre,innvandrere,21.0443199184921
40,Telemark,2020-01-01,alle aldre,totalt,7.49727211929932
40,Telemark,2021-01-01,alle aldre,innvandrere,20.0149812734082
40,Telemark,2021-01-01,alle aldre,totalt,7.28244265873829
40,Telemark,2022-01-01,alle aldre,innvandrere,19.5490177102487
40,Telemark,2022-01-01,alle aldre,totalt,7.13402831222743
40,Telemark,2023-01-01,alle aldre,innvandrere,19.5061505880233
40,Telemark,2023-01-01,alle aldre,totalt,7.17500462791559
40,Telemark,2024-01-01,alle aldre,innvandrere,18.3300249186975
40,Telemark,2024-01-01,alle aldre,totalt,7.05475166883821
4001,Porsgrunn,2015-01-01,alle aldre,innvandrere,23.1554389034704
4001,Porsgrunn,2015-01-01,alle aldre,totalt,7.36213757816941
4001,Porsgrunn,2016-01-01,alle aldre,innvandrere,21.8432919954904
4001,Porsgrunn,2016-01-01,alle aldre,totalt,7.42175351296333
4001,Porsgrunn,2017-01-01,alle aldre,innvandrere,22.9289150187066
4001,Porsgrunn,2017-01-01,alle aldre,totalt,7.51453202662099
4001,Porsgrunn,2018-01-01,alle aldre,innvandrere,22.0646178092987
4001,Porsgrunn,2018-01-01,alle aldre,totalt,7.25021108922038
4001,Porsgrunn,2019-01-01,alle aldre,innvandrere,21.3992824192722
4001,Porsgrunn,2019-01-01,alle aldre,totalt,7.09986281810801
4001,Porsgrunn,2020-01-01,alle aldre,innvandrere,21.1932101847229
4001,Porsgrunn,2020-01-01,alle aldre,totalt,7.33622994652406
4001,Porsgrunn,2021-01-01,alle aldre,innvandrere,20.5522208883553
4001,Porsgrunn,2021-01-01,alle aldre,totalt,7.37727599756489
4001,Porsgrunn,2022-01-01,alle aldre,innvandrere,20.5976277372263
4001,Porsgrunn,2022-01-01,alle aldre,totalt,7.21981867783626
4001,Porsgrunn,2023-01-01,alle aldre,innvandrere,19.2234648660055
4001,Porsgrunn,2023-01-01,alle aldre,totalt,6.84852638793694
4001,Porsgrunn,2024-01-01,alle aldre,innvandrere,16.8948852194926
4001,Porsgrunn,2024-01-01,alle aldre,totalt,6.56180879823052
4003,Skien,2015-01-01,alle aldre,innvandrere,23.741935483871
4003,Skien,2015-01-01,alle aldre,totalt,8.06734880879658
4003,Skien,2016-01-01,alle aldre,innvandrere,22.7676484338476
4003,Skien,2016-01-01,alle aldre,totalt,7.91083916083916
4003,Skien,2017-01-01,alle aldre,innvandrere,21.8605345677169
4003,Skien,2017-01-01,alle aldre,totalt,7.94881956632509
4003,Skien,2018-01-01,alle aldre,innvandrere,22.315484804631
4003,Skien,2018-01-01,alle aldre,totalt,8.05642692112629
4003,Skien,2019-01-01,alle aldre,innvandrere,22.5875320239112
4003,Skien,2019-01-01,alle aldre,totalt,8.25016384233686
4003,Skien,2020-01-01,alle aldre,innvandrere,22.1398159593462
4003,Skien,2020-01-01,alle aldre,totalt,8.37010146141674
4003,Skien,2021-01-01,alle aldre,innvandrere,21.0152692204661
4003,Skien,2021-01-01,alle aldre,totalt,8.09275383844197
4003,Skien,2022-01-01,alle aldre,innvandrere,20.0
4003,Skien,2022-01-01,alle aldre,totalt,7.90602618157715
4003,Skien,2023-01-01,alle aldre,innvandrere,20.009949011317
4003,Skien,2023-01-01,alle aldre,totalt,8.00116805373047
4003,Skien,2024-01-01,alle aldre,innvandrere,19.2589096058532
4003,Skien,2024-01-01,alle aldre,totalt,8.2120281741015
4005,Notodden,2015-01-01,alle aldre,innvandrere,24.3103448275862
4005,Notodden,2015-01-01,alle aldre,totalt,6.98891625615764
4005,Notodden,2016-01-01,alle aldre,innvandrere,27.1882261812548
4005,Notodden,2016-01-01,alle aldre,totalt,7.18503182271298
4005,Notodden,2017-01-01,alle aldre,innvandrere,25.5087209302326
4005,Notodden,2017-01-01,alle aldre,totalt,7.02305276862985
4005,Notodden,2018-01-01,alle aldre,innvandrere,25.528811086798
4005,Notodden,2018-01-01,alle aldre,totalt,7.52812451841578
4005,Notodden,2019-01-01,alle aldre,innvandrere,24.2359630419332
4005,Notodden,2019-01-01,alle aldre,totalt,7.91212167767706
4005,Notodden,2020-01-01,alle aldre,innvandrere,23.5576923076923
4005,Notodden,2020-01-01,alle aldre,totalt,8.02535951755064
4005,Notodden,2021-01-01,alle aldre,innvandrere,23.155737704918
4005,Notodden,2021-01-01,alle aldre,totalt,7.76390289304274
4005,Notodden,2022-01-01,alle aldre,innvandrere,22.936400541272
4005,Notodden,2022-01-01,alle aldre,totalt,7.59444872783346
4005,Notodden,2023-01-01,alle aldre,innvandrere,22.6040978189028
4005,Notodden,2023-01-01,alle aldre,totalt,7.75301764159703
4005,Notodden,2024-01-01,alle aldre,innvandrere,23.8575667655786
4005,Notodden,2024-01-01,alle aldre,totalt,7.7621737139368
4010,Siljan,2015-01-01,alle aldre,innvandrere,24.3055555555556
4010,Siljan,2015-01-01,alle aldre,totalt,4.54148471615721
4010,Siljan,2016-01-01,alle aldre,innvandrere,22.5806451612903
4010,Siljan,2016-01-01,alle aldre,totalt,4.45130013221684
4010,Siljan,2017-01-01,alle aldre,innvandrere,16.7664670658683
4010,Siljan,2017-01-01,alle aldre,totalt,4.12684622067767
4010,Siljan,2018-01-01,alle aldre,innvandrere,23.463687150838
4010,Siljan,2018-01-01,alle aldre,totalt,4.81561822125814
4010,Siljan,2019-01-01,alle aldre,innvandrere,22.7777777777778
4010,Siljan,2019-01-01,alle aldre,totalt,4.27760803142732
4010,Siljan,2020-01-01,alle aldre,innvandrere,20.0
4010,Siljan,2020-01-01,alle aldre,totalt,4.57715780296426
4010,Siljan,2021-01-01,alle aldre,innvandrere,9.63855421686747
4010,Siljan,2021-01-01,alle aldre,totalt,3.85448245993937
4010,Siljan,2022-01-01,alle aldre,innvandrere,8.69565217391304
4010,Siljan,2022-01-01,alle aldre,totalt,4.06222990492653
4010,Siljan,2023-01-01,alle aldre,innvandrere,7.92682926829268
4010,Siljan,2023-01-01,alle aldre,totalt,3.27659574468085
4010,Siljan,2024-01-01,alle aldre,innvandrere,8.19672131147541
4010,Siljan,2024-01-01,alle aldre,totalt,3.44387755102041
4012,Bamble,2015-01-01,alle aldre,innvandrere,20.8456243854474
4012,Bamble,2015-01-01,alle aldre,totalt,6.41482019614966
4012,Bamble,2016-01-01,alle aldre,innvandrere,21.5648854961832
4012,Bamble,2016-01-01,alle aldre,totalt,6.55904595695172
4012,Bamble,2017-01-01,alle aldre,innvandrere,22.9779411764706
4012,Bamble,2017-01-01,alle aldre,totalt,7.18835963515274
4012,Bamble,2018-01-01,alle aldre,innvandrere,22.4062772449869
4012,Bamble,2018-01-01,alle aldre,totalt,7.0784327873584
4012,Bamble,2019-01-01,alle aldre,innvandrere,20.8904109589041
4012,Bamble,2019-01-01,alle aldre,totalt,6.94605568445476
4012,Bamble,2020-01-01,alle aldre,innvandrere,19.9137931034483
4012,Bamble,2020-01-01,alle aldre,totalt,7.10659898477157
4012,Bamble,2021-01-01,alle aldre,innvandrere,17.7074422583405
4012,Bamble,2021-01-01,alle aldre,totalt,6.49454545454545
4012,Bamble,2022-01-01,alle aldre,innvandrere,17.5206611570248
4012,Bamble,2022-01-01,alle aldre,totalt,5.97652854245146
4012,Bamble,2023-01-01,alle aldre,innvandrere,17.96875
4012,Bamble,2023-01-01,alle aldre,totalt,6.37991800330864
4012,Bamble,2024-01-01,alle aldre,innvandrere,17.1428571428571
4012,Bamble,2024-01-01,alle aldre,totalt,6.24955360331405
4014,Kragerø,2015-01-01,alle aldre,innvandrere,20.4806687565308
4014,Kragerø,2015-01-01,alle aldre,totalt,6.54865544592765
4014,Kragerø,2016-01-01,alle aldre,innvandrere,18.8660801564027
4014,Kragerø,2016-01-01,alle aldre,totalt,6.48543689320388
4014,Kragerø,2017-01-01,alle aldre,innvandrere,17.7311725452812
4014,Kragerø,2017-01-01,alle aldre,totalt,6.21661000485673
4014,Kragerø,2018-01-01,alle aldre,innvandrere,18.4259259259259
4014,Kragerø,2018-01-01,alle aldre,totalt,5.78407425500733
4014,Kragerø,2019-01-01,alle aldre,innvandrere,18.2584269662921
4014,Kragerø,2019-01-01,alle aldre,totalt,5.98307419799252
4014,Kragerø,2020-01-01,alle aldre,innvandrere,15.3846153846154
4014,Kragerø,2020-01-01,alle aldre,totalt,5.39316996358626
4014,Kragerø,2021-01-01,alle aldre,innvandrere,15.5493482309125
4014,Kragerø,2021-01-01,alle aldre,totalt,5.30921246681742
4014,Kragerø,2022-01-01,alle aldre,innvandrere,14.3636363636364
4014,Kragerø,2022-01-01,alle aldre,totalt,5.21790690779721
4014,Kragerø,2023-01-01,alle aldre,innvandrere,15.7939189189189
4014,Kragerø,2023-01-01,alle aldre,totalt,5.29723366686286
4014,Kragerø,2024-01-01,alle aldre,innvandrere,14.3196202531646
4014,Kragerø,2024-01-01,alle aldre,totalt,5.29917872506844
4016,Drangedal,2015-01-01,alle aldre,innvandrere,11.1111111111111
4016,Drangedal,2015-01-01,alle aldre,totalt,5.66084788029925
4016,Drangedal,2016-01-01,alle aldre,innvandrere,14.8484848484848
4016,Drangedal,2016-01-01,alle aldre,totalt,5.31149168528171
4016,Drangedal,2017-01-01,alle aldre,innvandrere,25.748502994012
4016,Drangedal,2017-01-01,alle aldre,totalt,6.37351778656127
4016,Drangedal,2018-01-01,alle aldre,innvandrere,24.1477272727273
4016,Drangedal,2018-01-01,alle aldre,totalt,6.30293971101146
4016,Drangedal,2019-01-01,alle aldre,innvandrere,20.6611570247934
4016,Drangedal,2019-01-01,alle aldre,totalt,6.66498993963783
4016,Drangedal,2020-01-01,alle aldre,innvandrere,19.3820224719101
4016,Drangedal,2020-01-01,alle aldre,totalt,5.79053373615307
4016,Drangedal,2021-01-01,alle aldre,innvandrere,17.379679144385
4016,Drangedal,2021-01-01,alle aldre,totalt,5.08389681943401
4016,Drangedal,2022-01-01,alle aldre,innvandrere,20.4488778054863
4016,Drangedal,2022-01-01,alle aldre,totalt,5.71214766774757
4016,Drangedal,2023-01-01,alle aldre,innvandrere,22.0095693779904
4016,Drangedal,2023-01-01,alle aldre,totalt,5.785536159601
4016,Drangedal,2024-01-01,alle aldre,innvandrere,25.4310344827586
4016,Drangedal,2024-01-01,alle aldre,totalt,6.52390438247012
4018,Nome,2015-01-01,alle aldre,innvandrere,
4018,Nome,2015-01-01,alle aldre,totalt,5.15447911814936
4018,Nome,2016-01-01,alle aldre,innvandrere,
4018,Nome,2016-01-01,alle aldre,totalt,4.85804416403786
4018,Nome,2017-01-01,alle aldre,innvandrere,18.6177715091678
4018,Nome,2017-01-01,alle aldre,totalt,5.31333020784498
4018,Nome,2018-01-01,alle aldre,innvandrere,17.8799489144317
4018,Nome,2018-01-01,alle aldre,totalt,5.22225676095741
4018,Nome,2019-01-01,alle aldre,innvandrere,16.6212534059946
4018,Nome,2019-01-01,alle aldre,totalt,5.02217997465146
4018,Nome,2020-01-01,alle aldre,innvandrere,17.4899866488652
4018,Nome,2020-01-01,alle aldre,totalt,5.28655342117797
4018,Nome,2021-01-01,alle aldre,innvandrere,19.3243243243243
4018,Nome,2021-01-01,alle aldre,totalt,5.84590945194599
4018,Nome,2022-01-01,alle aldre,innvandrere,19.6159122085048
4018,Nome,2022-01-01,alle aldre,totalt,5.79939787672318
4018,Nome,2023-01-01,alle aldre,innvandrere,17.2413793103448
4018,Nome,2023-01-01,alle aldre,totalt,5.66008153026027
4018,Nome,2024-01-01,alle aldre,innvandrere,12.6201923076923
4018,Nome,2024-01-01,alle aldre,totalt,4.85498108448928
4020,Midt-Telemark,2015-01-01,alle aldre,innvandrere,26.3573543928924
4020,Midt-Telemark,2015-01-01,alle aldre,totalt,11.2410841654779
4020,Midt-Telemark,2016-01-01,alle aldre,innvandrere,27.3303167420815
4020,Midt-Telemark,2016-01-01,alle aldre,totalt,9.79420731707317
4020,Midt-Telemark,2017-01-01,alle aldre,innvandrere,28.0656303972366
4020,Midt-Telemark,2017-01-01,alle aldre,totalt,9.61847959859888
4020,Midt-Telemark,2018-01-01,alle aldre,innvandrere,27.3790951638066
4020,Midt-Telemark,2018-01-01,alle aldre,totalt,9.69921332716335
4020,Midt-Telemark,2019-01-01,alle aldre,innvandrere,26.1329305135952
4020,Midt-Telemark,2019-01-01,alle aldre,totalt,9.67503692762186
4020,Midt-Telemark,2020-01-01,alle aldre,innvandrere,25.8208955223881
4020,Midt-Telemark,2020-01-01,alle aldre,totalt,10.1613202299277
4020,Midt-Telemark,2021-01-01,alle aldre,innvandrere,25.954738330976
4020,Midt-Telemark,2021-01-01,alle aldre,totalt,10.4638321369409
4020,Midt-Telemark,2022-01-01,alle aldre,innvandrere,26.514131897712
4020,Midt-Telemark,2022-01-01,alle aldre,totalt,11.0053103827138
4020,Midt-Telemark,2023-01-01,alle aldre,innvandrere,25.2487562189055
4020,Midt-Telemark,2023-01-01,alle aldre,totalt,10.368164591229
4020,Midt-Telemark,2024-01-01,alle aldre,innvandrere,20.552677029361
4020,Midt-Telemark,2024-01-01,alle aldre,totalt,9.21884742139485
4022,Seljord,2015-01-01,alle aldre,innvandrere,
4022,Seljord,2015-01-01,alle aldre,totalt,6.44718792866941
4022,Seljord,2016-01-01,alle aldre,innvandrere,
4022,Seljord,2016-01-01,alle aldre,totalt,6.12525808671714
4022,Seljord,2017-01-01,alle aldre,innvandrere,
4022,Seljord,2017-01-01,alle aldre,totalt,6.67589069526116
4022,Seljord,2018-01-01,alle aldre,innvandrere,
4022,Seljord,2018-01-01,alle aldre,totalt,6.53685674547983
4022,Seljord,2019-01-01,alle aldre,innvandrere,
4022,Seljord,2019-01-01,alle aldre,totalt,6.27615062761506
4022,Seljord,2020-01-01,alle aldre,innvandrere,
4022,Seljord,2020-01-01,alle aldre,totalt,6.56261085491309
4022,Seljord,2021-01-01,alle aldre,innvandrere,21.5094339622642
4022,Seljord,2021-01-01,alle aldre,totalt,6.10955056179775
4022,Seljord,2022-01-01,alle aldre,innvandrere,22.4199288256228
4022,Seljord,2022-01-01,alle aldre,totalt,5.85951288386869
4022,Seljord,2023-01-01,alle aldre,innvandrere,24.1590214067278
4022,Seljord,2023-01-01,alle aldre,totalt,6.2088102670829
4022,Seljord,2024-01-01,alle aldre,innvandrere,20.6521739130435
4022,Seljord,2024-01-01,alle aldre,totalt,6.19226821758467
4024,Hjartdal,2015-01-01,alle aldre,innvandrere,37.6470588235294
4024,Hjartdal,2015-01-01,alle aldre,totalt,9.00131406044678
4024,Hjartdal,2016-01-01,alle aldre,innvandrere,42.156862745098
4024,Hjartdal,2016-01-01,alle aldre,totalt,9.12596401028278
4024,Hjartdal,2017-01-01,alle aldre,innvandrere,38.3177570093458
4024,Hjartdal,2017-01-01,alle aldre,totalt,7.45301360985094
4024,Hjartdal,2018-01-01,alle aldre,innvandrere,34.2105263157895
4024,Hjartdal,2018-01-01,alle aldre,totalt,6.93454309786131
4024,Hjartdal,2019-01-01,alle aldre,innvandrere,25.0
4024,Hjartdal,2019-01-01,alle aldre,totalt,6.40941792020929
4024,Hjartdal,2020-01-01,alle aldre,innvandrere,29.8245614035088
4024,Hjartdal,2020-01-01,alle aldre,totalt,6.47905759162304
4024,Hjartdal,2021-01-01,alle aldre,innvandrere,16.6666666666667
4024,Hjartdal,2021-01-01,alle aldre,totalt,5.80939947780679
4024,Hjartdal,2022-01-01,alle aldre,innvandrere,19.0082644628099
4024,Hjartdal,2022-01-01,alle aldre,totalt,6.00522193211488
4024,Hjartdal,2023-01-01,alle aldre,innvandrere,25.503355704698
4024,Hjartdal,2023-01-01,alle aldre,totalt,6.54265554842848
4024,Hjartdal,2024-01-01,alle aldre,innvandrere,29.8969072164948
4024,Hjartdal,2024-01-01,alle aldre,totalt,7.22741433021807
4026,Tinn,2015-01-01,alle aldre,innvandrere,
4026,Tinn,2015-01-01,alle aldre,totalt,6.76992690567351
4026,Tinn,2016-01-01,alle aldre,innvandrere,
4026,Tinn,2016-01-01,alle aldre,totalt,6.35113972507395
4026,Tinn,2017-01-01,alle aldre,innvandrere,
4026,Tinn,2017-01-01,alle aldre,totalt,5.83609994757994
4026,Tinn,2018-01-01,alle aldre,innvandrere,
4026,Tinn,2018-01-01,alle aldre,totalt,6.43295354951797
4026,Tinn,2019-01-01,alle aldre,innvandrere,
4026,Tinn,2019-01-01,alle aldre,totalt,6.60142348754448
4026,Tinn,2020-01-01,alle aldre,innvandrere,
4026,Tinn,2020-01-01,alle aldre,totalt,5.9441826748822
4026,Tinn,2021-01-01,alle aldre,innvandrere,13.3545310015898
4026,Tinn,2021-01-01,alle aldre,totalt,5.22923955072731
4026,Tinn,2022-01-01,alle aldre,innvandrere,
4026,Tinn,2022-01-01,alle aldre,totalt,4.75568817605371
4026,Tinn,2023-01-01,alle aldre,innvandrere,15.6918687589158
4026,Tinn,2023-01-01,alle aldre,totalt,5.23094045631608
4026,Tinn,2024-01-01,alle aldre,innvandrere,
4026,Tinn,2024-01-01,alle aldre,totalt,4.57079152731327
4028,Kviteseid,2015-01-01,alle aldre,innvandrere,
4028,Kviteseid,2015-01-01,alle aldre,totalt,6.09243697478992
4028,Kviteseid,2016-01-01,alle aldre,innvandrere,
4028,Kviteseid,2016-01-01,alle aldre,totalt,5.76114381833474
4028,Kviteseid,2017-01-01,alle aldre,innvandrere,
4028,Kviteseid,2017-01-01,alle aldre,totalt,5.78616352201258
4028,Kviteseid,2018-01-01,alle aldre,innvandrere,
4028,Kviteseid,2018-01-01,alle aldre,totalt,5.02983802216539
4028,Kviteseid,2019-01-01,alle aldre,innvandrere,
4028,Kviteseid,2019-01-01,alle aldre,totalt,4.76393024245002
4028,Kviteseid,2020-01-01,alle aldre,innvandrere,
4028,Kviteseid,2020-01-01,alle aldre,totalt,5.45609548167093
4028,Kviteseid,2021-01-01,alle aldre,innvandrere,6.41711229946524
4028,Kviteseid,2021-01-01,alle aldre,totalt,4.8
4028,Kviteseid,2022-01-01,alle aldre,innvandrere,5.74162679425837
4028,Kviteseid,2022-01-01,alle aldre,totalt,4.06538139145013
4028,Kviteseid,2023-01-01,alle aldre,innvandrere,6.34920634920635
4028,Kviteseid,2023-01-01,alle aldre,totalt,4.76190476190476
4028,Kviteseid,2024-01-01,alle aldre,innvandrere,11.8055555555556
4028,Kviteseid,2024-01-01,alle aldre,totalt,5.15164104694641
4030,Nissedal,2015-01-01,alle aldre,innvandrere,12.0689655172414
4030,Nissedal,2015-01-01,alle aldre,totalt,7.2505384063173
4030,Nissedal,2016-01-01,alle aldre,innvandrere,14.3939393939394
4030,Nissedal,2016-01-01,alle aldre,totalt,5.46369518332135
4030,Nissedal,2017-01-01,alle aldre,innvandrere,21.4285714285714
4030,Nissedal,2017-01-01,alle aldre,totalt,6.51420651420651
4030,Nissedal,2018-01-01,alle aldre,innvandrere,23.9520958083832
4030,Nissedal,2018-01-01,alle aldre,totalt,7.4585635359116
4030,Nissedal,2019-01-01,alle aldre,innvandrere,21.8934911242604
4030,Nissedal,2019-01-01,alle aldre,totalt,6.85121107266436
4030,Nissedal,2020-01-01,alle aldre,innvandrere,23.7804878048781
4030,Nissedal,2020-01-01,alle aldre,totalt,6.24123422159888
4030,Nissedal,2021-01-01,alle aldre,innvandrere,18.6666666666667
4030,Nissedal,2021-01-01,alle aldre,totalt,5.36723163841808
4030,Nissedal,2022-01-01,alle aldre,innvandrere,15.8940397350993
4030,Nissedal,2022-01-01,alle aldre,totalt,4.37275985663082
4030,Nissedal,2023-01-01,alle aldre,innvandrere,15.2046783625731
4030,Nissedal,2023-01-01,alle aldre,totalt,5.15901060070671
4030,Nissedal,2024-01-01,alle aldre,innvandrere,14.1242937853107
4030,Nissedal,2024-01-01,alle aldre,totalt,4.70588235294118
4032,Fyresdal,2015-01-01,alle aldre,innvandrere,
4032,Fyresdal,2015-01-01,alle aldre,totalt,
4032,Fyresdal,2016-01-01,alle aldre,innvandrere,
4032,Fyresdal,2016-01-01,alle aldre,totalt,
4032,Fyresdal,2017-01-01,alle aldre,innvandrere,
4032,Fyresdal,2017-01-01,alle aldre,totalt,
4032,Fyresdal,2018-01-01,alle aldre,innvandrere,
4032,Fyresdal,2018-01-01,alle aldre,totalt,6.37795275590551
4032,Fyresdal,2019-01-01,alle aldre,innvandrere,
4032,Fyresdal,2019-01-01,alle aldre,totalt,7.19482619240097
4032,Fyresdal,2020-01-01,alle aldre,innvandrere,
4032,Fyresdal,2020-01-01,alle aldre,totalt,6.76873489121676
4032,Fyresdal,2021-01-01,alle aldre,innvandrere,
4032,Fyresdal,2021-01-01,alle aldre,totalt,5.31197301854975
4032,Fyresdal,2022-01-01,alle aldre,innvandrere,
4032,Fyresdal,2022-01-01,alle aldre,totalt,4.53767123287671
4032,Fyresdal,2023-01-01,alle aldre,innvandrere,18.3206106870229
4032,Fyresdal,2023-01-01,alle aldre,totalt,7.19665271966527
4032,Fyresdal,2024-01-01,alle aldre,innvandrere,10.5590062111801
4032,Fyresdal,2024-01-01,alle aldre,totalt,5.93013809910642
4034,Tokke,2015-01-01,alle aldre,innvandrere,
4034,Tokke,2015-01-01,alle aldre,totalt,
4034,Tokke,2016-01-01,alle aldre,innvandrere,
4034,Tokke,2016-01-01,alle aldre,totalt,
4034,Tokke,2017-01-01,alle aldre,innvandrere,
4034,Tokke,2017-01-01,alle aldre,totalt,
4034,Tokke,2018-01-01,alle aldre,innvandrere,
4034,Tokke,2018-01-01,alle aldre,totalt,
4034,Tokke,2019-01-01,alle aldre,innvandrere,
4034,Tokke,2019-01-01,alle aldre,totalt,
4034,Tokke,2020-01-01,alle aldre,innvandrere,
4034,Tokke,2020-01-01,alle aldre,totalt,
4034,Tokke,2021-01-01,alle aldre,innvandrere,
4034,Tokke,2021-01-01,alle aldre,totalt,
4034,Tokke,2022-01-01,alle aldre,innvandrere,
4034,Tokke,2022-01-01,alle aldre,totalt,
4034,Tokke,2023-01-01,alle aldre,innvandrere,
4034,Tokke,2023-01-01,alle aldre,totalt,
4034,Tokke,2024-01-01,alle aldre,innvandrere,
4034,Tokke,2024-01-01,alle aldre,totalt,
4036,Vinje,2015-01-01,alle aldre,innvandrere,
4036,Vinje,2015-01-01,alle aldre,totalt,
4036,Vinje,2016-01-01,alle aldre,innvandrere,
4036,Vinje,2016-01-01,alle aldre,totalt,
4036,Vinje,2017-01-01,alle aldre,innvandrere,
4036,Vinje,2017-01-01,alle aldre,totalt,
4036,Vinje,2018-01-01,alle aldre,innvandrere,
4036,Vinje,2018-01-01,alle aldre,totalt,
4036,Vinje,2019-01-01,alle aldre,innvandrere,
4036,Vinje,2019-01-01,alle aldre,totalt,
4036,Vinje,2020-01-01,alle aldre,innvandrere,
4036,Vinje,2020-01-01,alle aldre,totalt,
4036,Vinje,2021-01-01,alle aldre,innvandrere,
4036,Vinje,2021-01-01,alle aldre,totalt,
4036,Vinje,2022-01-01,alle aldre,innvandrere,
4036,Vinje,2022-01-01,alle aldre,totalt,
4036,Vinje,2023-01-01,alle aldre,innvandrere,
4036,Vinje,2023-01-01,alle aldre,totalt,
4036,Vinje,2024-01-01,alle aldre,innvandrere,
4036,Vinje,2024-01-01,alle aldre,totalt,
