indikator,breakdown,år,verdi_type,telemark_verdi,landet_verdi,andre_fylker_snitt,andre_fylker_median,andre_fylker_min,andre_fylker_max,andre_fylker_antall,z_score,rangering,rangering_av,significant,fylke_verdier
sykehusinnlagte_sykdommer_og_skader,Alder = 45-64 år; Sykdomsgruppe = Forgiftninger,2025-01-01,Antall,1.4,0.6,0.5833333333333334,0.6,0.4,0.9,12,5.818956642754474,1,13,True,"{""Agder"": 0.9, ""Akershus"": 0.5, ""Buskerud"": 0.4, ""Finnmark Finnmárku Finmarkku"": null, ""Hele landet"": 0.6, ""Innlandet"": 0.6, ""Møre og Romsdal"": 0.5, ""Nordland Nordlánnda"": 0.6, ""Oslo (fylke)"": 0.5, ""Rogaland"": 0.6, ""Telemark"": 1.4, ""Troms Romsa Tromssa"": null, ""Trøndelag Trööndelage"": 0.4, ""Vestfold"": 0.7, ""Vestland"": 0.6, ""Østfold"": 0.7}"
sykehusinnlagte_sykdommer_og_skader,Alder = 45-74 år; Sykdomsgruppe = Forgiftninger,2025-01-01,Antall,1.2,0.6,0.55,0.55,0.4,0.8,14,5.602295447913675,1,15,True,"{""Agder"": 0.8, ""Akershus"": 0.5, ""Buskerud"": 0.4, ""Finnmark Finnmárku Finmarkku"": 0.6, ""Hele landet"": 0.6, ""Innlandet"": 0.6, ""Møre og Romsdal"": 0.4, ""Nordland Nordlánnda"": 0.6, ""Oslo (fylke)"": 0.5, ""Rogaland"": 0.6, ""Telemark"": 1.2, ""Troms Romsa Tromssa"": 0.5, ""Trøndelag Trööndelage"": 0.4, ""Vestfold"": 0.7, ""Vestland"": 0.5, ""Østfold"": 0.6}"
sykehusinnlagte_sykdommer_og_skader,Alder = Alle aldre; Sykdomsgruppe = Forgiftninger,2025-01-01,Antall,1.4,0.7,0.7142857142857143,0.75,0.5,0.9,14,5.568322115334583,1,15,True,"{""Agder"": 0.9, ""Akershus"": 0.6, ""Buskerud"": 0.5, ""Finnmark Finnmárku Finmarkku"": 0.8, ""Hele landet"": 0.7, ""Innlandet"": 0.8, ""Møre og Romsdal"": 0.7, ""Nordland Nordlánnda"": 0.8, ""Oslo (fylke)"": 0.6, ""Rogaland"": 0.7, ""Telemark"": 1.4, ""Troms Romsa Tromssa"": 0.8, ""Trøndelag Trööndelage"": 0.5, ""Vestfold"": 0.8, ""Vestland"": 0.7, ""Østfold"": 0.8}"
sykehusinnlagte_sykdommer_og_skader,Alder = 0-74 år; Sykdomsgruppe = Forgiftninger,2025-01-01,Antall,1.5,0.7,0.7357142857142858,0.8,0.5,0.9,14,5.4878733905280095,1,15,True,"{""Agder"": 0.9, ""Akershus"": 0.6, ""Buskerud"": 0.6, ""Finnmark Finnmárku Finmarkku"": 0.8, ""Hele landet"": 0.7, ""Innlandet"": 0.8, ""Møre og Romsdal"": 0.7, ""Nordland Nordlánnda"": 0.9, ""Oslo (fylke)"": 0.5, ""Rogaland"": 0.8, ""Telemark"": 1.5, ""Troms Romsa Tromssa"": 0.8, ""Trøndelag Trööndelage"": 0.5, ""Vestfold"": 0.9, ""Vestland"": 0.7, ""Østfold"": 0.8}"
sykehusinnlagte_sykdommer_og_skader,Alder = 25-44 år; Sykdomsgruppe = Forgiftninger,2025-01-01,Antall,1.9,0.7,0.75,0.7,0.5,1.2,14,4.77195171589235,1,15,True,"{""Agder"": 1.0, ""Akershus"": 0.6, ""Buskerud"": 0.6, ""Finnmark Finnmárku Finmarkku"": 0.5, ""Hele landet"": 0.7, ""Innlandet"": 0.9, ""Møre og Romsdal"": 0.7, ""Nordland Nordlánnda"": 0.8, ""Oslo (fylke)"": 0.5, ""Rogaland"": 0.7, ""Telemark"": 1.9, ""Troms Romsa Tromssa"": 0.6, ""Trøndelag Trööndelage"": 0.5, ""Vestfold"": 1.2, ""Vestland"": 0.7, ""Østfold"": 1.2}"
sykehusinnlagte_sykdommer_og_skader,Alder = 0-44 år; Sykdomsgruppe = Forgiftninger,2025-01-01,Antall,1.6,0.8,0.8428571428571429,0.95,0.5,1.1,14,3.602346625221467,1,15,True,"{""Agder"": 1.0, ""Akershus"": 0.6, ""Buskerud"": 0.6, ""Finnmark Finnmárku Finmarkku"": 1.0, ""Hele landet"": 0.8, ""Innlandet"": 1.0, ""Møre og Romsdal"": 0.8, ""Nordland Nordlánnda"": 1.1, ""Oslo (fylke)"": 0.5, ""Rogaland"": 0.9, ""Telemark"": 1.6, ""Troms Romsa Tromssa"": 1.0, ""Trøndelag Trööndelage"": 0.5, ""Vestfold"": 1.0, ""Vestland"": 0.8, ""Østfold"": 1.0}"
vedvarende_lavinntekt_etter_innvandringskategori_kommunegrense,Alder = 0-17 år; Innvandringsbakgrunn = innvandrere,2023-01-01,Andel,0.542,0.431,0.42928571428571427,0.4285,0.366,0.498,14,3.42578023847487,1,15,True,"{""Agder"": 0.498, ""Akershus"": 0.41, ""Buskerud"": 0.366, ""Finnmark Finnmárku Finmarkku"": 0.417, ""Hele landet"": 0.431, ""Innlandet"": 0.465, ""Møre og Romsdal"": 0.433, ""Nordland Nordlánnda"": 0.446, ""Oslo (fylke)"": 0.431, ""Rogaland"": 0.385, ""Telemark"": 0.542, ""Troms Romsa Tromssa"": 0.417, ""Trøndelag Trööndelage"": 0.447, ""Vestfold"": 0.415, ""Vestland"": 0.426, ""Østfold"": 0.4539999999999999}"
sykehusinnlagte_sykdommer_og_skader,Alder = 25-44 år; Sykdomsgruppe = Hodeskader,2025-01-01,Antall,1.8,1.1,1.1428571428571428,1.1,0.8,1.5,14,2.8435597169058444,1,15,True,"{""Agder"": 1.1, ""Akershus"": 0.8, ""Buskerud"": 1.0, ""Finnmark Finnmárku Finmarkku"": 1.0, ""Hele landet"": 1.1, ""Innlandet"": 1.1, ""Møre og Romsdal"": 1.5, ""Nordland Nordlánnda"": 1.4, ""Oslo (fylke)"": 0.8, ""Rogaland"": 1.3, ""Telemark"": 1.8, ""Troms Romsa Tromssa"": 1.3, ""Trøndelag Trööndelage"": 1.0, ""Vestfold"": 1.5, ""Vestland"": 1.2, ""Østfold"": 1.0}"
vedvarende_lavinntekt_etter_innvandringskategori_kommunegrense,Alder = Alle aldre; Innvandringsbakgrunn = innvandrere,2023-01-01,Andel,0.278,0.237,0.23078571428571426,0.22649999999999995,0.203,0.268,14,2.786464426441694,1,15,True,"{""Agder"": 0.25, ""Akershus"": 0.217, ""Buskerud"": 0.203, ""Finnmark Finnmárku Finmarkku"": 0.213, ""Hele landet"": 0.237, ""Innlandet"": 0.245, ""Møre og Romsdal"": 0.223, ""Nordland Nordlánnda"": 0.2269999999999999, ""Oslo (fylke)"": 0.268, ""Rogaland"": 0.226, ""Telemark"": 0.278, ""Troms Romsa Tromssa"": 0.2269999999999999, ""Trøndelag Trööndelage"": 0.244, ""Vestfold"": 0.2239999999999999, ""Vestland"": 0.241, ""Østfold"": 0.223}"
sykehusinnlagte_sykdommer_og_skader,Alder = 45-74 år; Sykdomsgruppe = Hoftebrudd,2025-01-01,Antall,1.4,1.0,1.0444444444444445,1.1,0.9,1.3,9,2.666666666666665,1,10,True,"{""Agder"": 0.9, ""Akershus"": 0.9, ""Buskerud"": null, ""Finnmark Finnmárku Finmarkku"": null, ""Hele landet"": 1.0, ""Innlandet"": 1.3, ""Møre og Romsdal"": 1.1, ""Nordland Nordlánnda"": null, ""Oslo (fylke)"": 0.9, ""Rogaland"": 1.1, ""Telemark"": 1.4, ""Troms Romsa Tromssa"": null, ""Trøndelag Trööndelage"": 1.1, ""Vestfold"": null, ""Vestland"": 1.1, ""Østfold"": 1.0}"
sykehusinnlagte_sykdommer_og_skader,Alder = Alle aldre; Sykdomsgruppe = Hodeskader,2025-01-01,Antall,3.9,2.8,2.835714285714286,2.8,2.2,3.8,14,2.5345978852519053,1,15,True,"{""Agder"": 2.6, ""Akershus"": 2.7, ""Buskerud"": 3.2, ""Finnmark Finnmárku Finmarkku"": 3.0, ""Hele landet"": 2.8, ""Innlandet"": 2.9, ""Møre og Romsdal"": 2.9, ""Nordland Nordlánnda"": 2.9, ""Oslo (fylke)"": 2.7, ""Rogaland"": 2.6, ""Telemark"": 3.9, ""Troms Romsa Tromssa"": 3.3, ""Trøndelag Trööndelage"": 2.2, ""Vestfold"": 3.8, ""Vestland"": 2.7, ""Østfold"": 2.2}"
sykehusinnlagte_sykdommer_og_skader,Alder = 0-74 år; Sykdomsgruppe = Hodeskader,2025-01-01,Antall,2.8,1.9,1.9714285714285715,1.9,1.6,2.6,14,2.482170856563294,1,15,True,"{""Agder"": 2.0, ""Akershus"": 1.6, ""Buskerud"": 1.9, ""Finnmark Finnmárku Finmarkku"": 2.3, ""Hele landet"": 1.9, ""Innlandet"": 1.9, ""Møre og Romsdal"": 2.2, ""Nordland Nordlánnda"": 2.1, ""Oslo (fylke)"": 1.6, ""Rogaland"": 1.9, ""Telemark"": 2.8, ""Troms Romsa Tromssa"": 2.6, ""Trøndelag Trööndelage"": 1.6, ""Vestfold"": 2.5, ""Vestland"": 1.8, ""Østfold"": 1.6}"
hjerte_og_karsykdom_primaerhelsetjenesten_treaarige_tall,Alder = 75-79 år,2024-01-01,Antall,389.7,454.2,458.0642857142857,458.25,416.6,504.0,14,-2.4284960343492,15,15,True,"{""Agder"": 419.0, ""Akershus"": 464.2, ""Buskerud"": 504.0, ""Finnmark Finnmárku Finmarkku"": 460.0, ""Hele landet"": 454.2, ""Innlandet"": 478.8, ""Møre og Romsdal"": 429.1, ""Nordland Nordlánnda"": 446.2, ""Oslo (fylke)"": 416.6, ""Rogaland"": 477.4, ""Telemark"": 389.7, ""Troms Romsa Tromssa"": 456.5, ""Trøndelag Trööndelage"": 430.1, ""Vestfold"": 480.8, ""Vestland"": 450.2, ""Østfold"": 500.0}"
vedvarende_lavinntekt_etter_innvandringskategori_kommunegrense,Alder = 0-17 år; Innvandringsbakgrunn = øvrig befolkning,2023-01-01,Andel,0.06,0.05,0.05007142857142856,0.05,0.0409999999999999,0.0559999999999999,14,2.4193974531595996,1,15,True,"{""Agder"": 0.051, ""Akershus"": 0.052, ""Buskerud"": 0.053, ""Finnmark Finnmárku Finmarkku"": 0.055, ""Hele landet"": 0.05, ""Innlandet"": 0.049, ""Møre og Romsdal"": 0.046, ""Nordland Nordlánnda"": 0.046, ""Oslo (fylke)"": 0.055, ""Rogaland"": 0.05, ""Telemark"": 0.06, ""Troms Romsa Tromssa"": 0.049, ""Trøndelag Trööndelage"": 0.0409999999999999, ""Vestfold"": 0.0559999999999999, ""Vestland"": 0.05, ""Østfold"": 0.048}"
vedvarende_lavinntekt_etter_innvandringskategori_kommunegrense,Alder = Alle aldre; Innvandringsbakgrunn = norskfødt med innvandrerforeldre,2023-01-01,Andel,0.299,0.252,0.2365,0.23699999999999993,0.205,0.3,14,2.3525389561236936,2,15,True,"{""Agder"": 0.242, ""Akershus"": 0.208, ""Buskerud"": 0.212, ""Finnmark Finnmárku Finmarkku"": 0.21, ""Hele landet"": 0.252, ""Innlandet"": 0.258, ""Møre og Romsdal"": 0.205, ""Nordland Nordlánnda"": 0.2319999999999999, ""Oslo (fylke)"": 0.3, ""Rogaland"": 0.247, ""Telemark"": 0.299, ""Troms Romsa Tromssa"": 0.218, ""Trøndelag Trööndelage"": 0.223, ""Vestfold"": 0.244, ""Vestland"": 0.262, ""Østfold"": 0.25}"
doedsaarsaker_tiaarig,Dødsårsak = Diabetes,2024-01-01,Antall,16.6,13.0,12.778571428571428,12.4,9.5,16.4,14,2.262594076646651,1,15,True,"{""Agder"": 12.5, ""Akershus"": 12.2, ""Buskerud"": 13.7, ""Finnmark Finnmárku Finmarkku"": 11.3, ""Hele landet"": 13.0, ""Innlandet"": 16.4, ""Møre og Romsdal"": 12.3, ""Nordland Nordlánnda"": 14.4, ""Oslo (fylke)"": 12.3, ""Rogaland"": 9.5, ""Telemark"": 16.6, ""Troms Romsa Tromssa"": 10.9, ""Trøndelag Trööndelage"": 13.5, ""Vestfold"": 13.8, ""Vestland"": 12.2, ""Østfold"": 13.9}"
sykehusinnlagte_sykdommer_og_skader,Alder = 15-24 år; Sykdomsgruppe = Forgiftninger,2025-01-01,Antall,2.9,1.6,1.7214285714285715,1.75,1.0,2.6,14,2.2573920384662935,1,15,True,"{""Agder"": 1.8, ""Akershus"": 1.2, ""Buskerud"": 1.1, ""Finnmark Finnmárku Finmarkku"": 2.4, ""Hele landet"": 1.6, ""Innlandet"": 1.9, ""Møre og Romsdal"": 1.5, ""Nordland Nordlánnda"": 2.5, ""Oslo (fylke)"": 1.1, ""Rogaland"": 1.9, ""Telemark"": 2.9, ""Troms Romsa Tromssa"": 2.6, ""Trøndelag Trööndelage"": 1.0, ""Vestfold"": 1.6, ""Vestland"": 1.8, ""Østfold"": 1.7}"
sykehusinnlagte_sykdommer_og_skader,Alder = 65-74 år; Sykdomsgruppe = Hoftebrudd,2025-01-01,Antall,3.4,2.5,2.522222222222222,2.6,2.0,3.3,9,2.2518640573274675,1,10,True,"{""Agder"": 2.0, ""Akershus"": 2.1, ""Buskerud"": null, ""Finnmark Finnmárku Finmarkku"": null, ""Hele landet"": 2.5, ""Innlandet"": 3.3, ""Møre og Romsdal"": 2.6, ""Nordland Nordlánnda"": null, ""Oslo (fylke)"": 2.2, ""Rogaland"": 2.6, ""Telemark"": 3.4, ""Troms Romsa Tromssa"": null, ""Trøndelag Trööndelage"": 2.6, ""Vestfold"": null, ""Vestland"": 2.7, ""Østfold"": 2.6}"
sykehusinnlagte_sykdommer_og_skader,Alder = 0-44 år; Sykdomsgruppe = Hodeskader,2025-01-01,Antall,2.9,1.8,1.9785714285714286,1.9,1.4,2.9,14,2.21800949214497,2,15,True,"{""Agder"": 2.1, ""Akershus"": 1.4, ""Buskerud"": 1.9, ""Finnmark Finnmárku Finmarkku"": 2.2, ""Hele landet"": 1.8, ""Innlandet"": 1.9, ""Møre og Romsdal"": 2.5, ""Nordland Nordlánnda"": 2.1, ""Oslo (fylke)"": 1.4, ""Rogaland"": 1.9, ""Telemark"": 2.9, ""Troms Romsa Tromssa"": 2.9, ""Trøndelag Trööndelage"": 1.6, ""Vestfold"": 2.3, ""Vestland"": 1.8, ""Østfold"": 1.7}"
sykehusinnlagte_sykdommer_og_skader,Alder = 45-64 år; Sykdomsgruppe = Hodeskader,2025-01-01,Antall,2.1,1.4,1.5071428571428571,1.45,1.2,2.1,14,2.1939324927776935,2,15,True,"{""Agder"": 1.6, ""Akershus"": 1.2, ""Buskerud"": 1.2, ""Finnmark Finnmárku Finmarkku"": 1.9, ""Hele landet"": 1.4, ""Innlandet"": 1.4, ""Møre og Romsdal"": 1.5, ""Nordland Nordlánnda"": 1.5, ""Oslo (fylke)"": 1.4, ""Rogaland"": 1.6, ""Telemark"": 2.1, ""Troms Romsa Tromssa"": 1.8, ""Trøndelag Trööndelage"": 1.3, ""Vestfold"": 2.1, ""Vestland"": 1.3, ""Østfold"": 1.3}"
psykiske_symptomer_og_lidelser_primaerhelsetjenesten_ettaarige_tall,Alder = 0-24 år; Sykdomsgruppe = Psykiske lidelser,2024-01-01,Antall,55.6,65.7,67.58571428571429,67.94999999999999,55.4,74.5,14,-2.1809764082776897,14,15,True,"{""Agder"": 61.7, ""Akershus"": 62.7, ""Buskerud"": 71.8, ""Finnmark Finnmárku Finmarkku"": 72.8, ""Hele landet"": 65.7, ""Innlandet"": 63.2, ""Møre og Romsdal"": 74.5, ""Nordland Nordlánnda"": 72.4, ""Oslo (fylke)"": 55.4, ""Rogaland"": 68.3, ""Telemark"": 55.6, ""Troms Romsa Tromssa"": 65.9, ""Trøndelag Trööndelage"": 68.3, ""Vestfold"": 67.2, ""Vestland"": 67.6, ""Østfold"": 74.4}"
sykehusinnlagte_sykdommer_og_skader,Alder = 45-74 år; Sykdomsgruppe = Hodeskader,2025-01-01,Antall,2.7,1.9,1.9785714285714286,1.9,1.5,2.9,14,2.093638271938065,2,15,True,"{""Agder"": 1.8, ""Akershus"": 1.8, ""Buskerud"": 1.9, ""Finnmark Finnmárku Finmarkku"": 2.4, ""Hele landet"": 1.9, ""Innlandet"": 1.9, ""Møre og Romsdal"": 1.8, ""Nordland Nordlánnda"": 2.1, ""Oslo (fylke)"": 1.9, ""Rogaland"": 2.0, ""Telemark"": 2.7, ""Troms Romsa Tromssa"": 2.2, ""Trøndelag Trööndelage"": 1.7, ""Vestfold"": 2.9, ""Vestland"": 1.8, ""Østfold"": 1.5}"
hjerte_og_karsykdom_primaerhelsetjenesten_treaarige_tall,Alder = 45-74 år,2024-01-01,Antall,184.1,214.5,217.8,215.2,191.8,245.8,14,-2.0634471127272334,15,15,True,"{""Agder"": 196.6, ""Akershus"": 215.1, ""Buskerud"": 240.1, ""Finnmark Finnmárku Finmarkku"": 225.0, ""Hele landet"": 214.5, ""Innlandet"": 234.6, ""Møre og Romsdal"": 205.7, ""Nordland Nordlánnda"": 215.3, ""Oslo (fylke)"": 191.8, ""Rogaland"": 223.0, ""Telemark"": 184.1, ""Troms Romsa Tromssa"": 214.1, ""Trøndelag Trööndelage"": 200.9, ""Vestfold"": 231.2, ""Vestland"": 210.0, ""Østfold"": 245.8}"
sykehusinnlagte_sykdommer_og_skader,Alder = 45-64 år; Sykdomsgruppe = Hoftebrudd,2025-01-01,Antall,0.7,0.5,0.4642857142857143,0.5,0.3,0.7,14,2.0483920277206216,2,15,True,"{""Agder"": 0.5, ""Akershus"": 0.4, ""Buskerud"": 0.3, ""Finnmark Finnmárku Finmarkku"": 0.5, ""Hele landet"": 0.5, ""Innlandet"": 0.5, ""Møre og Romsdal"": 0.5, ""Nordland Nordlánnda"": 0.6, ""Oslo (fylke)"": 0.4, ""Rogaland"": 0.5, ""Telemark"": 0.7, ""Troms Romsa Tromssa"": 0.7, ""Trøndelag Trööndelage"": 0.5, ""Vestfold"": 0.3, ""Vestland"": 0.5, ""Østfold"": 0.3}"
psykiske_symptomer_og_lidelser_primaerhelsetjenesten_ettaarige_tall,Alder = 15-24 år; Sykdomsgruppe = Psykiske lidelser,2024-01-01,Antall,92.5,106.4,109.58571428571429,109.65,91.0,121.9,14,-2.0309856548718352,14,15,True,"{""Agder"": 100.0, ""Akershus"": 103.1, ""Buskerud"": 117.2, ""Finnmark Finnmárku Finmarkku"": 121.9, ""Hele landet"": 106.4, ""Innlandet"": 104.4, ""Møre og Romsdal"": 113.8, ""Nordland Nordlánnda"": 118.6, ""Oslo (fylke)"": 91.0, ""Rogaland"": 109.7, ""Telemark"": 92.5, ""Troms Romsa Tromssa"": 105.6, ""Trøndelag Trööndelage"": 109.6, ""Vestfold"": 114.3, ""Vestland"": 107.5, ""Østfold"": 117.5}"
sykehusinnlagte_sykdommer_og_skader,Alder = 75-79 år; Sykdomsgruppe = Hoftebrudd,2025-01-01,Antall,10.3,6.8,6.807142857142857,6.45,3.1,10.9,14,2.0000221970494825,2,15,True,"{""Agder"": 6.1, ""Akershus"": 6.5, ""Buskerud"": 5.4, ""Finnmark Finnmárku Finmarkku"": 10.9, ""Hele landet"": 6.8, ""Innlandet"": 7.3, ""Møre og Romsdal"": 7.1, ""Nordland Nordlánnda"": 8.5, ""Oslo (fylke)"": 6.4, ""Rogaland"": 6.9, ""Telemark"": 10.3, ""Troms Romsa Tromssa"": 6.0, ""Trøndelag Trööndelage"": 6.4, ""Vestfold"": 3.1, ""Vestland"": 6.4, ""Østfold"": 8.3}"
hjerte_og_karsykdom_primaerhelsetjenesten_treaarige_tall,Alder = 0-74 år,2024-01-01,Antall,86.4,99.5,101.25714285714285,100.4,88.1,113.8,14,-1.9740746247716052,15,15,True,"{""Agder"": 91.9, ""Akershus"": 99.5, ""Buskerud"": 111.0, ""Finnmark Finnmárku Finmarkku"": 106.0, ""Hele landet"": 99.5, ""Innlandet"": 108.3, ""Møre og Romsdal"": 96.0, ""Nordland Nordlánnda"": 100.9, ""Oslo (fylke)"": 88.1, ""Rogaland"": 103.5, ""Telemark"": 86.4, ""Troms Romsa Tromssa"": 99.9, ""Trøndelag Trööndelage"": 93.1, ""Vestfold"": 107.4, ""Vestland"": 98.2, ""Østfold"": 113.8}"
sykehusinnlagte_sykdommer_og_skader,Alder = 65-74 år; Sykdomsgruppe = Forgiftninger,2025-01-01,Antall,0.8,0.5,0.5333333333333333,0.5,0.3,0.8,12,1.9454938284556809,2,13,True,"{""Agder"": 0.7, ""Akershus"": 0.6, ""Buskerud"": 0.4, ""Finnmark Finnmárku Finmarkku"": null, ""Hele landet"": 0.5, ""Innlandet"": 0.5, ""Møre og Romsdal"": 0.4, ""Nordland Nordlánnda"": 0.6, ""Oslo (fylke)"": 0.6, ""Rogaland"": 0.5, ""Telemark"": 0.8, ""Troms Romsa Tromssa"": null, ""Trøndelag Trööndelage"": 0.3, ""Vestfold"": 0.8, ""Vestland"": 0.5, ""Østfold"": 0.5}"
psykiske_symptomer_og_lidelser_primaerhelsetjenesten_ettaarige_tall,Alder = 0-24 år; Sykdomsgruppe = Psykiske symptomer og lidelser,2024-01-01,Antall,119.6,129.9,132.56428571428572,133.89999999999998,118.5,143.0,14,-1.9427702406197007,14,15,True,"{""Agder"": 134.9, ""Akershus"": 126.3, ""Buskerud"": 134.7, ""Finnmark Finnmárku Finmarkku"": 132.9, ""Hele landet"": 129.9, ""Innlandet"": 123.9, ""Møre og Romsdal"": 137.1, ""Nordland Nordlánnda"": 140.5, ""Oslo (fylke)"": 118.5, ""Rogaland"": 129.6, ""Telemark"": 119.6, ""Troms Romsa Tromssa"": 136.5, ""Trøndelag Trööndelage"": 133.1, ""Vestfold"": 136.9, ""Vestland"": 128.0, ""Østfold"": 143.0}"
sykehusinnlagte_sykdommer_og_skader,Alder = 80 år+; Sykdomsgruppe = Forgiftninger,2025-01-01,Antall,0.5,0.7,0.76,0.75,0.6,0.9,10,-1.9260727134666997,11,11,True,"{""Agder"": 0.8, ""Akershus"": 0.9, ""Buskerud"": null, ""Finnmark Finnmárku Finmarkku"": null, ""Hele landet"": 0.7, ""Innlandet"": 0.7, ""Møre og Romsdal"": 0.7, ""Nordland Nordlánnda"": 0.6, ""Oslo (fylke)"": 0.9, ""Rogaland"": 0.6, ""Telemark"": 0.5, ""Troms Romsa Tromssa"": null, ""Trøndelag Trööndelage"": 0.6, ""Vestfold"": null, ""Vestland"": 0.9, ""Østfold"": 0.9}"
psykiske_symptomer_og_lidelser_primaerhelsetjenesten_ettaarige_tall,Alder = 0-14 år; Sykdomsgruppe = Psykiske lidelser,2024-01-01,Antall,27.2,34.4,35.27142857142857,35.9,27.9,44.3,14,-1.8969955002342336,15,15,True,"{""Agder"": 32.2, ""Akershus"": 31.8, ""Buskerud"": 36.9, ""Finnmark Finnmárku Finmarkku"": 34.7, ""Hele landet"": 34.4, ""Innlandet"": 31.4, ""Møre og Romsdal"": 44.3, ""Nordland Nordlánnda"": 36.8, ""Oslo (fylke)"": 27.9, ""Rogaland"": 36.4, ""Telemark"": 27.2, ""Troms Romsa Tromssa"": 35.4, ""Trøndelag Trööndelage"": 36.7, ""Vestfold"": 31.2, ""Vestland"": 36.9, ""Østfold"": 41.2}"
psykiske_symptomer_og_lidelser_primaerhelsetjenesten_ettaarige_tall,Alder = 75-79 år; Sykdomsgruppe = Psykiske lidelser,2024-01-01,Antall,63.8,72.7,73.95714285714286,73.95,67.6,83.2,14,-1.8946609317267242,15,15,True,"{""Agder"": 67.7, ""Akershus"": 67.6, ""Buskerud"": 81.0, ""Finnmark Finnmárku Finmarkku"": 83.2, ""Hele landet"": 72.7, ""Innlandet"": 79.3, ""Møre og Romsdal"": 75.2, ""Nordland Nordlánnda"": 68.0, ""Oslo (fylke)"": 76.0, ""Rogaland"": 74.9, ""Telemark"": 63.8, ""Troms Romsa Tromssa"": 69.4, ""Trøndelag Trööndelage"": 72.7, ""Vestfold"": 79.4, ""Vestland"": 68.0, ""Østfold"": 73.0}"
psykiske_symptomer_og_lidelser_primaerhelsetjenesten_ettaarige_tall,Alder = 0-14 år; Sykdomsgruppe = Psykiske symptomer og lidelser,2024-01-01,Antall,73.4,82.6,84.34285714285714,84.2,72.6,93.7,14,-1.8591550584790264,14,15,True,"{""Agder"": 86.6, ""Akershus"": 79.9, ""Buskerud"": 86.9, ""Finnmark Finnmárku Finmarkku"": 81.1, ""Hele landet"": 82.6, ""Innlandet"": 76.2, ""Møre og Romsdal"": 93.7, ""Nordland Nordlánnda"": 88.5, ""Oslo (fylke)"": 72.6, ""Rogaland"": 84.4, ""Telemark"": 73.4, ""Troms Romsa Tromssa"": 87.0, ""Trøndelag Trööndelage"": 84.0, ""Vestfold"": 84.0, ""Vestland"": 82.2, ""Østfold"": 93.7}"
sykehusinnlagte_sykdommer_og_skader,Alder = 0-14 år; Sykdomsgruppe = Hodeskader,2025-01-01,Antall,4.9,3.0,3.242857142857143,3.1,2.2,5.7,14,1.8118876114325437,2,15,True,"{""Agder"": 3.5, ""Akershus"": 2.6, ""Buskerud"": 3.7, ""Finnmark Finnmárku Finmarkku"": 3.0, ""Hele landet"": 3.0, ""Innlandet"": 3.2, ""Møre og Romsdal"": 4.4, ""Nordland Nordlánnda"": 3.2, ""Oslo (fylke)"": 2.5, ""Rogaland"": 2.2, ""Telemark"": 4.9, ""Troms Romsa Tromssa"": 5.7, ""Trøndelag Trööndelage"": 2.5, ""Vestfold"": 3.4, ""Vestland"": 2.9, ""Østfold"": 2.6}"
sykehusinnlagte_sykdommer_og_skader,Alder = 0-74 år; Sykdomsgruppe = Hoftebrudd,2025-01-01,Antall,0.6,0.4,0.4357142857142857,0.4,0.2,0.6,14,1.7688282596659581,2,15,True,"{""Agder"": 0.4, ""Akershus"": 0.4, ""Buskerud"": 0.4, ""Finnmark Finnmárku Finmarkku"": 0.4, ""Hele landet"": 0.4, ""Innlandet"": 0.5, ""Møre og Romsdal"": 0.5, ""Nordland Nordlánnda"": 0.6, ""Oslo (fylke)"": 0.4, ""Rogaland"": 0.4, ""Telemark"": 0.6, ""Troms Romsa Tromssa"": 0.5, ""Trøndelag Trööndelage"": 0.5, ""Vestfold"": 0.2, ""Vestland"": 0.5, ""Østfold"": 0.4}"
psykiske_symptomer_og_lidelser_primaerhelsetjenesten_ettaarige_tall,Alder = 15-24 år; Sykdomsgruppe = Psykiske symptomer og lidelser,2024-01-01,Antall,179.6,191.5,195.24285714285713,196.9,178.1,208.1,14,-1.7446067660056943,14,15,True,"{""Agder"": 197.7, ""Akershus"": 186.9, ""Buskerud"": 196.9, ""Finnmark Finnmárku Finmarkku"": 199.9, ""Hele landet"": 191.5, ""Innlandet"": 185.7, ""Møre og Romsdal"": 193.7, ""Nordland Nordlánnda"": 208.1, ""Oslo (fylke)"": 178.1, ""Rogaland"": 188.2, ""Telemark"": 179.6, ""Troms Romsa Tromssa"": 200.9, ""Trøndelag Trööndelage"": 196.9, ""Vestfold"": 205.8, ""Vestland"": 187.6, ""Østfold"": 207.0}"
vedvarende_lavinntekt_etter_innvandringskategori_kommunegrense,Alder = 0-17 år; Innvandringsbakgrunn = norskfødt med innvandrerforeldre,2023-01-01,Andel,0.319,0.276,0.25342857142857145,0.249,0.21,0.366,14,1.7190093102199004,2,15,True,"{""Agder"": 0.259, ""Akershus"": 0.236, ""Buskerud"": 0.24, ""Finnmark Finnmárku Finmarkku"": 0.217, ""Hele landet"": 0.276, ""Innlandet"": 0.27, ""Møre og Romsdal"": 0.21, ""Nordland Nordlánnda"": 0.242, ""Oslo (fylke)"": 0.366, ""Rogaland"": 0.256, ""Telemark"": 0.319, ""Troms Romsa Tromssa"": 0.223, ""Trøndelag Trööndelage"": 0.23, ""Vestfold"": 0.258, ""Vestland"": 0.267, ""Østfold"": 0.2739999999999999}"
sykehusinnlagte_sykdommer_og_skader,Alder = Alle aldre; Sykdomsgruppe = Hoftebrudd,2025-01-01,Antall,2.1,1.6,1.5857142857142856,1.6,0.7,1.9,14,1.6947402638404607,1,15,True,"{""Agder"": 1.5, ""Akershus"": 1.5, ""Buskerud"": 1.4, ""Finnmark Finnmárku Finmarkku"": 1.9, ""Hele landet"": 1.6, ""Innlandet"": 1.9, ""Møre og Romsdal"": 1.6, ""Nordland Nordlánnda"": 1.9, ""Oslo (fylke)"": 1.5, ""Rogaland"": 1.6, ""Telemark"": 2.1, ""Troms Romsa Tromssa"": 1.6, ""Trøndelag Trööndelage"": 1.7, ""Vestfold"": 0.7, ""Vestland"": 1.6, ""Østfold"": 1.8}"
doedsaarsaker_tiaarig,Dødsårsak = Hjerte-og karsykdommer,2024-01-01,Antall,222.0,192.2,194.45714285714286,191.85000000000002,176.4,234.3,14,1.6580389994472113,2,15,True,"{""Agder"": 183.8, ""Akershus"": 176.4, ""Buskerud"": 190.8, ""Finnmark Finnmárku Finmarkku"": 234.3, ""Hele landet"": 192.2, ""Innlandet"": 217.7, ""Møre og Romsdal"": 200.2, ""Nordland Nordlánnda"": 192.9, ""Oslo (fylke)"": 178.2, ""Rogaland"": 179.2, ""Telemark"": 222.0, ""Troms Romsa Tromssa"": 200.0, ""Trøndelag Trööndelage"": 198.1, ""Vestfold"": 181.5, ""Vestland"": 183.2, ""Østfold"": 206.1}"
sykehusinnlagte_sykdommer_og_skader,Alder = 80 år+; Sykdomsgruppe = Personskader,2025-01-01,Antall,63.0,55.7,55.128571428571426,56.05,46.8,65.9,14,1.6379992216401937,2,15,True,"{""Agder"": 46.8, ""Akershus"": 57.1, ""Buskerud"": 56.4, ""Finnmark Finnmárku Finmarkku"": 56.7, ""Hele landet"": 55.7, ""Innlandet"": 56.5, ""Møre og Romsdal"": 53.1, ""Nordland Nordlánnda"": 65.9, ""Oslo (fylke)"": 59.7, ""Rogaland"": 48.0, ""Telemark"": 63.0, ""Troms Romsa Tromssa"": 51.2, ""Trøndelag Trööndelage"": 52.9, ""Vestfold"": 54.0, ""Vestland"": 57.8, ""Østfold"": 55.7}"
sykehusinnlagte_sykdommer_og_skader,Alder = Alle aldre; Sykdomsgruppe = Personskader,2025-01-01,Antall,16.0,13.6,13.857142857142858,13.85,11.6,16.5,14,1.6126235720157396,2,15,True,"{""Agder"": 13.3, ""Akershus"": 12.5, ""Buskerud"": 12.8, ""Finnmark Finnmárku Finmarkku"": 15.1, ""Hele landet"": 13.6, ""Innlandet"": 14.0, ""Møre og Romsdal"": 14.8, ""Nordland Nordlánnda"": 16.5, ""Oslo (fylke)"": 12.2, ""Rogaland"": 11.6, ""Telemark"": 16.0, ""Troms Romsa Tromssa"": 15.1, ""Trøndelag Trööndelage"": 13.7, ""Vestfold"": 14.5, ""Vestland"": 14.4, ""Østfold"": 13.5}"
sykehusinnlagte_sykdommer_og_skader,Alder = 0-24 år; Sykdomsgruppe = Forgiftninger,2025-01-01,Antall,1.4,0.9,0.9428571428571428,0.9,0.6,1.4,14,1.5756445428698596,4,15,True,"{""Agder"": 0.9, ""Akershus"": 0.6, ""Buskerud"": 0.7, ""Finnmark Finnmárku Finmarkku"": 1.4, ""Hele landet"": 0.9, ""Innlandet"": 1.1, ""Møre og Romsdal"": 0.9, ""Nordland Nordlánnda"": 1.4, ""Oslo (fylke)"": 0.6, ""Rogaland"": 1.0, ""Telemark"": 1.4, ""Troms Romsa Tromssa"": 1.4, ""Trøndelag Trööndelage"": 0.6, ""Vestfold"": 0.9, ""Vestland"": 0.9, ""Østfold"": 0.8}"
sykehusinnlagte_sykdommer_og_skader,Alder = 0-24 år; Sykdomsgruppe = Hodeskader,2025-01-01,Antall,3.9,2.6,2.807142857142857,2.8,2.0,4.6,14,1.5564323727380536,2,15,True,"{""Agder"": 3.0, ""Akershus"": 2.1, ""Buskerud"": 2.8, ""Finnmark Finnmárku Finmarkku"": 3.3, ""Hele landet"": 2.6, ""Innlandet"": 2.8, ""Møre og Romsdal"": 3.6, ""Nordland Nordlánnda"": 2.9, ""Oslo (fylke)"": 2.0, ""Rogaland"": 2.4, ""Telemark"": 3.9, ""Troms Romsa Tromssa"": 4.6, ""Trøndelag Trööndelage"": 2.1, ""Vestfold"": 3.0, ""Vestland"": 2.4, ""Østfold"": 2.3}"
sykehusinnlagte_sykdommer_og_skader,Alder = 75 år+; Sykdomsgruppe = Personskader,2025-01-01,Antall,48.8,43.0,42.778571428571425,43.0,35.5,51.1,14,1.5239199935250891,2,15,True,"{""Agder"": 35.5, ""Akershus"": 43.9, ""Buskerud"": 42.4, ""Finnmark Finnmárku Finmarkku"": 46.8, ""Hele landet"": 43.0, ""Innlandet"": 43.6, ""Møre og Romsdal"": 42.2, ""Nordland Nordlánnda"": 51.1, ""Oslo (fylke)"": 44.9, ""Rogaland"": 36.4, ""Telemark"": 48.8, ""Troms Romsa Tromssa"": 41.2, ""Trøndelag Trööndelage"": 40.8, ""Vestfold"": 41.0, ""Vestland"": 45.3, ""Østfold"": 43.8}"
hoftebrudd,Totalt,2025-01-01,Antall,15.6,13.5,13.5,13.1,10.7,15.7,14,1.5053265111391414,2,15,True,"{""Agder"": 13.0, ""Akershus"": 13.0, ""Buskerud"": 12.0, ""Finnmark Finnmárku Finmarkku"": 15.7, ""Hele landet"": 13.5, ""Innlandet"": 14.5, ""Møre og Romsdal"": 13.5, ""Nordland Nordlánnda"": 15.2, ""Oslo (fylke)"": 12.8, ""Rogaland"": 12.8, ""Telemark"": 15.6, ""Troms Romsa Tromssa"": 12.8, ""Trøndelag Trööndelage"": 14.4, ""Vestfold"": 10.7, ""Vestland"": 13.2, ""Østfold"": 15.4}"
doedsaarsaker_tiaarig,Dødsårsak = KOLS,2024-01-01,Antall,50.2,39.1,40.378571428571426,40.400000000000006,31.3,54.3,14,1.4742534133139686,2,15,True,"{""Agder"": 46.7, ""Akershus"": 32.8, ""Buskerud"": 41.7, ""Finnmark Finnmárku Finmarkku"": 54.3, ""Hele landet"": 39.1, ""Innlandet"": 47.5, ""Møre og Romsdal"": 31.3, ""Nordland Nordlánnda"": 39.2, ""Oslo (fylke)"": 33.6, ""Rogaland"": 39.1, ""Telemark"": 50.2, ""Troms Romsa Tromssa"": 41.6, ""Trøndelag Trööndelage"": 36.1, ""Vestfold"": 42.9, ""Vestland"": 33.2, ""Østfold"": 45.3}"
sykehusinnlagte_sykdommer_og_skader,Alder = 45-74 år; Sykdomsgruppe = Personskader,2025-01-01,Antall,14.7,12.5,12.664285714285715,12.8,11.0,15.6,14,1.4729276044842154,2,15,True,"{""Agder"": 11.7, ""Akershus"": 11.0, ""Buskerud"": 11.3, ""Finnmark Finnmárku Finmarkku"": 13.9, ""Hele landet"": 12.5, ""Innlandet"": 12.4, ""Møre og Romsdal"": 13.3, ""Nordland Nordlánnda"": 15.6, ""Oslo (fylke)"": 11.2, ""Rogaland"": 11.0, ""Telemark"": 14.7, ""Troms Romsa Tromssa"": 13.8, ""Trøndelag Trööndelage"": 13.2, ""Vestfold"": 13.2, ""Vestland"": 13.8, ""Østfold"": 11.9}"
sykehusinnlagte_sykdommer_og_skader,Alder = 75 år+; Sykdomsgruppe = Hoftebrudd,2025-01-01,Antall,16.3,12.8,12.735714285714286,12.649999999999999,5.8,16.0,14,1.464036234473317,1,15,True,"{""Agder"": 12.0, ""Akershus"": 12.4, ""Buskerud"": 10.9, ""Finnmark Finnmárku Finmarkku"": 16.0, ""Hele landet"": 12.8, ""Innlandet"": 14.5, ""Møre og Romsdal"": 12.5, ""Nordland Nordlánnda"": 14.9, ""Oslo (fylke)"": 12.6, ""Rogaland"": 12.7, ""Telemark"": 16.3, ""Troms Romsa Tromssa"": 12.5, ""Trøndelag Trööndelage"": 13.6, ""Vestfold"": 5.8, ""Vestland"": 12.8, ""Østfold"": 15.1}"
psykiske_symptomer_og_lidelser_primaerhelsetjenesten_ettaarige_tall,Alder = 0-14 år; Sykdomsgruppe = Psykiske symptomer,2024-01-01,Antall,53.6,58.1,59.24285714285714,59.6,52.7,65.0,14,-1.4489239583364262,14,15,True,"{""Agder"": 65.0, ""Akershus"": 57.6, ""Buskerud"": 61.0, ""Finnmark Finnmárku Finmarkku"": 55.6, ""Hele landet"": 58.1, ""Innlandet"": 54.0, ""Møre og Romsdal"": 61.8, ""Nordland Nordlánnda"": 61.7, ""Oslo (fylke)"": 52.7, ""Rogaland"": 58.2, ""Telemark"": 53.6, ""Troms Romsa Tromssa"": 62.0, ""Trøndelag Trööndelage"": 57.4, ""Vestfold"": 62.9, ""Vestland"": 55.5, ""Østfold"": 64.0}"
sykehusinnlagte_sykdommer_og_skader,Alder = 0-14 år; Sykdomsgruppe = Hjerte og karsykdom,2025-01-01,Antall,0.9,0.6,0.6076923076923078,0.5,0.3,1.0,13,1.418971094900015,3,14,False,"{""Agder"": 0.5, ""Akershus"": 0.5, ""Buskerud"": 0.5, ""Finnmark Finnmárku Finmarkku"": null, ""Hele landet"": 0.6, ""Innlandet"": 0.6, ""Møre og Romsdal"": 0.8, ""Nordland Nordlánnda"": 0.8, ""Oslo (fylke)"": 0.3, ""Rogaland"": 0.5, ""Telemark"": 0.9, ""Troms Romsa Tromssa"": 0.9, ""Trøndelag Trööndelage"": 0.4, ""Vestfold"": 0.6, ""Vestland"": 0.5, ""Østfold"": 1.0}"
sykehusinnlagte_sykdommer_og_skader,Alder = 75-79 år; Sykdomsgruppe = Hodeskader,2025-01-01,Antall,7.3,6.0,5.928571428571429,5.8,4.6,7.5,14,1.4117177370823435,3,15,False,"{""Agder"": 4.6, ""Akershus"": 6.7, ""Buskerud"": 7.3, ""Finnmark Finnmárku Finmarkku"": 5.0, ""Hele landet"": 6.0, ""Innlandet"": 6.4, ""Møre og Romsdal"": 5.8, ""Nordland Nordlánnda"": 6.6, ""Oslo (fylke)"": 6.8, ""Rogaland"": 4.7, ""Telemark"": 7.3, ""Troms Romsa Tromssa"": 5.7, ""Trøndelag Trööndelage"": 4.8, ""Vestfold"": 7.5, ""Vestland"": 5.3, ""Østfold"": 5.8}"
sykehusinnlagte_sykdommer_og_skader,Alder = 80 år+; Sykdomsgruppe = Hjerte og karsykdom,2025-01-01,Antall,77.0,85.9,85.56428571428572,85.44999999999999,74.9,94.8,14,-1.4003641726556213,13,15,False,"{""Agder"": 74.9, ""Akershus"": 84.2, ""Buskerud"": 88.0, ""Finnmark Finnmárku Finmarkku"": 85.1, ""Hele landet"": 85.9, ""Innlandet"": 84.2, ""Møre og Romsdal"": 89.0, ""Nordland Nordlánnda"": 94.5, ""Oslo (fylke)"": 92.8, ""Rogaland"": 78.2, ""Telemark"": 77.0, ""Troms Romsa Tromssa"": 83.6, ""Trøndelag Trööndelage"": 85.9, ""Vestfold"": 76.9, ""Vestland"": 94.8, ""Østfold"": 85.8}"
skader_sykehusinnlagte_somatikk_treaarige_tall,Totalt,2025-01-01,Antall,16.0,13.6,13.957142857142857,14.05,11.8,16.9,14,1.39661183462919,2,15,True,"{""Agder"": 13.8, ""Akershus"": 11.9, ""Buskerud"": 12.8, ""Finnmark Finnmárku Finmarkku"": 15.3, ""Hele landet"": 13.6, ""Innlandet"": 13.4, ""Møre og Romsdal"": 14.7, ""Nordland Nordlánnda"": 16.9, ""Oslo (fylke)"": 12.1, ""Rogaland"": 11.8, ""Telemark"": 16.0, ""Troms Romsa Tromssa"": 14.7, ""Trøndelag Trööndelage"": 14.1, ""Vestfold"": 15.3, ""Vestland"": 14.6, ""Østfold"": 14.0}"
sykehusinnlagte_sykdommer_og_skader,Alder = 65-74 år; Sykdomsgruppe = Personskader,2025-01-01,Antall,20.3,17.4,17.428571428571427,17.2,14.1,22.8,14,1.3964084507939811,2,15,True,"{""Agder"": 14.1, ""Akershus"": 15.8, ""Buskerud"": 16.9, ""Finnmark Finnmárku Finmarkku"": 18.0, ""Hele landet"": 17.4, ""Innlandet"": 17.0, ""Møre og Romsdal"": 18.5, ""Nordland Nordlánnda"": 22.8, ""Oslo (fylke)"": 16.3, ""Rogaland"": 15.6, ""Telemark"": 20.3, ""Troms Romsa Tromssa"": 18.2, ""Trøndelag Trööndelage"": 17.4, ""Vestfold"": 17.7, ""Vestland"": 19.4, ""Østfold"": 16.3}"
sykehusinnlagte_sykdommer_og_skader,Alder = 65-74 år; Sykdomsgruppe = Hodeskader,2025-01-01,Antall,4.1,3.2,3.157142857142857,3.1,2.1,4.9,14,1.3770704724873388,2,15,True,"{""Agder"": 2.4, ""Akershus"": 3.2, ""Buskerud"": 3.6, ""Finnmark Finnmárku Finmarkku"": 3.7, ""Hele landet"": 3.2, ""Innlandet"": 3.0, ""Møre og Romsdal"": 2.6, ""Nordland Nordlánnda"": 3.5, ""Oslo (fylke)"": 3.4, ""Rogaland"": 3.2, ""Telemark"": 4.1, ""Troms Romsa Tromssa"": 3.0, ""Trøndelag Trööndelage"": 2.6, ""Vestfold"": 4.9, ""Vestland"": 3.0, ""Østfold"": 2.1}"
sykehusinnlagte_sykdommer_og_skader,Alder = 25-44 år; Sykdomsgruppe = Personskader,2025-01-01,Antall,9.4,7.6,7.942857142857143,7.9,6.2,9.8,14,1.3714984544945386,2,15,True,"{""Agder"": 8.6, ""Akershus"": 6.8, ""Buskerud"": 6.8, ""Finnmark Finnmárku Finmarkku"": 7.8, ""Hele landet"": 7.6, ""Innlandet"": 8.0, ""Møre og Romsdal"": 9.8, ""Nordland Nordlánnda"": 9.3, ""Oslo (fylke)"": 6.2, ""Rogaland"": 6.8, ""Telemark"": 9.4, ""Troms Romsa Tromssa"": 8.8, ""Trøndelag Trööndelage"": 7.5, ""Vestfold"": 8.9, ""Vestland"": 8.2, ""Østfold"": 7.7}"
sykehusinnlagte_sykdommer_og_skader,Alder = 0-74 år; Sykdomsgruppe = KOLS,2025-01-01,Antall,0.8,0.6,0.6428571428571428,0.7,0.4,0.8,14,1.357173671534805,3,15,False,"{""Agder"": 0.5, ""Akershus"": 0.5, ""Buskerud"": 0.7, ""Finnmark Finnmárku Finmarkku"": 0.8, ""Hele landet"": 0.6, ""Innlandet"": 0.7, ""Møre og Romsdal"": 0.6, ""Nordland Nordlánnda"": 0.7, ""Oslo (fylke)"": 0.6, ""Rogaland"": 0.7, ""Telemark"": 0.8, ""Troms Romsa Tromssa"": 0.4, ""Trøndelag Trööndelage"": 0.7, ""Vestfold"": 0.6, ""Vestland"": 0.7, ""Østfold"": 0.8}"
psykiske_symptomer_og_lidelser_primaerhelsetjenesten_ettaarige_tall,Alder = 0-74 år; Sykdomsgruppe = Psykiske lidelser,2024-01-01,Antall,78.8,86.2,88.80714285714285,87.0,80.1,100.7,14,-1.342536770729945,15,15,True,"{""Agder"": 89.6, ""Akershus"": 82.6, ""Buskerud"": 96.0, ""Finnmark Finnmárku Finmarkku"": 100.7, ""Hele landet"": 86.2, ""Innlandet"": 93.3, ""Møre og Romsdal"": 85.8, ""Nordland Nordlánnda"": 88.2, ""Oslo (fylke)"": 81.6, ""Rogaland"": 83.9, ""Telemark"": 78.8, ""Troms Romsa Tromssa"": 80.1, ""Trøndelag Trööndelage"": 81.3, ""Vestfold"": 98.4, ""Vestland"": 82.2, ""Østfold"": 99.6}"
kreft_nye_tilfeller_tiaarige_tall,Krefttyper = Hudkreft,2025-01-01,Antall,128.2,100.6,94.42142857142856,95.05,48.1,130.8,14,1.33807915951988,2,15,True,"{""Agder"": 130.8, ""Akershus"": 106.8, ""Buskerud"": 96.1, ""Finnmark Finnmárku Finmarkku"": 48.1, ""Hele landet"": 100.6, ""Innlandet"": 77.6, ""Møre og Romsdal"": 64.3, ""Nordland Nordlánnda"": 66.9, ""Oslo (fylke)"": 94.0, ""Rogaland"": 120.1, ""Telemark"": 128.2, ""Troms Romsa Tromssa"": 72.3, ""Trøndelag Trööndelage"": 94.0, ""Vestfold"": 121.6, ""Vestland"": 116.3, ""Østfold"": 113.0}"
sykehusinnlagte_sykdommer_og_skader,Alder = 45-64 år; Sykdomsgruppe = Personskader,2025-01-01,Antall,12.5,10.5,10.8,11.0,9.1,12.8,14,1.3337475682293005,2,15,True,"{""Agder"": 10.7, ""Akershus"": 9.1, ""Buskerud"": 9.1, ""Finnmark Finnmárku Finmarkku"": 12.3, ""Hele landet"": 10.5, ""Innlandet"": 10.6, ""Møre og Romsdal"": 11.3, ""Nordland Nordlánnda"": 12.8, ""Oslo (fylke)"": 9.2, ""Rogaland"": 9.2, ""Telemark"": 12.5, ""Troms Romsa Tromssa"": 12.1, ""Trøndelag Trööndelage"": 11.5, ""Vestfold"": 11.5, ""Vestland"": 11.6, ""Østfold"": 10.2}"
sykehusinnlagte_sykdommer_og_skader,Alder = 45-64 år; Sykdomsgruppe = KOLS,2025-01-01,Antall,1.0,0.7,0.7142857142857143,0.7,0.4,1.2,14,1.3331054715298523,3,15,False,"{""Agder"": 0.7, ""Akershus"": 0.4, ""Buskerud"": 0.7, ""Finnmark Finnmárku Finmarkku"": 1.2, ""Hele landet"": 0.7, ""Innlandet"": 0.8, ""Møre og Romsdal"": 0.6, ""Nordland Nordlánnda"": 0.7, ""Oslo (fylke)"": 0.6, ""Rogaland"": 0.8, ""Telemark"": 1.0, ""Troms Romsa Tromssa"": 0.5, ""Trøndelag Trööndelage"": 0.6, ""Vestfold"": 0.5, ""Vestland"": 0.9, ""Østfold"": 1.0}"
sykehusinnlagte_sykdommer_og_skader,Alder = 0-74 år; Sykdomsgruppe = Personskader,2025-01-01,Antall,12.5,10.5,10.857142857142858,10.95,8.9,12.9,14,1.2812257877372086,2,15,True,"{""Agder"": 11.0, ""Akershus"": 9.3, ""Buskerud"": 9.6, ""Finnmark Finnmárku Finmarkku"": 11.8, ""Hele landet"": 10.5, ""Innlandet"": 10.9, ""Møre og Romsdal"": 12.0, ""Nordland Nordlánnda"": 12.9, ""Oslo (fylke)"": 8.9, ""Rogaland"": 9.0, ""Telemark"": 12.5, ""Troms Romsa Tromssa"": 12.4, ""Trøndelag Trööndelage"": 10.9, ""Vestfold"": 11.8, ""Vestland"": 11.2, ""Østfold"": 10.3}"
sykehusinnlagte_sykdommer_og_skader,Alder = 75 år+; Sykdomsgruppe = Hodeskader,2025-01-01,Antall,14.7,11.4,11.07857142857143,10.100000000000001,7.5,16.2,14,1.2766690895600776,4,15,False,"{""Agder"": 8.8, ""Akershus"": 13.6, ""Buskerud"": 15.3, ""Finnmark Finnmárku Finmarkku"": 9.8, ""Hele landet"": 11.4, ""Innlandet"": 12.0, ""Møre og Romsdal"": 9.8, ""Nordland Nordlánnda"": 10.4, ""Oslo (fylke)"": 14.7, ""Rogaland"": 8.3, ""Telemark"": 14.7, ""Troms Romsa Tromssa"": 9.5, ""Trøndelag Trööndelage"": 7.5, ""Vestfold"": 16.2, ""Vestland"": 11.0, ""Østfold"": 8.2}"
sykehusinnlagte_sykdommer_og_skader,Alder = 75 år+; Sykdomsgruppe = Hjerte og karsykdom,2025-01-01,Antall,68.1,74.4,74.40714285714286,75.45,65.7,82.2,14,-1.265819259377208,13,15,False,"{""Agder"": 65.7, ""Akershus"": 72.4, ""Buskerud"": 75.9, ""Finnmark Finnmárku Finmarkku"": 76.3, ""Hele landet"": 74.4, ""Innlandet"": 72.1, ""Møre og Romsdal"": 75.7, ""Nordland Nordlánnda"": 82.2, ""Oslo (fylke)"": 78.3, ""Rogaland"": 69.0, ""Telemark"": 68.1, ""Troms Romsa Tromssa"": 74.4, ""Trøndelag Trööndelage"": 75.2, ""Vestfold"": 66.3, ""Vestland"": 81.8, ""Østfold"": 76.4}"
psykiske_symptomer_og_lidelser_primaerhelsetjenesten_ettaarige_tall,Alder = 0-44 år; Sykdomsgruppe = Psykiske lidelser,2024-01-01,Antall,85.7,92.1,95.9,96.05000000000001,82.1,110.9,14,-1.2528493196293258,14,15,True,"{""Agder"": 95.2, ""Akershus"": 87.3, ""Buskerud"": 100.6, ""Finnmark Finnmárku Finmarkku"": 110.9, ""Hele landet"": 92.1, ""Innlandet"": 97.6, ""Møre og Romsdal"": 96.9, ""Nordland Nordlánnda"": 99.0, ""Oslo (fylke)"": 82.1, ""Rogaland"": 90.0, ""Telemark"": 85.7, ""Troms Romsa Tromssa"": 90.0, ""Trøndelag Trööndelage"": 90.9, ""Vestfold"": 104.6, ""Vestland"": 90.1, ""Østfold"": 107.4}"
sykehusinnlagte_sykdommer_og_skader,Alder = 80 år+; Sykdomsgruppe = Hodeskader,2025-01-01,Antall,20.6,15.7,15.17142857142857,13.5,9.7,23.2,14,1.220766887167094,4,15,False,"{""Agder"": 12.1, ""Akershus"": 19.1, ""Buskerud"": 21.7, ""Finnmark Finnmárku Finmarkku"": 13.6, ""Hele landet"": 15.7, ""Innlandet"": 16.5, ""Møre og Romsdal"": 12.9, ""Nordland Nordlánnda"": 13.4, ""Oslo (fylke)"": 21.0, ""Rogaland"": 11.2, ""Telemark"": 20.6, ""Troms Romsa Tromssa"": 12.5, ""Trøndelag Trööndelage"": 9.7, ""Vestfold"": 23.2, ""Vestland"": 15.4, ""Østfold"": 10.1}"
mobbing_7_trinn_treaarig,Totalt,2025-01-01,Andel,0.089,0.1009999999999999,0.105,0.1025,0.088,0.135,14,-1.2194433163486158,14,15,True,"{""Agder"": 0.102, ""Akershus"": 0.094, ""Buskerud"": 0.106, ""Finnmark Finnmárku Finmarkku"": 0.135, ""Hele landet"": 0.1009999999999999, ""Innlandet"": 0.102, ""Møre og Romsdal"": 0.094, ""Nordland Nordlánnda"": 0.11, ""Oslo (fylke)"": 0.103, ""Rogaland"": 0.093, ""Telemark"": 0.089, ""Troms Romsa Tromssa"": 0.126, ""Trøndelag Trööndelage"": 0.1119999999999999, ""Vestfold"": 0.088, ""Vestland"": 0.095, ""Østfold"": 0.11}"
regneferdighet_treaarig_5_og_8_trinn,Klassetrinn = 8. trinn,2025-01-01,Andel,0.16,0.133,0.138,0.1355,0.1,0.174,14,1.2024026192684083,2,15,True,"{""Agder"": 0.136, ""Akershus"": 0.122, ""Buskerud"": 0.132, ""Finnmark Finnmárku Finmarkku"": 0.174, ""Hele landet"": 0.133, ""Innlandet"": 0.158, ""Møre og Romsdal"": 0.135, ""Nordland Nordlánnda"": 0.14, ""Oslo (fylke)"": 0.1, ""Rogaland"": 0.12, ""Telemark"": 0.16, ""Troms Romsa Tromssa"": 0.135, ""Trøndelag Trööndelage"": 0.148, ""Vestfold"": 0.148, ""Vestland"": 0.129, ""Østfold"": 0.155}"
kreft_nye_tilfeller_tiaarige_tall,Krefttyper = Føflekkreft (malignt melanom),2025-01-01,Antall,56.4,47.0,44.107142857142854,46.7,23.6,56.5,14,1.2002364082968058,2,15,True,"{""Agder"": 56.5, ""Akershus"": 52.0, ""Buskerud"": 41.5, ""Finnmark Finnmárku Finmarkku"": 23.6, ""Hele landet"": 47.0, ""Innlandet"": 40.5, ""Møre og Romsdal"": 32.5, ""Nordland Nordlánnda"": 30.8, ""Oslo (fylke)"": 44.1, ""Rogaland"": 51.6, ""Telemark"": 56.4, ""Troms Romsa Tromssa"": 36.1, ""Trøndelag Trööndelage"": 51.3, ""Vestfold"": 55.7, ""Vestland"": 52.0, ""Østfold"": 49.3}"
grunnskolepoeng_etter_foreldrenes_utdanningsnivaa,Foreldrenes utdanningsnivå = grunnskole,2025-01-01,Gjennomsnittlige grunnskolepoeng,35.0,35.8,35.707142857142856,35.6,34.8,37.3,14,-1.1824579816586123,14,15,True,"{""Agder"": 35.5, ""Akershus"": 35.4, ""Buskerud"": 35.6, ""Finnmark - Finnmárku - Finmarkku"": 35.5, ""Hele landet"": 35.8, ""Innlandet"": 35.8, ""Møre og Romsdal"": 35.4, ""Nordland - Nordlánnda"": 35.6, ""Oslo - Oslove (fylke)"": 37.3, ""Rogaland"": 36.1, ""Telemark"": 35.0, ""Troms - Romsa - Tromssa"": 36.2, ""Trøndelag - Trööndelage"": 34.8, ""Vestfold"": 35.0, ""Vestland"": 35.7, ""Østfold"": 36.0}"
hjerte_og_karsykdom_primaerhelsetjenesten_treaarige_tall,Alder = 0-44 år,2024-01-01,Antall,23.3,24.7,25.67142857142857,25.9,21.2,29.1,14,-1.1553565150234126,13,15,False,"{""Agder"": 23.9, ""Akershus"": 24.5, ""Buskerud"": 27.1, ""Finnmark Finnmárku Finmarkku"": 29.1, ""Hele landet"": 24.7, ""Innlandet"": 26.0, ""Møre og Romsdal"": 24.9, ""Nordland Nordlánnda"": 27.1, ""Oslo (fylke)"": 21.2, ""Rogaland"": 26.0, ""Telemark"": 23.3, ""Troms Romsa Tromssa"": 25.8, ""Trøndelag Trööndelage"": 23.2, ""Vestfold"": 27.1, ""Vestland"": 25.5, ""Østfold"": 28.0}"
psykiske_symptomer_og_lidelser_primaerhelsetjenesten_ettaarige_tall,Alder = 0-24 år; Sykdomsgruppe = Psykiske symptomer,2024-01-01,Antall,83.9,88.3,89.97142857142858,88.94999999999999,83.1,98.5,14,-1.152008529558904,13,15,False,"{""Agder"": 98.5, ""Akershus"": 87.2, ""Buskerud"": 89.1, ""Finnmark Finnmárku Finmarkku"": 87.3, ""Hele landet"": 88.3, ""Innlandet"": 84.1, ""Møre og Romsdal"": 88.8, ""Nordland Nordlánnda"": 94.6, ""Oslo (fylke)"": 83.1, ""Rogaland"": 85.7, ""Telemark"": 83.9, ""Troms Romsa Tromssa"": 96.8, ""Trøndelag Trööndelage"": 89.5, ""Vestfold"": 96.1, ""Vestland"": 83.7, ""Østfold"": 95.1}"
sykehusinnlagte_sykdommer_og_skader,Alder = Alle aldre; Sykdomsgruppe = KOLS,2025-01-01,Antall,1.6,1.4,1.4,1.45,1.1,1.6,14,1.140175425099139,4,15,False,"{""Agder"": 1.2, ""Akershus"": 1.1, ""Buskerud"": 1.5, ""Finnmark Finnmárku Finmarkku"": 1.4, ""Hele landet"": 1.4, ""Innlandet"": 1.5, ""Møre og Romsdal"": 1.3, ""Nordland Nordlánnda"": 1.5, ""Oslo (fylke)"": 1.3, ""Rogaland"": 1.6, ""Telemark"": 1.6, ""Troms Romsa Tromssa"": 1.1, ""Trøndelag Trööndelage"": 1.6, ""Vestfold"": 1.4, ""Vestland"": 1.5, ""Østfold"": 1.6}"
vedvarende_lavinntekt_etter_innvandringskategori_kommunegrense,Alder = 0-17 år; Innvandringsbakgrunn = total,2023-01-01,Andel,0.122,0.102,0.09757142857142856,0.0945,0.076,0.159,14,1.1341216787163535,2,15,True,"{""Agder"": 0.098, ""Akershus"": 0.105, ""Buskerud"": 0.108, ""Finnmark Finnmárku Finmarkku"": 0.087, ""Hele landet"": 0.102, ""Innlandet"": 0.093, ""Møre og Romsdal"": 0.08, ""Nordland Nordlánnda"": 0.077, ""Oslo (fylke)"": 0.159, ""Rogaland"": 0.096, ""Telemark"": 0.122, ""Troms Romsa Tromssa"": 0.079, ""Trøndelag Trööndelage"": 0.076, ""Vestfold"": 0.102, ""Vestland"": 0.09, ""Østfold"": 0.1159999999999999}"
sykehusinnlagte_sykdommer_og_skader,Alder = 80 år+; Sykdomsgruppe = Hoftebrudd,2025-01-01,Antall,21.0,17.7,17.47142857142857,17.65,7.9,20.5,14,1.1157954762280533,1,15,True,"{""Agder"": 16.8, ""Akershus"": 17.0, ""Buskerud"": 15.4, ""Finnmark Finnmárku Finmarkku"": 19.8, ""Hele landet"": 17.7, ""Innlandet"": 20.3, ""Møre og Romsdal"": 16.9, ""Nordland Nordlánnda"": 20.1, ""Oslo (fylke)"": 17.6, ""Rogaland"": 17.4, ""Telemark"": 21.0, ""Troms Romsa Tromssa"": 17.7, ""Trøndelag Trööndelage"": 19.3, ""Vestfold"": 7.9, ""Vestland"": 17.9, ""Østfold"": 20.5}"
psykiske_symptomer_og_lidelser_primaerhelsetjenesten_ettaarige_tall,Alder = 45-74 år; Sykdomsgruppe = Psykiske lidelser,2024-01-01,Antall,68.6,77.3,78.17857142857143,78.05,64.9,88.8,14,-1.0979911768297017,13,15,False,"{""Agder"": 80.8, ""Akershus"": 75.3, ""Buskerud"": 88.7, ""Finnmark Finnmárku Finmarkku"": 85.3, ""Hele landet"": 77.3, ""Innlandet"": 86.1, ""Møre og Romsdal"": 69.4, ""Nordland Nordlánnda"": 72.5, ""Oslo (fylke)"": 84.0, ""Rogaland"": 74.6, ""Telemark"": 68.6, ""Troms Romsa Tromssa"": 64.9, ""Trøndelag Trööndelage"": 66.2, ""Vestfold"": 88.8, ""Vestland"": 70.0, ""Østfold"": 87.9}"
sykehusinnlagte_sykdommer_og_skader,Alder = 75-79 år; Sykdomsgruppe = Personskader,2025-01-01,Antall,31.1,27.1,27.235714285714288,27.299999999999997,21.4,33.7,14,1.0955088344643633,3,15,False,"{""Agder"": 21.4, ""Akershus"": 27.2, ""Buskerud"": 24.8, ""Finnmark Finnmárku Finmarkku"": 33.7, ""Hele landet"": 27.1, ""Innlandet"": 27.4, ""Møre og Romsdal"": 28.7, ""Nordland Nordlánnda"": 32.6, ""Oslo (fylke)"": 26.2, ""Rogaland"": 21.8, ""Telemark"": 31.1, ""Troms Romsa Tromssa"": 28.5, ""Trøndelag Trööndelage"": 25.7, ""Vestfold"": 24.8, ""Vestland"": 29.7, ""Østfold"": 28.8}"
sykehusinnlagte_sykdommer_og_skader,Alder = 25-44 år; Sykdomsgruppe = Sykdom i muskel-skjelettsystemet og bindevev,2025-01-01,Antall,11.9,9.0,9.778571428571428,9.5,6.7,12.8,14,1.0733428553808355,4,15,False,"{""Agder"": 11.3, ""Akershus"": 7.6, ""Buskerud"": 8.6, ""Finnmark Finnmárku Finmarkku"": 12.8, ""Hele landet"": 9.0, ""Innlandet"": 9.2, ""Møre og Romsdal"": 9.1, ""Nordland Nordlánnda"": 12.1, ""Oslo (fylke)"": 6.9, ""Rogaland"": 6.7, ""Telemark"": 11.9, ""Troms Romsa Tromssa"": 12.3, ""Trøndelag Trööndelage"": 9.0, ""Vestfold"": 11.2, ""Vestland"": 10.3, ""Østfold"": 9.8}"
forventet_levealder_etter_utdanningsnivaa,Utdanningsnivå = grunnskole,2024-01-01,Antall,79.5,80.2,80.1,80.1,79.0,81.1,14,-1.0683929121040268,13,15,False,"{""Agder"": 79.3, ""Akershus"": 80.7, ""Buskerud"": 80.1, ""Finnmark Finnmárku Finmarkku"": 79.0, ""Hele landet"": 80.2, ""Innlandet"": 79.8, ""Møre og Romsdal"": 81.1, ""Nordland Nordlánnda"": 80.1, ""Oslo (fylke)"": 79.8, ""Rogaland"": 80.1, ""Telemark"": 79.5, ""Troms Romsa Tromssa"": 80.4, ""Trøndelag Trööndelage"": 80.5, ""Vestfold"": 80.0, ""Vestland"": 80.7, ""Østfold"": 79.8}"
sykehusinnlagte_sykdommer_og_skader,Alder = 0-44 år; Sykdomsgruppe = Personskader,2025-01-01,Antall,11.1,9.2,9.67142857142857,9.65,7.5,11.5,14,1.0636908945764556,4,15,False,"{""Agder"": 10.6, ""Akershus"": 8.1, ""Buskerud"": 8.5, ""Finnmark Finnmárku Finmarkku"": 10.4, ""Hele landet"": 9.2, ""Innlandet"": 9.9, ""Møre og Romsdal"": 11.1, ""Nordland Nordlánnda"": 11.1, ""Oslo (fylke)"": 7.5, ""Rogaland"": 7.7, ""Telemark"": 11.1, ""Troms Romsa Tromssa"": 11.5, ""Trøndelag Trööndelage"": 9.4, ""Vestfold"": 11.0, ""Vestland"": 9.4, ""Østfold"": 9.2}"
grunnskolepoeng_etter_foreldrenes_utdanningsnivaa,Foreldrenes utdanningsnivå = totalt,2025-01-01,Gjennomsnittlige grunnskolepoeng,41.2,42.3,42.05714285714286,41.95,40.8,44.3,14,-1.0493201800228888,14,15,True,"{""Agder"": 41.7, ""Akershus"": 42.7, ""Buskerud"": 42.1, ""Finnmark - Finnmárku - Finmarkku"": 40.8, ""Hele landet"": 42.3, ""Innlandet"": 41.8, ""Møre og Romsdal"": 42.1, ""Nordland - Nordlánnda"": 42.0, ""Oslo - Oslove (fylke)"": 44.3, ""Rogaland"": 42.4, ""Telemark"": 41.2, ""Troms - Romsa - Tromssa"": 41.9, ""Trøndelag - Trööndelage"": 41.8, ""Vestfold"": 41.5, ""Vestland"": 42.5, ""Østfold"": 41.2}"
barnevern,Totalt,2024-01-01,Andel,0.04,0.032,0.03385714285714285,0.033,0.024,0.045,14,1.046746736784546,3,15,False,"{""Agder"": 0.03, ""Akershus"": 0.027, ""Buskerud"": 0.035, ""Finnmark Finnmárku Finmarkku"": 0.039, ""Hele landet"": 0.032, ""Innlandet"": 0.042, ""Møre og Romsdal"": 0.032, ""Nordland Nordlánnda"": 0.038, ""Oslo (fylke)"": 0.024, ""Rogaland"": 0.0289999999999999, ""Telemark"": 0.04, ""Troms Romsa Tromssa"": 0.033, ""Trøndelag Trööndelage"": 0.037, ""Vestfold"": 0.033, ""Vestland"": 0.03, ""Østfold"": 0.045}"
gjeld_over_tre_ganger_inntekt_husholdninger,Totalt,2024-01-01,Andel,0.131,0.182,0.17007142857142854,0.1669999999999999,0.123,0.262,14,-1.023060143549111,13,15,False,"{""Agder"": 0.1639999999999999, ""Akershus"": 0.2289999999999999, ""Buskerud"": 0.173, ""Finnmark - Finnmárku - Finmarkku"": 0.13, ""Hele landet"": 0.182, ""Innlandet"": 0.123, ""Møre og Romsdal"": 0.1369999999999999, ""Nordland - Nordlánnda"": 0.134, ""Oslo - Oslove (fylke)"": 0.262, ""Rogaland"": 0.1669999999999999, ""Telemark"": 0.131, ""Troms - Romsa - Tromssa"": 0.155, ""Trøndelag - Trööndelage"": 0.1889999999999999, ""Vestfold"": 0.183, ""Vestland"": 0.1669999999999999, ""Østfold"": 0.168}"
doedsaarsaker_tiaarig,Dødsårsak = Alle dødsårsaker,2024-01-01,Antall,839.9,781.9,791.4928571428571,786.15,726.2,913.4,14,0.9821143862720155,3,15,False,"{""Agder"": 796.5, ""Akershus"": 726.2, ""Buskerud"": 793.0, ""Finnmark Finnmárku Finmarkku"": 913.4, ""Hele landet"": 781.9, ""Innlandet"": 849.8, ""Møre og Romsdal"": 748.6, ""Nordland Nordlánnda"": 805.9, ""Oslo (fylke)"": 763.4, ""Rogaland"": 762.6, ""Telemark"": 839.9, ""Troms Romsa Tromssa"": 798.7, ""Trøndelag Trööndelage"": 769.3, ""Vestfold"": 779.3, ""Vestland"": 739.0, ""Østfold"": 835.2}"
sykehusinnlagte_sykdommer_og_skader,Alder = 15-24 år; Sykdomsgruppe = Hjerte og karsykdom,2025-01-01,Antall,1.0,1.2,1.1928571428571428,1.1,0.9,1.5,14,-0.9743761779133113,14,15,True,"{""Agder"": 1.1, ""Akershus"": 1.1, ""Buskerud"": 1.1, ""Finnmark Finnmárku Finmarkku"": 0.9, ""Hele landet"": 1.2, ""Innlandet"": 1.2, ""Møre og Romsdal"": 1.1, ""Nordland Nordlánnda"": 1.5, ""Oslo (fylke)"": 1.1, ""Rogaland"": 1.0, ""Telemark"": 1.0, ""Troms Romsa Tromssa"": 1.3, ""Trøndelag Trööndelage"": 1.3, ""Vestfold"": 1.5, ""Vestland"": 1.5, ""Østfold"": 1.0}"
luftforurensning,Totalt,2024-01-01,Antall,5.6,4.7,4.271428571428571,4.25,2.4,6.4,14,0.9723765539488531,5,15,False,"{""Agder"": 4.5, ""Akershus"": 6.0, ""Buskerud"": 4.7, ""Finnmark Finnmárku Finmarkku"": 2.4, ""Hele landet"": 4.7, ""Innlandet"": 4.0, ""Møre og Romsdal"": 2.9, ""Nordland Nordlánnda"": 2.5, ""Oslo (fylke)"": 6.4, ""Rogaland"": 5.0, ""Telemark"": 5.6, ""Troms Romsa Tromssa"": 2.7, ""Trøndelag Trööndelage"": 3.5, ""Vestfold"": 5.6, ""Vestland"": 3.8, ""Østfold"": 5.8}"
forventet_levealder_etter_utdanningsnivaa,Utdanningsnivå = videregående,2024-01-01,Antall,83.3,83.9,83.79285714285714,83.9,82.5,84.4,14,-0.9596014511768612,13,15,False,"{""Agder"": 83.7, ""Akershus"": 84.1, ""Buskerud"": 84.0, ""Finnmark Finnmárku Finmarkku"": 82.5, ""Hele landet"": 83.9, ""Innlandet"": 83.6, ""Møre og Romsdal"": 84.4, ""Nordland Nordlánnda"": 83.9, ""Oslo (fylke)"": 83.1, ""Rogaland"": 84.1, ""Telemark"": 83.3, ""Troms Romsa Tromssa"": 83.7, ""Trøndelag Trööndelage"": 84.3, ""Vestfold"": 83.9, ""Vestland"": 84.3, ""Østfold"": 83.5}"
sykehusinnlagte_sykdommer_og_skader,Alder = 15-24 år; Sykdomsgruppe = Personskader,2025-01-01,Antall,14.2,11.7,12.32857142857143,12.399999999999999,9.3,15.0,14,0.9528304965745475,4,15,False,"{""Agder"": 13.8, ""Akershus"": 10.1, ""Buskerud"": 9.7, ""Finnmark Finnmárku Finmarkku"": 14.9, ""Hele landet"": 11.7, ""Innlandet"": 13.2, ""Møre og Romsdal"": 12.2, ""Nordland Nordlánnda"": 14.5, ""Oslo (fylke)"": 9.3, ""Rogaland"": 10.2, ""Telemark"": 14.2, ""Troms Romsa Tromssa"": 15.0, ""Trøndelag Trööndelage"": 11.7, ""Vestfold"": 13.8, ""Vestland"": 12.6, ""Østfold"": 11.6}"
forventet_levealder_7_aarig,Totalt,2024-01-01,Antall,82.3,83.0,82.88571428571429,82.95,81.3,83.7,14,-0.9466020479062044,14,15,True,"{""Agder"": 82.8, ""Akershus"": 83.7, ""Buskerud"": 82.9, ""Finnmark Finnmárku Finmarkku"": 81.3, ""Hele landet"": 83.0, ""Innlandet"": 82.3, ""Møre og Romsdal"": 83.4, ""Nordland Nordlánnda"": 82.6, ""Oslo (fylke)"": 83.3, ""Rogaland"": 83.2, ""Telemark"": 82.3, ""Troms Romsa Tromssa"": 82.7, ""Trøndelag Trööndelage"": 83.3, ""Vestfold"": 83.0, ""Vestland"": 83.5, ""Østfold"": 82.4}"
doedsaarsaker_tiaarig,Dødsårsak = KOLS og lungekreft,2024-01-01,Antall,93.6,79.9,82.75,82.95,67.6,108.3,14,0.9406089721491766,3,15,False,"{""Agder"": 94.3, ""Akershus"": 68.1, ""Buskerud"": 81.9, ""Finnmark Finnmárku Finmarkku"": 108.3, ""Hele landet"": 79.9, ""Innlandet"": 88.8, ""Møre og Romsdal"": 70.5, ""Nordland Nordlánnda"": 84.0, ""Oslo (fylke)"": 67.6, ""Rogaland"": 81.3, ""Telemark"": 93.6, ""Troms Romsa Tromssa"": 87.2, ""Trøndelag Trööndelage"": 73.4, ""Vestfold"": 88.8, ""Vestland"": 73.1, ""Østfold"": 91.2}"
regneferdighet_treaarig_5_og_8_trinn,Klassetrinn = 5. trinn,2025-01-01,Andel,0.317,0.276,0.2872142857142857,0.284,0.221,0.341,14,0.92081547368771,4,15,False,"{""Agder"": 0.272, ""Akershus"": 0.262, ""Buskerud"": 0.283, ""Finnmark Finnmárku Finmarkku"": 0.327, ""Hele landet"": 0.276, ""Innlandet"": 0.301, ""Møre og Romsdal"": 0.285, ""Nordland Nordlánnda"": 0.307, ""Oslo (fylke)"": 0.221, ""Rogaland"": 0.257, ""Telemark"": 0.317, ""Troms Romsa Tromssa"": 0.3289999999999999, ""Trøndelag Trööndelage"": 0.283, ""Vestfold"": 0.29, ""Vestland"": 0.263, ""Østfold"": 0.341}"
psykiske_symptomer_og_lidelser_primaerhelsetjenesten_ettaarige_tall,Alder = 0-44 år; Sykdomsgruppe = Psykiske symptomer og lidelser,2024-01-01,Antall,179.5,183.8,188.37857142857143,188.5,173.2,203.8,14,-0.894541786020799,12,15,False,"{""Agder"": 198.2, ""Akershus"": 179.6, ""Buskerud"": 189.1, ""Finnmark Finnmárku Finmarkku"": 197.0, ""Hele landet"": 183.8, ""Innlandet"": 184.4, ""Møre og Romsdal"": 186.2, ""Nordland Nordlánnda"": 191.4, ""Oslo (fylke)"": 173.2, ""Rogaland"": 174.4, ""Telemark"": 179.5, ""Troms Romsa Tromssa"": 195.5, ""Trøndelag Trööndelage"": 187.9, ""Vestfold"": 200.3, ""Vestland"": 176.3, ""Østfold"": 203.8}"
sykehusinnlagte_sykdommer_og_skader,Alder = 80 år+; Sykdomsgruppe = KOLS,2025-01-01,Antall,7.9,9.1,8.9,9.05,6.8,10.9,14,-0.8936027073178542,11,15,False,"{""Agder"": 7.5, ""Akershus"": 7.8, ""Buskerud"": 8.9, ""Finnmark Finnmárku Finmarkku"": 6.8, ""Hele landet"": 9.1, ""Innlandet"": 9.2, ""Møre og Romsdal"": 8.4, ""Nordland Nordlánnda"": 9.8, ""Oslo (fylke)"": 9.6, ""Rogaland"": 9.9, ""Telemark"": 7.9, ""Troms Romsa Tromssa"": 7.8, ""Trøndelag Trööndelage"": 10.9, ""Vestfold"": 8.9, ""Vestland"": 9.5, ""Østfold"": 9.6}"
sykehusinnlagte_sykdommer_og_skader,Alder = 0-24 år; Sykdomsgruppe = Hjerte og karsykdom,2025-01-01,Antall,1.0,0.8,0.8785714285714286,0.9,0.6,1.1,14,0.8527925478650444,5,15,False,"{""Agder"": 0.8, ""Akershus"": 0.8, ""Buskerud"": 0.8, ""Finnmark Finnmárku Finmarkku"": 0.9, ""Hele landet"": 0.8, ""Innlandet"": 0.9, ""Møre og Romsdal"": 0.9, ""Nordland Nordlánnda"": 1.1, ""Oslo (fylke)"": 0.6, ""Rogaland"": 0.7, ""Telemark"": 1.0, ""Troms Romsa Tromssa"": 1.1, ""Trøndelag Trööndelage"": 0.8, ""Vestfold"": 1.0, ""Vestland"": 0.9, ""Østfold"": 1.0}"
drikkevann,Parameter = hygienisk kvalitet,2024-01-01,Andel,0.998,0.99,0.9879285714285714,0.9904999999999999,0.968,1.0,14,0.8435938677796299,5,15,False,"{""Agder"": 1.0, ""Akershus"": 1.0, ""Buskerud"": 0.994, ""Finnmark Finnmárku Finmarkku"": 0.986, ""Hele landet"": 0.99, ""Innlandet"": 0.987, ""Møre og Romsdal"": 0.984, ""Nordland Nordlánnda"": 0.968, ""Oslo (fylke)"": 1.0, ""Rogaland"": 0.999, ""Telemark"": 0.998, ""Troms Romsa Tromssa"": 0.974, ""Trøndelag Trööndelage"": 0.971, ""Vestfold"": 0.997, ""Vestland"": 0.974, ""Østfold"": 0.997}"
psykiske_symptomer_og_lidelser_primaerhelsetjenesten_ettaarige_tall,Alder = 15-24 år; Sykdomsgruppe = Psykiske symptomer,2024-01-01,Antall,123.3,127.5,129.82857142857142,126.95,120.3,142.0,14,-0.8285392654825229,11,15,False,"{""Agder"": 142.0, ""Akershus"": 125.6, ""Buskerud"": 125.5, ""Finnmark Finnmárku Finmarkku"": 128.3, ""Hele landet"": 127.5, ""Innlandet"": 123.1, ""Møre og Romsdal"": 124.1, ""Nordland Nordlánnda"": 137.4, ""Oslo (fylke)"": 122.5, ""Rogaland"": 121.2, ""Telemark"": 123.3, ""Troms Romsa Tromssa"": 141.8, ""Trøndelag Trööndelage"": 131.1, ""Vestfold"": 139.3, ""Vestland"": 120.3, ""Østfold"": 135.4}"
psykiske_symptomer_og_lidelser_primaerhelsetjenesten_ettaarige_tall,Alder = 75-79 år; Sykdomsgruppe = Psykiske symptomer og lidelser,2024-01-01,Antall,188.0,196.2,196.65714285714287,197.9,175.9,211.8,14,-0.8274206800146291,12,15,False,"{""Agder"": 195.8, ""Akershus"": 197.9, ""Buskerud"": 200.4, ""Finnmark Finnmárku Finmarkku"": 198.3, ""Hele landet"": 196.2, ""Innlandet"": 210.4, ""Møre og Romsdal"": 190.5, ""Nordland Nordlánnda"": 182.7, ""Oslo (fylke)"": 210.1, ""Rogaland"": 202.4, ""Telemark"": 188.0, ""Troms Romsa Tromssa"": 187.8, ""Trøndelag Trööndelage"": 191.3, ""Vestfold"": 211.8, ""Vestland"": 175.9, ""Østfold"": 197.9}"
sykehusinnlagte_sykdommer_og_skader,Alder = 0-24 år; Sykdomsgruppe = Personskader,2025-01-01,Antall,12.8,10.8,11.385714285714286,11.55,8.6,14.3,14,0.8222811279905272,5,15,False,"{""Agder"": 12.5, ""Akershus"": 9.5, ""Buskerud"": 10.1, ""Finnmark Finnmárku Finmarkku"": 12.9, ""Hele landet"": 10.8, ""Innlandet"": 11.9, ""Møre og Romsdal"": 12.5, ""Nordland Nordlánnda"": 12.8, ""Oslo (fylke)"": 8.8, ""Rogaland"": 8.6, ""Telemark"": 12.8, ""Troms Romsa Tromssa"": 14.3, ""Trøndelag Trööndelage"": 11.2, ""Vestfold"": 12.9, ""Vestland"": 10.7, ""Østfold"": 10.7}"
sykehusinnlagte_sykdommer_og_skader,Alder = 75-79 år; Sykdomsgruppe = Hjerte og karsykdom,2025-01-01,Antall,56.9,60.0,60.35714285714286,60.400000000000006,53.1,66.8,14,-0.820602688894574,13,15,False,"{""Agder"": 54.2, ""Akershus"": 57.6, ""Buskerud"": 60.6, ""Finnmark Finnmárku Finmarkku"": 64.7, ""Hele landet"": 60.0, ""Innlandet"": 56.9, ""Møre og Romsdal"": 59.1, ""Nordland Nordlánnda"": 66.8, ""Oslo (fylke)"": 60.2, ""Rogaland"": 57.4, ""Telemark"": 56.9, ""Troms Romsa Tromssa"": 62.8, ""Trøndelag Trööndelage"": 61.8, ""Vestfold"": 53.1, ""Vestland"": 65.4, ""Østfold"": 64.4}"
sykehusinnlagte_sykdommer_og_skader,Alder = 0-44 år; Sykdomsgruppe = Sykdom i muskel-skjelettsystemet og bindevev,2025-01-01,Antall,8.0,6.5,6.942857142857143,6.9,4.8,9.0,14,0.810163363604532,5,15,False,"{""Agder"": 7.4, ""Akershus"": 5.6, ""Buskerud"": 6.0, ""Finnmark Finnmárku Finmarkku"": 9.0, ""Hele landet"": 6.5, ""Innlandet"": 7.0, ""Møre og Romsdal"": 6.6, ""Nordland Nordlánnda"": 8.6, ""Oslo (fylke)"": 5.1, ""Rogaland"": 4.8, ""Telemark"": 8.0, ""Troms Romsa Tromssa"": 8.6, ""Trøndelag Trööndelage"": 6.5, ""Vestfold"": 8.0, ""Vestland"": 7.2, ""Østfold"": 6.8}"
sykehusinnlagte_sykdommer_og_skader,Alder = Alle aldre; Sykdomsgruppe = Hjerte og karsykdom,2025-01-01,Antall,15.1,15.7,15.878571428571428,15.75,14.3,18.0,14,-0.7882234640339338,12,15,False,"{""Agder"": 14.7, ""Akershus"": 15.1, ""Buskerud"": 15.7, ""Finnmark Finnmárku Finmarkku"": 16.8, ""Hele landet"": 15.7, ""Innlandet"": 15.5, ""Møre og Romsdal"": 16.5, ""Nordland Nordlánnda"": 18.0, ""Oslo (fylke)"": 15.7, ""Rogaland"": 14.8, ""Telemark"": 15.1, ""Troms Romsa Tromssa"": 16.6, ""Trøndelag Trööndelage"": 15.8, ""Vestfold"": 14.3, ""Vestland"": 16.5, ""Østfold"": 16.3}"
sykehusinnlagte_sykdommer_og_skader,Alder = 80 år+; Sykdomsgruppe = Sykdom i muskel-skjelettsystemet og bindevev,2025-01-01,Antall,32.1,37.1,36.971428571428575,35.55,28.0,46.6,14,-0.7731238386594228,12,15,False,"{""Agder"": 29.3, ""Akershus"": 44.2, ""Buskerud"": 44.7, ""Finnmark Finnmárku Finmarkku"": 36.1, ""Hele landet"": 37.1, ""Innlandet"": 29.5, ""Møre og Romsdal"": 35.0, ""Nordland Nordlánnda"": 38.9, ""Oslo (fylke)"": 34.2, ""Rogaland"": 28.0, ""Telemark"": 32.1, ""Troms Romsa Tromssa"": 33.8, ""Trøndelag Trööndelage"": 32.4, ""Vestfold"": 46.6, ""Vestland"": 44.6, ""Østfold"": 40.3}"
selvmord,Totalt,2025*,Antall,17.0,11.7,12.946153846153846,11.7,8.4,28.9,13,0.7689798775377757,2,14,True,"{""Agder"": 11.7, ""Akershus"": 11.7, ""Buskerud"": 10.6, ""Finnmark"": 28.9, ""Hele landet"": 11.7, ""Innlandet"": 16.0, ""Møre og Romsdal"": 8.5, ""Nordland"": 10.3, ""Rogaland"": 10.9, ""Telemark"": 17.0, ""Troms"": 12.7, ""Trøndelag"": 8.4, ""Vestfold"": 13.1, ""Vestland"": 10.6, ""Østfold"": 14.9}"
sykehusinnlagte_sykdommer_og_skader,Alder = 75-79 år; Sykdomsgruppe = KOLS,2025-01-01,Antall,8.9,8.2,8.057142857142857,8.0,6.6,9.8,14,0.7671051005986667,5,15,False,"{""Agder"": 6.7, ""Akershus"": 6.6, ""Buskerud"": 9.4, ""Finnmark Finnmárku Finmarkku"": 7.0, ""Hele landet"": 8.2, ""Innlandet"": 8.3, ""Møre og Romsdal"": 7.2, ""Nordland Nordlánnda"": 7.7, ""Oslo (fylke)"": 7.1, ""Rogaland"": 8.8, ""Telemark"": 8.9, ""Troms Romsa Tromssa"": 7.3, ""Trøndelag Trööndelage"": 9.2, ""Vestfold"": 8.5, ""Vestland"": 9.2, ""Østfold"": 9.8}"
psykiske_symptomer_og_lidelser_primaerhelsetjenesten_ettaarige_tall,Alder = 0-74 år; Sykdomsgruppe = Psykiske symptomer og lidelser,2024-01-01,Antall,185.8,190.1,193.25,192.39999999999998,177.8,208.8,14,-0.7586213725672996,12,15,False,"{""Agder"": 204.4, ""Akershus"": 188.1, ""Buskerud"": 195.9, ""Finnmark Finnmárku Finmarkku"": 200.6, ""Hele landet"": 190.1, ""Innlandet"": 194.2, ""Møre og Romsdal"": 185.1, ""Nordland Nordlánnda"": 190.6, ""Oslo (fylke)"": 185.8, ""Rogaland"": 180.1, ""Telemark"": 185.8, ""Troms Romsa Tromssa"": 196.1, ""Trøndelag Trööndelage"": 189.4, ""Vestfold"": 208.8, ""Vestland"": 177.8, ""Østfold"": 208.6}"
bor_trangt,Alder = 0-17 år; Innvandringsbakgrunn = innvandrere,2024-01-01,Andel,0.3829999999999999,0.437,0.4337857142857143,0.4245,0.346,0.626,14,-0.7472817472004367,12,15,False,"{""Agder"": 0.371, ""Akershus"": 0.451, ""Buskerud"": 0.417, ""Finnmark Finnmárku Finmarkku"": 0.4579999999999999, ""Hele landet"": 0.437, ""Innlandet"": 0.401, ""Møre og Romsdal"": 0.371, ""Nordland Nordlánnda"": 0.425, ""Oslo (fylke)"": 0.626, ""Rogaland"": 0.346, ""Telemark"": 0.3829999999999999, ""Troms Romsa Tromssa"": 0.496, ""Trøndelag Trööndelage"": 0.437, ""Vestfold"": 0.402, ""Vestland"": 0.424, ""Østfold"": 0.4479999999999999}"
kreft_nye_tilfeller_tiaarige_tall,Krefttyper = Totalt alle krefttyper,2025-01-01,Antall,676.0,657.9,653.15,644.75,607.5,701.2,14,0.7461225445964949,5,15,False,"{""Agder"": 672.2, ""Akershus"": 653.7, ""Buskerud"": 632.1, ""Finnmark Finnmárku Finmarkku"": 607.5, ""Hele landet"": 657.9, ""Innlandet"": 624.7, ""Møre og Romsdal"": 615.2, ""Nordland Nordlánnda"": 649.7, ""Oslo (fylke)"": 637.9, ""Rogaland"": 701.2, ""Telemark"": 676.0, ""Troms Romsa Tromssa"": 639.7, ""Trøndelag Trööndelage"": 639.8, ""Vestfold"": 687.8, ""Vestland"": 687.5, ""Østfold"": 695.1}"
sykehusinnlagte_sykdommer_og_skader,Alder = 75 år+; Sykdomsgruppe = Forgiftninger,2025-01-01,Antall,0.5,0.7,0.6307692307692307,0.6,0.3,0.9,13,-0.7275328372685519,11,14,False,"{""Agder"": 0.9, ""Akershus"": 0.8, ""Buskerud"": 0.4, ""Finnmark Finnmárku Finmarkku"": null, ""Hele landet"": 0.7, ""Innlandet"": 0.6, ""Møre og Romsdal"": 0.6, ""Nordland Nordlánnda"": 0.6, ""Oslo (fylke)"": 0.8, ""Rogaland"": 0.7, ""Telemark"": 0.5, ""Troms Romsa Tromssa"": 0.3, ""Trøndelag Trööndelage"": 0.6, ""Vestfold"": 0.4, ""Vestland"": 0.8, ""Østfold"": 0.7}"
doedsaarsaker_tiaarig,Dødsårsak = Voldsomme dødsfall,2024-01-01,Antall,55.9,49.9,51.48571428571429,52.55,42.6,67.4,14,0.6827558786804415,4,15,False,"{""Agder"": 54.0, ""Akershus"": 45.8, ""Buskerud"": 53.6, ""Finnmark Finnmárku Finmarkku"": 67.4, ""Hele landet"": 49.9, ""Innlandet"": 56.1, ""Møre og Romsdal"": 42.6, ""Nordland Nordlánnda"": 56.9, ""Oslo (fylke)"": 46.2, ""Rogaland"": 46.4, ""Telemark"": 55.9, ""Troms Romsa Tromssa"": 52.3, ""Trøndelag Trööndelage"": 47.4, ""Vestfold"": 54.0, ""Vestland"": 45.3, ""Østfold"": 52.8}"
grunnskolepoeng_etter_foreldrenes_utdanningsnivaa,Foreldrenes utdanningsnivå = universitet/ høgskole,2025-01-01,Gjennomsnittlige grunnskolepoeng,43.8,44.6,44.357142857142854,44.25,42.9,46.7,14,-0.6683305791892393,14,15,True,"{""Agder"": 44.1, ""Akershus"": 44.8, ""Buskerud"": 44.8, ""Finnmark - Finnmárku - Finmarkku"": 42.9, ""Hele landet"": 44.6, ""Innlandet"": 44.4, ""Møre og Romsdal"": 44.1, ""Nordland - Nordlánnda"": 44.4, ""Oslo - Oslove (fylke)"": 46.7, ""Rogaland"": 44.5, ""Telemark"": 43.8, ""Troms - Romsa - Tromssa"": 43.8, ""Trøndelag - Trööndelage"": 44.1, ""Vestfold"": 43.8, ""Vestland"": 44.6, ""Østfold"": 44.0}"
drikkevann,Parameter = hygienisk kvalitet og leveringsstabilitet,2024-01-01,Andel,0.935,0.8909999999999999,0.8674285714285714,0.8725,0.648,1.0,14,0.6675747457919463,5,15,False,"{""Agder"": 0.943, ""Akershus"": 0.918, ""Buskerud"": 0.962, ""Finnmark Finnmárku Finmarkku"": 0.7609999999999999, ""Hele landet"": 0.8909999999999999, ""Innlandet"": 0.648, ""Møre og Romsdal"": 0.861, ""Nordland Nordlánnda"": 0.848, ""Oslo (fylke)"": 1.0, ""Rogaland"": 0.913, ""Telemark"": 0.935, ""Troms Romsa Tromssa"": 0.8059999999999999, ""Trøndelag Trööndelage"": 0.879, ""Vestfold"": 0.997, ""Vestland"": 0.866, ""Østfold"": 0.742}"
bor_trangt,Alder = Alle aldre; Innvandringsbakgrunn = totalt,2024-01-01,Andel,0.071,0.0969999999999999,0.09071428571428572,0.0885,0.067,0.188,14,-0.6577374185310143,13,15,False,"{""Agder"": 0.073, ""Akershus"": 0.095, ""Buskerud"": 0.088, ""Finnmark Finnmárku Finmarkku"": 0.099, ""Hele landet"": 0.0969999999999999, ""Innlandet"": 0.067, ""Møre og Romsdal"": 0.069, ""Nordland Nordlánnda"": 0.081, ""Oslo (fylke)"": 0.188, ""Rogaland"": 0.074, ""Telemark"": 0.071, ""Troms Romsa Tromssa"": 0.092, ""Trøndelag Trööndelage"": 0.091, ""Vestfold"": 0.071, ""Vestland"": 0.093, ""Østfold"": 0.089}"
kreft_nye_tilfeller_tiaarige_tall,Krefttyper = Tykk- og endetarmskreft,2025-01-01,Antall,81.1,86.0,85.84285714285714,86.94999999999999,76.0,96.1,14,-0.6533073293963549,10,15,False,"{""Agder"": 79.5, ""Akershus"": 81.2, ""Buskerud"": 81.0, ""Finnmark Finnmárku Finmarkku"": 76.6, ""Hele landet"": 86.0, ""Innlandet"": 85.8, ""Møre og Romsdal"": 96.1, ""Nordland Nordlánnda"": 93.2, ""Oslo (fylke)"": 76.6, ""Rogaland"": 90.1, ""Telemark"": 81.1, ""Troms Romsa Tromssa"": 88.1, ""Trøndelag Trööndelage"": 89.6, ""Vestfold"": 92.9, ""Vestland"": 95.1, ""Østfold"": 76.0}"
grunnskolepoeng_etter_foreldrenes_utdanningsnivaa,Foreldrenes utdanningsnivå = videregående,2025-01-01,Gjennomsnittlige grunnskolepoeng,39.0,39.4,39.34285714285714,39.35,38.5,40.5,14,-0.652046517097342,11,15,False,"{""Agder"": 38.9, ""Akershus"": 39.6, ""Buskerud"": 39.6, ""Finnmark - Finnmárku - Finmarkku"": 39.1, ""Hele landet"": 39.4, ""Innlandet"": 39.2, ""Møre og Romsdal"": 39.9, ""Nordland - Nordlánnda"": 39.7, ""Oslo - Oslove (fylke)"": 40.5, ""Rogaland"": 39.5, ""Telemark"": 39.0, ""Troms - Romsa - Tromssa"": 38.9, ""Trøndelag - Trööndelage"": 38.5, ""Vestfold"": 38.8, ""Vestland"": 39.6, ""Østfold"": 39.0}"
sykehusinnlagte_sykdommer_og_skader,Alder = 0-14 år; Sykdomsgruppe = Personskader,2025-01-01,Antall,11.8,10.0,10.67142857142857,10.9,7.4,13.7,14,0.6493490004590294,4,15,False,"{""Agder"": 11.4, ""Akershus"": 8.9, ""Buskerud"": 10.5, ""Finnmark Finnmárku Finmarkku"": 11.4, ""Hele landet"": 10.0, ""Innlandet"": 10.9, ""Møre og Romsdal"": 12.8, ""Nordland Nordlánnda"": 11.6, ""Oslo (fylke)"": 8.5, ""Rogaland"": 7.4, ""Telemark"": 11.8, ""Troms Romsa Tromssa"": 13.7, ""Trøndelag Trööndelage"": 10.9, ""Vestfold"": 12.2, ""Vestland"": 9.2, ""Østfold"": 10.0}"
drikkevann,Parameter = leveringsstabilitet,2024-01-01,Andel,0.935,0.894,0.8721428571428571,0.879,0.654,1.0,14,0.6359378612741478,5,15,False,"{""Agder"": 0.944, ""Akershus"": 0.918, ""Buskerud"": 0.963, ""Finnmark Finnmárku Finmarkku"": 0.772, ""Hele landet"": 0.894, ""Innlandet"": 0.654, ""Møre og Romsdal"": 0.8690000000000001, ""Nordland Nordlánnda"": 0.8540000000000001, ""Oslo (fylke)"": 1.0, ""Rogaland"": 0.913, ""Telemark"": 0.935, ""Troms Romsa Tromssa"": 0.8240000000000001, ""Trøndelag Trööndelage"": 0.885, ""Vestfold"": 0.999, ""Vestland"": 0.873, ""Østfold"": 0.742}"
influensavaksinerte_over_65_aar,Totalt,2025-01-01,Andel,0.6729999999999999,0.6579999999999999,0.6413571428571428,0.6515,0.509,0.6940000000000001,14,0.6278426970068858,4,15,False,"{""Agder"": 0.665, ""Akershus"": 0.6940000000000001, ""Buskerud"": 0.653, ""Finnmark Finnmárku Finmarkku"": 0.509, ""Hele landet"": 0.6579999999999999, ""Innlandet"": 0.622, ""Møre og Romsdal"": 0.649, ""Nordland Nordlánnda"": 0.591, ""Oslo (fylke)"": 0.672, ""Rogaland"": 0.6920000000000001, ""Telemark"": 0.6729999999999999, ""Troms Romsa Tromssa"": 0.59, ""Trøndelag Trööndelage"": 0.65, ""Vestfold"": 0.6609999999999999, ""Vestland"": 0.691, ""Østfold"": 0.64}"
bor_trangt,Alder = Alle aldre; Innvandringsbakgrunn = innvandrere,2024-01-01,Andel,0.183,0.213,0.20235714285714285,0.19949999999999996,0.171,0.292,14,-0.6254206272130887,11,15,False,"{""Agder"": 0.178, ""Akershus"": 0.2019999999999999, ""Buskerud"": 0.195, ""Finnmark Finnmárku Finmarkku"": 0.2, ""Hele landet"": 0.213, ""Innlandet"": 0.186, ""Møre og Romsdal"": 0.177, ""Nordland Nordlánnda"": 0.209, ""Oslo (fylke)"": 0.292, ""Rogaland"": 0.172, ""Telemark"": 0.183, ""Troms Romsa Tromssa"": 0.228, ""Trøndelag Trööndelage"": 0.217, ""Vestfold"": 0.171, ""Vestland"": 0.207, ""Østfold"": 0.1989999999999999}"
forventet_levealder_etter_utdanningsnivaa,Utdanningsnivå = universitet/ høgskole,2024-01-01,Antall,86.6,86.9,86.78571428571429,86.85,86.3,87.3,14,-0.6020146534945393,11,15,False,"{""Agder"": 86.8, ""Akershus"": 87.3, ""Buskerud"": 86.6, ""Finnmark Finnmárku Finmarkku"": 86.4, ""Hele landet"": 86.9, ""Innlandet"": 86.5, ""Møre og Romsdal"": 87.2, ""Nordland Nordlánnda"": 86.5, ""Oslo (fylke)"": 86.9, ""Rogaland"": 86.9, ""Telemark"": 86.6, ""Troms Romsa Tromssa"": 86.3, ""Trøndelag Trööndelage"": 86.9, ""Vestfold"": 87.1, ""Vestland"": 87.0, ""Østfold"": 86.6}"
psykiske_symptomer_og_lidelser_primaerhelsetjenesten_ettaarige_tall,Alder = 25-44 år; Sykdomsgruppe = Psykiske lidelser,2024-01-01,Antall,116.9,118.9,124.71428571428571,122.5,108.3,149.8,14,-0.5794983266842493,9,15,False,"{""Agder"": 130.2, ""Akershus"": 112.2, ""Buskerud"": 129.8, ""Finnmark Finnmárku Finmarkku"": 149.8, ""Hele landet"": 118.9, ""Innlandet"": 133.3, ""Møre og Romsdal"": 118.9, ""Nordland Nordlánnda"": 126.1, ""Oslo (fylke)"": 108.3, ""Rogaland"": 111.9, ""Telemark"": 116.9, ""Troms Romsa Tromssa"": 114.5, ""Trøndelag Trööndelage"": 113.8, ""Vestfold"": 143.2, ""Vestland"": 112.8, ""Østfold"": 141.2}"
kreft_doedsaarsak_ettaarig,Totalt,2024-01-01,Antall,197.0,202.8,204.97142857142856,209.0,178.4,222.1,14,-0.5677425522395388,11,15,False,"{""Agder"": 210.8, ""Akershus"": 178.4, ""Buskerud"": 217.2, ""Finnmark Finnmárku Finmarkku"": 207.2, ""Hele landet"": 202.8, ""Innlandet"": 213.1, ""Møre og Romsdal"": 184.1, ""Nordland Nordlánnda"": 215.5, ""Oslo (fylke)"": 188.6, ""Rogaland"": 216.6, ""Telemark"": 197.0, ""Troms Romsa Tromssa"": 199.1, ""Trøndelag Trööndelage"": 195.5, ""Vestfold"": 222.1, ""Vestland"": 201.5, ""Østfold"": 219.9}"
sykehusinnlagte_sykdommer_og_skader,Alder = 15-24 år; Sykdomsgruppe = Hodeskader,2025-01-01,Antall,2.6,2.0,2.242857142857143,2.3499999999999996,1.3,3.7,14,0.5165567444910057,4,15,False,"{""Agder"": 2.4, ""Akershus"": 1.4, ""Buskerud"": 1.7, ""Finnmark Finnmárku Finmarkku"": 3.7, ""Hele landet"": 2.0, ""Innlandet"": 2.3, ""Møre og Romsdal"": 2.5, ""Nordland Nordlánnda"": 2.4, ""Oslo (fylke)"": 1.3, ""Rogaland"": 2.7, ""Telemark"": 2.6, ""Troms Romsa Tromssa"": 3.3, ""Trøndelag Trööndelage"": 1.6, ""Vestfold"": 2.4, ""Vestland"": 1.9, ""Østfold"": 1.8}"
kreft_nye_tilfeller_tiaarige_tall,Krefttyper = Brystkreft,2025-01-01,Antall,70.3,71.8,71.89166666666667,72.05,67.5,77.3,12,-0.508889897909525,9,13,False,"{""Agder"": 70.5, ""Akershus"": 77.3, ""Buskerud"": 73.3, ""Finnmark Finnmárku Finmarkku"": null, ""Hele landet"": 71.8, ""Innlandet"": 67.5, ""Møre og Romsdal"": 73.4, ""Nordland Nordlánnda"": 68.0, ""Oslo (fylke)"": 76.3, ""Rogaland"": 73.6, ""Telemark"": 70.3, ""Troms Romsa Tromssa"": null, ""Trøndelag Trööndelage"": 69.9, ""Vestfold"": 71.1, ""Vestland"": 68.8, ""Østfold"": 73.0}"
leseferdigheter_treaarig_5_og_8_trinn,Klassetrinn = 5. trinn,2025-01-01,Andel,0.297,0.2689999999999999,0.2810714285714285,0.2789999999999999,0.1969999999999999,0.3229999999999999,14,0.4638963300835461,6,15,False,"{""Agder"": 0.2789999999999999, ""Akershus"": 0.237, ""Buskerud"": 0.278, ""Finnmark Finnmárku Finmarkku"": 0.314, ""Hele landet"": 0.2689999999999999, ""Innlandet"": 0.271, ""Møre og Romsdal"": 0.317, ""Nordland Nordlánnda"": 0.305, ""Oslo (fylke)"": 0.1969999999999999, ""Rogaland"": 0.2789999999999999, ""Telemark"": 0.297, ""Troms Romsa Tromssa"": 0.3229999999999999, ""Trøndelag Trööndelage"": 0.278, ""Vestfold"": 0.263, ""Vestland"": 0.2789999999999999, ""Østfold"": 0.315}"
barnevaksinasjonsprogrammet,Vaksine mot = Meslinger,2024-01-01,Andel,0.968,0.971,0.9704285714285714,0.971,0.957,0.978,14,-0.4568105184988146,11,15,False,"{""Agder"": 0.97, ""Akershus"": 0.971, ""Buskerud"": 0.973, ""Finnmark Finnmárku Finmarkku"": 0.957, ""Hele landet"": 0.971, ""Innlandet"": 0.971, ""Møre og Romsdal"": 0.974, ""Nordland Nordlánnda"": 0.967, ""Oslo (fylke)"": 0.965, ""Rogaland"": 0.975, ""Telemark"": 0.968, ""Troms Romsa Tromssa"": 0.967, ""Trøndelag Trööndelage"": 0.975, ""Vestfold"": 0.969, ""Vestland"": 0.978, ""Østfold"": 0.974}"
psykiske_symptomer_og_lidelser_primaerhelsetjenesten_ettaarige_tall,Alder = 45-74 år; Sykdomsgruppe = Psykiske symptomer og lidelser,2024-01-01,Antall,195.4,199.6,201.12857142857143,203.65,179.9,221.5,14,-0.45228916516808276,10,15,False,"{""Agder"": 214.0, ""Akershus"": 201.0, ""Buskerud"": 206.3, ""Finnmark Finnmárku Finmarkku"": 206.7, ""Hele landet"": 199.6, ""Innlandet"": 208.2, ""Møre og Romsdal"": 184.4, ""Nordland Nordlánnda"": 190.7, ""Oslo (fylke)"": 209.3, ""Rogaland"": 188.9, ""Telemark"": 195.4, ""Troms Romsa Tromssa"": 197.3, ""Trøndelag Trööndelage"": 191.3, ""Vestfold"": 221.5, ""Vestland"": 179.9, ""Østfold"": 216.3}"
bor_trangt,Alder = 0-17 år; Innvandringsbakgrunn = totalt,2024-01-01,Andel,0.156,0.183,0.179,0.16999999999999996,0.136,0.34,14,-0.4441180755453438,10,15,False,"{""Agder"": 0.139, ""Akershus"": 0.1689999999999999, ""Buskerud"": 0.178, ""Finnmark Finnmárku Finmarkku"": 0.215, ""Hele landet"": 0.183, ""Innlandet"": 0.145, ""Møre og Romsdal"": 0.136, ""Nordland Nordlánnda"": 0.171, ""Oslo (fylke)"": 0.34, ""Rogaland"": 0.138, ""Telemark"": 0.156, ""Troms Romsa Tromssa"": 0.191, ""Trøndelag Trööndelage"": 0.163, ""Vestfold"": 0.153, ""Vestland"": 0.178, ""Østfold"": 0.19}"
sykehusinnlagte_sykdommer_og_skader,Alder = 45-64 år; Sykdomsgruppe = Hjerte og karsykdom,2025-01-01,Antall,14.2,14.4,14.785714285714286,14.6,12.3,17.6,14,-0.417899007659607,11,15,False,"{""Agder"": 14.3, ""Akershus"": 13.8, ""Buskerud"": 14.4, ""Finnmark Finnmárku Finmarkku"": 16.7, ""Hele landet"": 14.4, ""Innlandet"": 14.7, ""Møre og Romsdal"": 15.6, ""Nordland Nordlánnda"": 17.6, ""Oslo (fylke)"": 13.6, ""Rogaland"": 13.5, ""Telemark"": 14.2, ""Troms Romsa Tromssa"": 16.4, ""Trøndelag Trööndelage"": 14.5, ""Vestfold"": 12.3, ""Vestland"": 14.8, ""Østfold"": 14.8}"
sykehusinnlagte_sykdommer_og_skader,Alder = 0-14 år; Sykdomsgruppe = Sykdom i muskel-skjelettsystemet og bindevev,2025-01-01,Antall,2.0,2.0,2.1357142857142857,2.1,1.4,2.8,14,-0.38538559697804464,11,15,False,"{""Agder"": 2.0, ""Akershus"": 2.0, ""Buskerud"": 1.8, ""Finnmark Finnmárku Finmarkku"": 2.3, ""Hele landet"": 2.0, ""Innlandet"": 2.2, ""Møre og Romsdal"": 2.5, ""Nordland Nordlánnda"": 1.9, ""Oslo (fylke)"": 2.1, ""Rogaland"": 1.4, ""Telemark"": 2.0, ""Troms Romsa Tromssa"": 2.5, ""Trøndelag Trööndelage"": 2.4, ""Vestfold"": 2.8, ""Vestland"": 1.9, ""Østfold"": 2.1}"
muskel_og_skjelettplager_lidelser_kontakt_med_primaerhelsetjenesten_ettaarige_tall,Alder = 45-74 år,2024-01-01,Antall,427.9,430.8,434.1642857142857,432.5,397.8,462.8,14,-0.3844087263667566,12,15,False,"{""Agder"": 432.2, ""Akershus"": 431.6, ""Buskerud"": 437.5, ""Finnmark Finnmárku Finmarkku"": 428.4, ""Hele landet"": 430.8, ""Innlandet"": 462.8, ""Møre og Romsdal"": 450.4, ""Nordland Nordlánnda"": 450.1, ""Oslo (fylke)"": 397.8, ""Rogaland"": 430.7, ""Telemark"": 427.9, ""Troms Romsa Tromssa"": 440.4, ""Trøndelag Trööndelage"": 432.8, ""Vestfold"": 426.1, ""Vestland"": 412.0, ""Østfold"": 445.5}"
sykehusinnlagte_sykdommer_og_skader,Alder = 45-74 år; Sykdomsgruppe = Hjerte og karsykdom,2025-01-01,Antall,20.9,21.0,21.37857142857143,20.9,19.1,24.7,14,-0.31110003998006724,10,15,False,"{""Agder"": 20.5, ""Akershus"": 20.2, ""Buskerud"": 20.9, ""Finnmark Finnmárku Finmarkku"": 23.5, ""Hele landet"": 21.0, ""Innlandet"": 20.9, ""Møre og Romsdal"": 22.3, ""Nordland Nordlánnda"": 24.7, ""Oslo (fylke)"": 20.6, ""Rogaland"": 19.8, ""Telemark"": 20.9, ""Troms Romsa Tromssa"": 23.0, ""Trøndelag Trööndelage"": 20.9, ""Vestfold"": 19.1, ""Vestland"": 20.9, ""Østfold"": 22.0}"
sykehusinnlagte_sykdommer_og_skader,Alder = 0-74 år; Sykdomsgruppe = Sykdom i muskel-skjelettsystemet og bindevev,2025-01-01,Antall,15.0,13.6,14.285714285714285,14.75,9.5,17.4,14,0.305048222784165,8,15,False,"{""Agder"": 13.8, ""Akershus"": 12.4, ""Buskerud"": 15.8, ""Finnmark Finnmárku Finmarkku"": 16.9, ""Hele landet"": 13.6, ""Innlandet"": 14.3, ""Møre og Romsdal"": 13.2, ""Nordland Nordlánnda"": 16.3, ""Oslo (fylke)"": 10.6, ""Rogaland"": 9.5, ""Telemark"": 15.0, ""Troms Romsa Tromssa"": 17.4, ""Trøndelag Trööndelage"": 13.1, ""Vestfold"": 15.3, ""Vestland"": 15.2, ""Østfold"": 16.2}"
psykiske_symptomer_og_lidelser_primaerhelsetjenesten_ettaarige_tall,Alder = 0-44 år; Sykdomsgruppe = Psykiske symptomer,2024-01-01,Antall,130.8,130.7,133.25714285714287,132.25,121.0,146.7,14,-0.3044551896670642,8,15,False,"{""Agder"": 145.0, ""Akershus"": 130.2, ""Buskerud"": 130.5, ""Finnmark Finnmárku Finmarkku"": 134.3, ""Hele landet"": 130.7, ""Innlandet"": 127.9, ""Møre og Romsdal"": 129.1, ""Nordland Nordlánnda"": 134.0, ""Oslo (fylke)"": 126.0, ""Rogaland"": 121.0, ""Telemark"": 130.8, ""Troms Romsa Tromssa"": 146.7, ""Trøndelag Trööndelage"": 135.7, ""Vestfold"": 141.9, ""Vestland"": 122.3, ""Østfold"": 141.0}"
sykehusinnlagte_sykdommer_og_skader,Alder = 75 år+; Sykdomsgruppe = Sykdom i muskel-skjelettsystemet og bindevev,2025-01-01,Antall,37.3,39.5,39.25,36.5,30.3,51.3,14,-0.2894998752462691,7,15,False,"{""Agder"": 32.2, ""Akershus"": 44.9, ""Buskerud"": 51.3, ""Finnmark Finnmárku Finmarkku"": 34.3, ""Hele landet"": 39.5, ""Innlandet"": 33.2, ""Møre og Romsdal"": 35.9, ""Nordland Nordlánnda"": 41.5, ""Oslo (fylke)"": 35.0, ""Rogaland"": 30.3, ""Telemark"": 37.3, ""Troms Romsa Tromssa"": 37.1, ""Trøndelag Trööndelage"": 34.3, ""Vestfold"": 47.0, ""Vestland"": 46.6, ""Østfold"": 45.9}"
sykehusinnlagte_sykdommer_og_skader,Alder = 0-74 år; Sykdomsgruppe = Hjerte og karsykdom,2025-01-01,Antall,9.5,9.5,9.7,9.55,8.8,11.2,14,-0.28913887004972694,9,15,False,"{""Agder"": 9.3, ""Akershus"": 9.0, ""Buskerud"": 9.4, ""Finnmark Finnmárku Finmarkku"": 10.5, ""Hele landet"": 9.5, ""Innlandet"": 9.5, ""Møre og Romsdal"": 10.2, ""Nordland Nordlánnda"": 11.2, ""Oslo (fylke)"": 9.2, ""Rogaland"": 9.0, ""Telemark"": 9.5, ""Troms Romsa Tromssa"": 10.5, ""Trøndelag Trööndelage"": 9.6, ""Vestfold"": 8.8, ""Vestland"": 9.6, ""Østfold"": 10.0}"
vedvarende_lavinntekt_etter_innvandringskategori_kommunegrense,Alder = Alle aldre; Innvandringsbakgrunn = øvrig befolkning,2023-01-01,Andel,0.059,0.062,0.06085714285714286,0.0605,0.051,0.08,14,-0.2752713173046697,11,15,False,"{""Agder"": 0.055, ""Akershus"": 0.065, ""Buskerud"": 0.059, ""Finnmark Finnmárku Finmarkku"": 0.064, ""Hele landet"": 0.062, ""Innlandet"": 0.055, ""Møre og Romsdal"": 0.059, ""Nordland Nordlánnda"": 0.057, ""Oslo (fylke)"": 0.08, ""Rogaland"": 0.061, ""Telemark"": 0.059, ""Troms Romsa Tromssa"": 0.061, ""Trøndelag Trööndelage"": 0.06, ""Vestfold"": 0.061, ""Vestland"": 0.064, ""Østfold"": 0.051}"
psykiske_symptomer_og_lidelser_primaerhelsetjenesten_ettaarige_tall,Alder = 25-44 år; Sykdomsgruppe = Psykiske symptomer og lidelser,2024-01-01,Antall,241.0,238.6,245.06428571428572,243.95,219.6,265.8,14,-0.2607029181735664,10,15,False,"{""Agder"": 263.4, ""Akershus"": 233.7, ""Buskerud"": 244.3, ""Finnmark Finnmárku Finmarkku"": 262.2, ""Hele landet"": 238.6, ""Innlandet"": 246.6, ""Møre og Romsdal"": 235.3, ""Nordland Nordlánnda"": 243.0, ""Oslo (fylke)"": 227.5, ""Rogaland"": 219.6, ""Telemark"": 241.0, ""Troms Romsa Tromssa"": 255.5, ""Trøndelag Trööndelage"": 243.6, ""Vestfold"": 265.2, ""Vestland"": 225.2, ""Østfold"": 265.8}"
muskel_og_skjelettplager_lidelser_kontakt_med_primaerhelsetjenesten_ettaarige_tall,Alder = 75-79 år,2024-01-01,Antall,453.4,457.5,456.38571428571424,458.0,425.8,476.9,14,-0.23185581404982905,10,15,False,"{""Agder"": 457.0, ""Akershus"": 459.4, ""Buskerud"": 459.7, ""Finnmark Finnmárku Finmarkku"": 425.8, ""Hele landet"": 457.5, ""Innlandet"": 476.9, ""Møre og Romsdal"": 470.4, ""Nordland Nordlánnda"": 469.4, ""Oslo (fylke)"": 440.9, ""Rogaland"": 459.0, ""Telemark"": 453.4, ""Troms Romsa Tromssa"": 449.9, ""Trøndelag Trööndelage"": 454.4, ""Vestfold"": 464.3, ""Vestland"": 449.9, ""Østfold"": 452.4}"
trivsel_10_klasse_treaarig,Totalt,2025-01-01,Andel,0.815,0.8290000000000001,0.8212857142857143,0.8245,0.759,0.868,14,-0.22930019988038464,11,15,False,"{""Agder"": 0.835, ""Akershus"": 0.847, ""Buskerud"": 0.843, ""Finnmark Finnmárku Finmarkku"": 0.759, ""Hele landet"": 0.8290000000000001, ""Innlandet"": 0.8290000000000001, ""Møre og Romsdal"": 0.82, ""Nordland Nordlánnda"": 0.787, ""Oslo (fylke)"": 0.868, ""Rogaland"": 0.8270000000000001, ""Telemark"": 0.815, ""Troms Romsa Tromssa"": 0.794, ""Trøndelag Trööndelage"": 0.815, ""Vestfold"": 0.8220000000000001, ""Vestland"": 0.8140000000000001, ""Østfold"": 0.838}"
sykehusinnlagte_sykdommer_og_skader,Alder = 75-79 år; Sykdomsgruppe = Sykdom i muskel-skjelettsystemet og bindevev,2025-01-01,Antall,43.7,42.5,42.121428571428574,39.55,32.8,59.4,14,0.19790942086095653,7,15,False,"{""Agder"": 35.8, ""Akershus"": 45.7, ""Buskerud"": 59.4, ""Finnmark Finnmárku Finmarkku"": 32.8, ""Hele landet"": 42.5, ""Innlandet"": 37.9, ""Møre og Romsdal"": 37.0, ""Nordland Nordlánnda"": 44.8, ""Oslo (fylke)"": 36.0, ""Rogaland"": 33.2, ""Telemark"": 43.7, ""Troms Romsa Tromssa"": 41.2, ""Trøndelag Trööndelage"": 36.6, ""Vestfold"": 47.6, ""Vestland"": 49.0, ""Østfold"": 52.7}"
leseferdigheter_treaarig_5_og_8_trinn,Klassetrinn = 8. trinn,2025-01-01,Andel,0.123,0.114,0.11985714285714284,0.121,0.087,0.163,14,0.18860791011304032,5,15,False,"{""Agder"": 0.127, ""Akershus"": 0.098, ""Buskerud"": 0.1119999999999999, ""Finnmark Finnmárku Finmarkku"": 0.163, ""Hele landet"": 0.114, ""Innlandet"": 0.118, ""Møre og Romsdal"": 0.124, ""Nordland Nordlánnda"": 0.121, ""Oslo (fylke)"": 0.087, ""Rogaland"": 0.1169999999999999, ""Telemark"": 0.123, ""Troms Romsa Tromssa"": 0.122, ""Trøndelag Trööndelage"": 0.121, ""Vestfold"": 0.12, ""Vestland"": 0.122, ""Østfold"": 0.126}"
sykehusinnlagte_sykdommer_og_skader,Alder = 0-44 år; Sykdomsgruppe = Hjerte og karsykdom,2025-01-01,Antall,2.1,2.0,2.057142857142857,2.1,1.7,2.4,14,0.1881797605377091,9,15,False,"{""Agder"": 2.0, ""Akershus"": 1.7, ""Buskerud"": 1.8, ""Finnmark Finnmárku Finmarkku"": 1.9, ""Hele landet"": 2.0, ""Innlandet"": 2.1, ""Møre og Romsdal"": 2.4, ""Nordland Nordlánnda"": 2.4, ""Oslo (fylke)"": 1.7, ""Rogaland"": 2.0, ""Telemark"": 2.1, ""Troms Romsa Tromssa"": 2.3, ""Trøndelag Trööndelage"": 2.1, ""Vestfold"": 2.1, ""Vestland"": 2.2, ""Østfold"": 2.1}"
sykehusinnlagte_sykdommer_og_skader,Alder = Alle aldre; Sykdomsgruppe = Sykdom i muskel-skjelettsystemet og bindevev,2025-01-01,Antall,17.1,16.1,16.642857142857142,17.1,11.5,19.2,14,0.1848421593953726,8,15,False,"{""Agder"": 15.5, ""Akershus"": 15.4, ""Buskerud"": 19.2, ""Finnmark Finnmárku Finmarkku"": 18.6, ""Hele landet"": 16.1, ""Innlandet"": 16.0, ""Møre og Romsdal"": 15.4, ""Nordland Nordlánnda"": 18.7, ""Oslo (fylke)"": 12.9, ""Rogaland"": 11.5, ""Telemark"": 17.1, ""Troms Romsa Tromssa"": 19.2, ""Trøndelag Trööndelage"": 15.1, ""Vestfold"": 18.3, ""Vestland"": 18.2, ""Østfold"": 19.0}"
overvekt_og_fedme_17_aar_fireaarig,Totalt,2025-01-01,Andel,0.217,0.209,0.2229285714285714,0.21949999999999995,0.161,0.299,14,-0.16726932070754996,9,15,False,"{""Agder"": 0.2319999999999999, ""Akershus"": 0.173, ""Buskerud"": 0.209, ""Finnmark Finnmárku Finmarkku"": 0.299, ""Hele landet"": 0.209, ""Innlandet"": 0.246, ""Møre og Romsdal"": 0.22, ""Nordland Nordlánnda"": 0.264, ""Oslo (fylke)"": 0.161, ""Rogaland"": 0.1989999999999999, ""Telemark"": 0.217, ""Troms Romsa Tromssa"": 0.246, ""Trøndelag Trööndelage"": 0.2189999999999999, ""Vestfold"": 0.207, ""Vestland"": 0.21, ""Østfold"": 0.236}"
psykiske_symptomer_og_lidelser_primaerhelsetjenesten_ettaarige_tall,Alder = 75-79 år; Sykdomsgruppe = Psykiske symptomer,2024-01-01,Antall,151.4,152.8,152.92142857142858,155.7,133.8,166.4,14,-0.15986221116002303,9,15,False,"{""Agder"": 157.0, ""Akershus"": 158.7, ""Buskerud"": 150.3, ""Finnmark Finnmárku Finmarkku"": 155.9, ""Hele landet"": 152.8, ""Innlandet"": 162.8, ""Møre og Romsdal"": 145.0, ""Nordland Nordlánnda"": 141.5, ""Oslo (fylke)"": 164.6, ""Rogaland"": 158.0, ""Telemark"": 151.4, ""Troms Romsa Tromssa"": 146.2, ""Trøndelag Trööndelage"": 145.2, ""Vestfold"": 166.4, ""Vestland"": 133.8, ""Østfold"": 155.5}"
psykiske_symptomer_og_lidelser_primaerhelsetjenesten_ettaarige_tall,Alder = 25-44 år; Sykdomsgruppe = Psykiske symptomer,2024-01-01,Antall,179.0,173.8,177.22857142857143,173.9,156.6,197.5,14,0.15094770842377941,7,15,False,"{""Agder"": 192.2, ""Akershus"": 173.9, ""Buskerud"": 172.7, ""Finnmark Finnmárku Finmarkku"": 182.3, ""Hele landet"": 173.8, ""Innlandet"": 172.6, ""Møre og Romsdal"": 169.8, ""Nordland Nordlánnda"": 173.9, ""Oslo (fylke)"": 168.9, ""Rogaland"": 156.6, ""Telemark"": 179.0, ""Troms Romsa Tromssa"": 197.5, ""Trøndelag Trööndelage"": 182.9, ""Vestfold"": 188.6, ""Vestland"": 161.6, ""Østfold"": 187.7}"
sykehusinnlagte_sykdommer_og_skader,Alder = 45-74 år; Sykdomsgruppe = Sykdom i muskel-skjelettsystemet og bindevev,2025-01-01,Antall,26.1,24.4,25.5,26.1,16.7,30.8,14,0.13911016298691314,8,15,False,"{""Agder"": 23.5, ""Akershus"": 22.7, ""Buskerud"": 30.4, ""Finnmark Finnmárku Finmarkku"": 29.2, ""Hele landet"": 24.4, ""Innlandet"": 25.6, ""Møre og Romsdal"": 23.5, ""Nordland Nordlánnda"": 28.3, ""Oslo (fylke)"": 19.0, ""Rogaland"": 16.7, ""Telemark"": 26.1, ""Troms Romsa Tromssa"": 30.8, ""Trøndelag Trööndelage"": 23.1, ""Vestfold"": 26.6, ""Vestland"": 27.4, ""Østfold"": 30.2}"
sykehusinnlagte_sykdommer_og_skader,Alder = 45-64 år; Sykdomsgruppe = Sykdom i muskel-skjelettsystemet og bindevev,2025-01-01,Antall,22.4,20.5,21.82142857142857,22.7,13.6,28.5,14,0.13554375808365415,9,15,False,"{""Agder"": 20.7, ""Akershus"": 18.0, ""Buskerud"": 23.2, ""Finnmark Finnmárku Finmarkku"": 27.2, ""Hele landet"": 20.5, ""Innlandet"": 22.5, ""Møre og Romsdal"": 20.5, ""Nordland Nordlánnda"": 25.2, ""Oslo (fylke)"": 14.9, ""Rogaland"": 13.6, ""Telemark"": 22.4, ""Troms Romsa Tromssa"": 28.5, ""Trøndelag Trööndelage"": 20.0, ""Vestfold"": 22.9, ""Vestland"": 23.4, ""Østfold"": 24.9}"
muskel_og_skjelettplager_lidelser_kontakt_med_primaerhelsetjenesten_ettaarige_tall,Alder = 0-74 år,2024-01-01,Antall,322.8,319.6,325.12142857142857,327.9,280.3,350.0,14,-0.1340153096321668,10,15,False,"{""Agder"": 328.2, ""Akershus"": 321.8, ""Buskerud"": 327.6, ""Finnmark Finnmárku Finmarkku"": 328.9, ""Hele landet"": 319.6, ""Innlandet"": 350.0, ""Møre og Romsdal"": 337.8, ""Nordland Nordlánnda"": 338.3, ""Oslo (fylke)"": 280.3, ""Rogaland"": 325.0, ""Telemark"": 322.8, ""Troms Romsa Tromssa"": 334.4, ""Trøndelag Trööndelage"": 321.7, ""Vestfold"": 319.2, ""Vestland"": 300.6, ""Østfold"": 337.9}"
barnevaksinasjonsprogrammet,Vaksine mot = Kikhoste,2024-01-01,Andel,0.946,0.949,0.9474285714285714,0.951,0.919,0.959,14,-0.13196616252936952,11,15,False,"{""Agder"": 0.952, ""Akershus"": 0.95, ""Buskerud"": 0.951, ""Finnmark Finnmárku Finmarkku"": 0.919, ""Hele landet"": 0.949, ""Innlandet"": 0.953, ""Møre og Romsdal"": 0.953, ""Nordland Nordlánnda"": 0.945, ""Oslo (fylke)"": 0.931, ""Rogaland"": 0.955, ""Telemark"": 0.946, ""Troms Romsa Tromssa"": 0.941, ""Trøndelag Trööndelage"": 0.957, ""Vestfold"": 0.947, ""Vestland"": 0.959, ""Østfold"": 0.951}"
psykiske_symptomer_og_lidelser_primaerhelsetjenesten_ettaarige_tall,Alder = 0-74 år; Sykdomsgruppe = Psykiske symptomer,2024-01-01,Antall,141.5,140.6,142.56428571428572,141.2,128.8,154.2,14,-0.13066897292038956,8,15,False,"{""Agder"": 154.2, ""Akershus"": 141.8, ""Buskerud"": 139.7, ""Finnmark Finnmárku Finmarkku"": 145.2, ""Hele landet"": 140.6, ""Innlandet"": 140.6, ""Møre og Romsdal"": 135.4, ""Nordland Nordlánnda"": 140.2, ""Oslo (fylke)"": 139.1, ""Rogaland"": 130.4, ""Telemark"": 141.5, ""Troms Romsa Tromssa"": 152.9, ""Trøndelag Trööndelage"": 143.0, ""Vestfold"": 153.8, ""Vestland"": 128.8, ""Østfold"": 150.8}"
sykehusinnlagte_sykdommer_og_skader,Alder = 75 år+; Sykdomsgruppe = KOLS,2025-01-01,Antall,8.4,8.7,8.521428571428572,8.75,6.9,10.1,14,-0.11853006632081543,10,15,False,"{""Agder"": 7.1, ""Akershus"": 7.2, ""Buskerud"": 9.1, ""Finnmark Finnmárku Finmarkku"": 6.9, ""Hele landet"": 8.7, ""Innlandet"": 8.8, ""Møre og Romsdal"": 7.9, ""Nordland Nordlánnda"": 8.9, ""Oslo (fylke)"": 8.5, ""Rogaland"": 9.4, ""Telemark"": 8.4, ""Troms Romsa Tromssa"": 7.6, ""Trøndelag Trööndelage"": 10.1, ""Vestfold"": 8.7, ""Vestland"": 9.4, ""Østfold"": 9.7}"
sykehusinnlagte_sykdommer_og_skader,Alder = 0-24 år; Sykdomsgruppe = Sykdom i muskel-skjelettsystemet og bindevev,2025-01-01,Antall,4.1,4.0,4.178571428571429,4.1,3.0,5.2,14,-0.11466854712638264,9,15,False,"{""Agder"": 3.7, ""Akershus"": 3.6, ""Buskerud"": 3.5, ""Finnmark Finnmárku Finmarkku"": 5.2, ""Hele landet"": 4.0, ""Innlandet"": 4.8, ""Møre og Romsdal"": 4.1, ""Nordland Nordlánnda"": 5.2, ""Oslo (fylke)"": 3.6, ""Rogaland"": 3.0, ""Telemark"": 4.1, ""Troms Romsa Tromssa"": 4.9, ""Trøndelag Trööndelage"": 4.1, ""Vestfold"": 4.7, ""Vestland"": 4.2, ""Østfold"": 3.9}"
kreft_nye_tilfeller_tiaarige_tall,Krefttyper = Lungekreft,2025-01-01,Antall,63.9,62.5,64.74285714285715,62.1,55.2,81.4,14,-0.11117842102363107,7,15,False,"{""Agder"": 72.1, ""Akershus"": 55.8, ""Buskerud"": 59.5, ""Finnmark Finnmárku Finmarkku"": 81.4, ""Hele landet"": 62.5, ""Innlandet"": 61.2, ""Møre og Romsdal"": 62.6, ""Nordland Nordlánnda"": 70.6, ""Oslo (fylke)"": 55.2, ""Rogaland"": 68.2, ""Telemark"": 63.9, ""Troms Romsa Tromssa"": 71.1, ""Trøndelag Trööndelage"": 57.8, ""Vestfold"": 59.4, ""Vestland"": 61.6, ""Østfold"": 69.9}"
inntektsulikhet,Totalt,2024-01-01,Antall,2.7,2.8,2.7214285714285715,2.6500000000000004,2.6,3.4,14,-0.09944903161976905,8,15,False,"{""Agder"": 2.6, ""Akershus"": 2.9, ""Buskerud"": 2.7, ""Finnmark Finnmárku Finmarkku"": 2.7, ""Hele landet"": 2.8, ""Innlandet"": 2.6, ""Møre og Romsdal"": 2.6, ""Nordland Nordlánnda"": 2.6, ""Oslo (fylke)"": 3.4, ""Rogaland"": 2.8, ""Telemark"": 2.7, ""Troms Romsa Tromssa"": 2.6, ""Trøndelag Trööndelage"": 2.6, ""Vestfold"": 2.7, ""Vestland"": 2.7, ""Østfold"": 2.6}"
sykehusinnlagte_sykdommer_og_skader,Alder = 65-74 år; Sykdomsgruppe = Sykdom i muskel-skjelettsystemet og bindevev,2025-01-01,Antall,35.6,34.5,35.035714285714285,34.7,24.6,48.5,14,0.09494530798452708,7,15,False,"{""Agder"": 30.7, ""Akershus"": 35.2, ""Buskerud"": 48.5, ""Finnmark Finnmárku Finmarkku"": 34.2, ""Hele landet"": 34.5, ""Innlandet"": 33.8, ""Møre og Romsdal"": 31.3, ""Nordland Nordlánnda"": 36.7, ""Oslo (fylke)"": 29.8, ""Rogaland"": 24.6, ""Telemark"": 35.6, ""Troms Romsa Tromssa"": 37.0, ""Trøndelag Trööndelage"": 30.9, ""Vestfold"": 36.4, ""Vestland"": 37.8, ""Østfold"": 43.6}"
sykehusinnlagte_sykdommer_og_skader,Alder = 65-74 år; Sykdomsgruppe = Hjerte og karsykdom,2025-01-01,Antall,38.0,37.7,38.2,37.400000000000006,35.9,42.8,14,-0.09294016222362148,7,15,False,"{""Agder"": 36.4, ""Akershus"": 36.5, ""Buskerud"": 37.6, ""Finnmark Finnmárku Finmarkku"": 40.9, ""Hele landet"": 37.7, ""Innlandet"": 36.7, ""Møre og Romsdal"": 39.4, ""Nordland Nordlánnda"": 42.8, ""Oslo (fylke)"": 38.7, ""Rogaland"": 35.9, ""Telemark"": 38.0, ""Troms Romsa Tromssa"": 39.9, ""Trøndelag Trööndelage"": 37.2, ""Vestfold"": 36.0, ""Vestland"": 36.5, ""Østfold"": 40.3}"
vedvarende_lavinntekt_etter_innvandringskategori_kommunegrense,Alder = Alle aldre; Innvandringsbakgrunn = total,2023-01-01,Andel,0.091,0.095,0.08964285714285712,0.08549999999999999,0.073,0.145,14,0.07804298693381534,5,15,False,"{""Agder"": 0.084, ""Akershus"": 0.1009999999999999, ""Buskerud"": 0.091, ""Finnmark Finnmárku Finmarkku"": 0.084, ""Hele landet"": 0.095, ""Innlandet"": 0.078, ""Møre og Romsdal"": 0.08, ""Nordland Nordlánnda"": 0.073, ""Oslo (fylke)"": 0.145, ""Rogaland"": 0.092, ""Telemark"": 0.091, ""Troms Romsa Tromssa"": 0.08, ""Trøndelag Trööndelage"": 0.0819999999999999, ""Vestfold"": 0.088, ""Vestland"": 0.09, ""Østfold"": 0.087}"
sykehusinnlagte_sykdommer_og_skader,Alder = 0-14 år; Sykdomsgruppe = Forgiftninger,2025-01-01,Antall,0.3,0.3,0.30833333333333335,0.3,0.2,0.5,12,-0.07690239589651088,9,13,False,"{""Agder"": 0.3, ""Akershus"": 0.2, ""Buskerud"": 0.3, ""Finnmark Finnmárku Finmarkku"": null, ""Hele landet"": 0.3, ""Innlandet"": 0.4, ""Møre og Romsdal"": 0.5, ""Nordland Nordlánnda"": 0.5, ""Oslo (fylke)"": 0.2, ""Rogaland"": 0.3, ""Telemark"": 0.3, ""Troms Romsa Tromssa"": null, ""Trøndelag Trööndelage"": 0.2, ""Vestfold"": 0.3, ""Vestland"": 0.3, ""Østfold"": 0.2}"
barnevaksinasjonsprogrammet,Vaksine mot = Poliomyelitt,2024-01-01,Andel,0.949,0.95,0.9482142857142857,0.952,0.92,0.96,14,0.0725117261933825,10,15,False,"{""Agder"": 0.954, ""Akershus"": 0.951, ""Buskerud"": 0.953, ""Finnmark Finnmárku Finmarkku"": 0.92, ""Hele landet"": 0.95, ""Innlandet"": 0.954, ""Møre og Romsdal"": 0.955, ""Nordland Nordlánnda"": 0.945, ""Oslo (fylke)"": 0.932, ""Rogaland"": 0.955, ""Telemark"": 0.949, ""Troms Romsa Tromssa"": 0.943, ""Trøndelag Trööndelage"": 0.958, ""Vestfold"": 0.946, ""Vestland"": 0.96, ""Østfold"": 0.949}"
psykiske_symptomer_og_lidelser_primaerhelsetjenesten_ettaarige_tall,Alder = 45-74 år; Sykdomsgruppe = Psykiske symptomer,2024-01-01,Antall,157.7,155.8,157.00714285714287,159.45,138.5,171.7,14,0.07222963507521092,9,15,False,"{""Agder"": 168.4, ""Akershus"": 159.7, ""Buskerud"": 153.9, ""Finnmark Finnmárku Finmarkku"": 161.7, ""Hele landet"": 155.8, ""Innlandet"": 159.2, ""Møre og Romsdal"": 145.4, ""Nordland Nordlánnda"": 150.5, ""Oslo (fylke)"": 161.4, ""Rogaland"": 145.0, ""Telemark"": 157.7, ""Troms Romsa Tromssa"": 162.5, ""Trøndelag Trööndelage"": 154.0, ""Vestfold"": 171.7, ""Vestland"": 138.5, ""Østfold"": 166.2}"
sykehusinnlagte_sykdommer_og_skader,Alder = 25-44 år; Sykdomsgruppe = Hjerte og karsykdom,2025-01-01,Antall,3.2,3.2,3.2214285714285715,3.25,2.7,3.8,14,-0.0638642672784521,10,15,False,"{""Agder"": 3.3, ""Akershus"": 2.7, ""Buskerud"": 2.8, ""Finnmark Finnmárku Finmarkku"": 2.9, ""Hele landet"": 3.2, ""Innlandet"": 3.3, ""Møre og Romsdal"": 3.8, ""Nordland Nordlánnda"": 3.7, ""Oslo (fylke)"": 2.8, ""Rogaland"": 3.2, ""Telemark"": 3.2, ""Troms Romsa Tromssa"": 3.5, ""Trøndelag Trööndelage"": 3.4, ""Vestfold"": 3.2, ""Vestland"": 3.4, ""Østfold"": 3.1}"
doedsaarsaker_tiaarig,Dødsårsak = Kreft,2024-01-01,Antall,206.1,204.5,206.54285714285714,207.95,190.5,221.1,14,-0.049184067618502955,9,15,False,"{""Agder"": 215.7, ""Akershus"": 190.5, ""Buskerud"": 207.0, ""Finnmark Finnmárku Finmarkku"": 221.1, ""Hele landet"": 204.5, ""Innlandet"": 209.2, ""Møre og Romsdal"": 197.4, ""Nordland Nordlánnda"": 211.1, ""Oslo (fylke)"": 196.0, ""Rogaland"": 208.9, ""Telemark"": 206.1, ""Troms Romsa Tromssa"": 205.5, ""Trøndelag Trööndelage"": 196.5, ""Vestfold"": 215.4, ""Vestland"": 202.2, ""Østfold"": 215.1}"
barnevaksinasjonsprogrammet,Vaksine mot = Difteri,2024-01-01,Andel,0.95,0.951,0.9495,0.9524999999999999,0.922,0.961,14,0.04594643647072211,10,15,False,"{""Agder"": 0.955, ""Akershus"": 0.952, ""Buskerud"": 0.953, ""Finnmark Finnmárku Finmarkku"": 0.922, ""Hele landet"": 0.951, ""Innlandet"": 0.955, ""Møre og Romsdal"": 0.956, ""Nordland Nordlánnda"": 0.947, ""Oslo (fylke)"": 0.932, ""Rogaland"": 0.957, ""Telemark"": 0.95, ""Troms Romsa Tromssa"": 0.943, ""Trøndelag Trööndelage"": 0.96, ""Vestfold"": 0.948, ""Vestland"": 0.961, ""Østfold"": 0.952}"
muskel_og_skjelettplager_lidelser_kontakt_med_primaerhelsetjenesten_ettaarige_tall,Alder = 0-44 år,2024-01-01,Antall,255.4,247.1,254.85,258.5,207.7,278.3,14,0.030441523082409657,10,15,False,"{""Agder"": 260.7, ""Akershus"": 250.4, ""Buskerud"": 256.3, ""Finnmark Finnmárku Finmarkku"": 265.3, ""Hele landet"": 247.1, ""Innlandet"": 278.3, ""Møre og Romsdal"": 264.8, ""Nordland Nordlánnda"": 266.2, ""Oslo (fylke)"": 207.7, ""Rogaland"": 255.8, ""Telemark"": 255.4, ""Troms Romsa Tromssa"": 265.7, ""Trøndelag Trööndelage"": 249.5, ""Vestfold"": 250.1, ""Vestland"": 228.2, ""Østfold"": 268.9}"
sykehusinnlagte_sykdommer_og_skader,Alder = 15-24 år; Sykdomsgruppe = Sykdom i muskel-skjelettsystemet og bindevev,2025-01-01,Antall,6.8,6.4,6.807142857142857,6.3,5.0,9.3,14,-0.005336611110393925,7,15,False,"{""Agder"": 5.9, ""Akershus"": 5.8, ""Buskerud"": 5.8, ""Finnmark Finnmárku Finmarkku"": 8.9, ""Hele landet"": 6.4, ""Innlandet"": 8.1, ""Møre og Romsdal"": 6.1, ""Nordland Nordlánnda"": 9.3, ""Oslo (fylke)"": 5.4, ""Rogaland"": 5.0, ""Telemark"": 6.8, ""Troms Romsa Tromssa"": 8.1, ""Trøndelag Trööndelage"": 6.3, ""Vestfold"": 7.2, ""Vestland"": 7.1, ""Østfold"": 6.3}"
